ts_code,symbol,name,industry,market,list_date,circ_mv,turnover_rate_f
000001.SZ,000001,平安银行,银行,主板,1991-04-03,23694259.0017,6.6544
000002.SZ,000002,万科A,全国地产,主板,1991-01-29,9444861.6608,8.9545
000009.SZ,000009,中国宝安,电气设备,主板,1991-06-25,2451924.5414,4.2302
000012.SZ,000012,南玻A,玻璃,主板,1992-02-28,1132463.6348,6.0501
000021.SZ,000021,深科技,元器件,主板,1994-02-02,2579380.3976,11.3754
000027.SZ,000027,深圳能源,火力发电,主板,1993-09-03,3325415.5513,6.698
000028.SZ,000028,国药一致,医药商业,主板,1993-08-09,1512083.8942,8.5966
000029.SZ,000029,深深房A,区域地产,主板,1993-09-15,1477480.62,21.4483
000030.SZ,000030,富奥股份,汽车配件,主板,1993-09-29,898563.2238,5.4315
000031.SZ,000031,大悦城,全国地产,主板,1993-10-08,1344970.0888,7.0777
000032.SZ,000032,深桑达A,建筑工程,主板,1993-10-28,1116086.1568,14.0512
000034.SZ,000034,神州数码,软件服务,主板,1994-05-09,1694468.8966,12.2737
000035.SZ,000035,中国天楹,环境保护,主板,1994-04-08,1239652.9425,3.71
000039.SZ,000039,中集集团,运输设备,主板,1994-04-08,2068965.0198,3.8523
000048.SZ,000048,京基智农,区域地产,主板,1994-11-01,847647.585,4.7395
000049.SZ,000049,德赛电池,电气设备,主板,1995-03-20,1004691.0869,10.3811
000050.SZ,000050,深天马A,元器件,主板,1995-03-15,1988294.7406,4.7033
000059.SZ,000059,华锦股份,石油加工,主板,1997-01-30,764533.5327,6.0189
000060.SZ,000060,中金岭南,铅锌,主板,1997-01-23,1853702.6739,6.2137
000061.SZ,000061,农产品,农业综合,主板,1997-01-10,1074158.5928,4.0525
000062.SZ,000062,深圳华强,元器件,主板,1997-01-30,3069551.4557,42.4166
000063.SZ,000063,中兴通讯,通信设备,主板,1997-11-18,12544386.8296,9.3525
000065.SZ,000065,北方国际,建筑工程,主板,1998-06-05,962009.5406,8.5442
000066.SZ,000066,中国长城,IT设备,主板,1997-06-26,3266371.4215,5.7538
000069.SZ,000069,华侨城A,全国地产,主板,1997-09-10,2013227.1148,0.6481
000088.SZ,000088,盐田港,港口,主板,1997-07-28,1149308.2267,4.9659
000089.SZ,000089,深圳机场,机场,主板,1998-04-20,1453976.3637,6.633
000090.SZ,000090,天健集团,建筑工程,主板,1999-07-21,837070.0504,10.3988
000099.SZ,000099,中信海直,空运,主板,2000-07-31,1449914.3861,25.4903
000100.SZ,000100,TCL科技,元器件,主板,2004-01-30,8288942.8397,4.2932
000155.SZ,000155,川能动力,新型电力,主板,2000-09-26,1523889.7773,5.4909
000156.SZ,000156,华数传媒,影视音像,主板,2000-09-06,1213576.4204,3.6671
000157.SZ,000157,中联重科,工程机械,主板,2000-10-12,5359446.6278,4.3585
000158.SZ,000158,常山北明,软件服务,主板,2000-07-24,2094333.0104,37.3996
000166.SZ,000166,申万宏源,证券,主板,2015-01-26,12890310.1848,5.6747
000301.SZ,000301,东方盛虹,化纤,主板,2000-05-29,5101226.93,1.9444
000333.SZ,000333,美的集团,家用电器,主板,2013-09-18,52328737.7683,2.657
000338.SZ,000338,潍柴动力,汽车配件,主板,2007-04-30,7886061.2985,3.9226
000400.SZ,000400,许继电气,电气设备,主板,1997-04-18,3447447.1365,5.7673
000401.SZ,000401,冀东水泥,水泥,主板,1996-06-14,863393.3626,4.0629
000402.SZ,000402,金融街,全国地产,主板,1996-06-26,1045880.4657,0.9081
000403.SZ,000403,派林生物,生物制药,主板,1996-06-28,1699996.1096,4.8869
000408.SZ,000408,藏格矿业,农药化肥,主板,1996-06-28,4543703.3974,3.8622
000415.SZ,000415,渤海租赁,多元金融,主板,1996-07-16,1633991.8905,6.7332
000422.SZ,000422,湖北宜化,农药化肥,主板,1996-08-15,1449522.1709,8.3462
000423.SZ,000423,东阿阿胶,中成药,主板,1996-07-29,3973337.0041,5.3188
000425.SZ,000425,徐工机械,工程机械,主板,1996-08-28,6309311.7047,3.038
000426.SZ,000426,兴业银锡,铅锌,主板,1996-08-28,2232171.6056,5.7058
000429.SZ,000429,粤高速A,路桥,主板,1998-02-20,1483189.433,8.5384
000498.SZ,000498,山东路桥,建筑工程,主板,1997-06-09,889320.3993,8.0764
000503.SZ,000503,国新健康,软件服务,主板,1992-11-30,892074.1335,7.0424
000513.SZ,000513,丽珠集团,化学制药,主板,1993-10-28,2437449.0806,4.1623
000516.SZ,000516,国际医学,医疗保健,主板,1993-08-09,1208419.349,5.8935
000519.SZ,000519,中兵红箭,专用机械,主板,1993-10-08,2049846.8215,10.2249
000521.SZ,000521,长虹美菱,家用电器,主板,1993-10-18,953993.4471,10.7129
000526.SZ,000526,学大教育,文教休闲,主板,1993-11-01,750887.7733,6.0968
000528.SZ,000528,柳工,工程机械,主板,1993-11-18,1800862.9013,4.6486
000536.SZ,000536,华映科技,元器件,主板,1993-11-26,917343.3953,23.1346
000537.SZ,000537,中绿电,新型电力,主板,1993-12-10,1840170.4714,5.9367
000538.SZ,000538,云南白药,中成药,主板,1993-12-15,10793340.2135,5.0825
000539.SZ,000539,粤电力A,火力发电,主板,1993-11-26,1289717.8077,9.0935
000543.SZ,000543,皖能电力,火力发电,主板,1993-12-20,1886030.2914,12.8505
000544.SZ,000544,中原环保,环境保护,主板,1993-12-08,820684.3389,7.9961
000547.SZ,000547,航天发展,通信设备,主板,1993-11-30,1240501.8936,6.94
000550.SZ,000550,江铃汽车,汽车整车,主板,1993-12-01,1452733.7743,19.389
000552.SZ,000552,甘肃能化,煤炭开采,主板,1994-01-06,1117732.1955,8.86
000553.SZ,000553,安道麦A,农药化肥,主板,1993-12-03,1223511.9131,5.1824
000555.SZ,000555,神州信息,软件服务,主板,1994-04-08,1101604.3287,14.6497
000559.SZ,000559,万向钱潮,汽车配件,主板,1994-01-10,1850116.1218,4.9679
000560.SZ,000560,我爱我家,房产服务,主板,1994-02-02,843471.8754,26.4272
000563.SZ,000563,陕国投A,多元金融,主板,1994-01-10,1912624.9139,16.3186
000567.SZ,000567,海德股份,多元金融,主板,1994-05-25,1349351.9448,16.1703
000568.SZ,000568,泸州老窖,白酒,主板,1994-05-09,21963317.9099,4.3964
000581.SZ,000581,威孚高科,汽车配件,主板,1998-09-24,1579224.8262,5.5219
000582.SZ,000582,北部湾港,港口,主板,1995-11-02,1160215.8481,7.6832
000589.SZ,000589,贵州轮胎,汽车配件,主板,1996-03-08,833908.5897,10.1359
000591.SZ,000591,太阳能,新型电力,主板,1996-02-08,1842388.9572,5.9147
000596.SZ,000596,古井贡酒,白酒,主板,1996-09-27,8295397.2,2.8866
000598.SZ,000598,兴蓉环境,水务,主板,1996-05-29,2159790.9914,8.0452
000603.SZ,000603,盛达资源,铅锌,主板,1996-08-23,827296.7356,10.3889
000612.SZ,000612,焦作万方,铝,主板,1996-09-26,837568.3612,12.8697
000617.SZ,000617,中油资本,多元金融,主板,1996-10-22,9317212.2812,16.6497
000623.SZ,000623,吉林敖东,中成药,主板,1996-10-28,2065011.3339,9.9704
000625.SZ,000625,长安汽车,汽车整车,主板,1997-06-10,12220101.0599,11.3874
000627.SZ,000627,天茂集团,保险,主板,1996-11-12,1688979.0452,21.7514
000628.SZ,000628,高新发展,建筑工程,主板,1996-11-18,950433.1659,21.1424
000629.SZ,000629,钒钛股份,小金属,主板,1996-11-15,2712664.7327,6.0488
000630.SZ,000630,铜陵有色,铜,主板,1996-11-20,4063215.1681,7.6006
000636.SZ,000636,风华高科,元器件,主板,1996-11-29,1828080.8734,5.8664
000650.SZ,000650,仁和药业,中成药,主板,1996-12-10,850755.5479,7.9837
000651.SZ,000651,格力电器,家用电器,主板,1996-11-18,26584869.3513,3.2727
000657.SZ,000657,中钨高新,小金属,主板,1996-12-05,1223575.5916,7.8565
000661.SZ,000661,长春高新,生物制药,主板,1996-12-18,4376684.3156,5.2133
000676.SZ,000676,智度股份,互联网,主板,1996-12-24,989543.6495,22.4423
000680.SZ,000680,山推股份,工程机械,主板,1997-01-22,1097409.0467,6.687
000681.SZ,000681,视觉中国,互联网,主板,1997-01-21,899111.6447,8.0494
000682.SZ,000682,东方电子,电气设备,主板,1997-01-21,1595307.6418,5.8021
000683.SZ,000683,远兴能源,化工原料,主板,1997-01-31,2212698.2055,4.6426
000685.SZ,000685,中山公用,水务,主板,1997-01-23,1133581.7935,10.6449
000686.SZ,000686,东北证券,证券,主板,1997-02-27,1919171.3903,7.9401
000688.SZ,000688,国城矿业,铅锌,主板,1997-01-20,1362469.6455,4.3329
000690.SZ,000690,宝新能源,火力发电,主板,1997-01-28,1065490.7631,5.027
000703.SZ,000703,恒逸石化,化纤,主板,1997-03-28,2556782.3299,2.055
000708.SZ,000708,中信特钢,特种钢,主板,1997-03-26,6884321.5506,4.8716
000709.SZ,000709,河钢股份,普钢,主板,1997-04-16,2294461.5524,6.3731
000712.SZ,000712,锦龙股份,证券,主板,1997-04-15,1311397.6434,23.2165
000719.SZ,000719,中原传媒,出版业,主板,1997-03-31,827930.1009,11.271
000723.SZ,000723,美锦能源,焦炭加工,主板,1997-05-15,2229799.1973,4.2085
000725.SZ,000725,京东方A,元器件,主板,2001-01-12,16473159.4774,4.9622
000727.SZ,000727,冠捷科技,元器件,主板,1997-05-20,1073507.3743,6.8169
000728.SZ,000728,国元证券,证券,主板,1997-06-16,3870670.9893,7.8504
000729.SZ,000729,燕京啤酒,啤酒,主板,1997-07-16,2823307.5004,4.2371
000733.SZ,000733,振华科技,元器件,主板,1997-07-03,2418332.0668,6.7801
000737.SZ,000737,北方铜业,铜,主板,1997-04-28,756779.5889,21.5616
000738.SZ,000738,航发控制,航空,主板,1997-06-26,2886828.8822,4.1526
000739.SZ,000739,普洛药业,化学制药,主板,1997-05-09,2015120.5102,4.0087
000750.SZ,000750,国海证券,证券,主板,1997-07-09,2799566.5209,1.4766
000756.SZ,000756,新华制药,化学制药,主板,1997-08-06,756184.7983,12.3596
000758.SZ,000758,中色股份,铅锌,主板,1997-04-16,1020104.8561,8.2192
000762.SZ,000762,西藏矿业,小金属,主板,1997-07-08,1223360.6517,12.5316
000766.SZ,000766,通化金马,化学制药,主板,1997-04-30,1596810.6967,7.0587
000768.SZ,000768,中航西飞,航空,主板,1997-06-26,7641460.396,4.1323
000776.SZ,000776,广发证券,证券,主板,1997-06-11,9885216.7449,11.1542
000778.SZ,000778,新兴铸管,钢加工,主板,1997-06-06,1488378.0176,6.5262
000783.SZ,000783,长江证券,证券,主板,1997-07-31,3992712.6685,9.7799
000786.SZ,000786,北新建材,其他建材,主板,1997-06-06,5383816.9999,4.1133
000791.SZ,000791,甘肃能源,水力发电,主板,1997-10-14,1056346.3581,10.6877
000792.SZ,000792,盐湖股份,农药化肥,主板,1997-09-04,10083257.0948,3.6023
000795.SZ,000795,英洛华,矿物制品,主板,1997-08-08,730092.5623,6.5085
000799.SZ,000799,酒鬼酒,白酒,主板,1997-07-18,1679557.8976,1.2532
000800.SZ,000800,一汽解放,汽车整车,主板,1997-06-18,4284954.8802,5.9065
000801.SZ,000801,四川九洲,家用电器,主板,1998-05-06,1059627.6853,11.2223
000807.SZ,000807,云铝股份,铝,主板,1998-04-08,5129023.5809,4.2063
000810.SZ,000810,创维数字,家用电器,主板,1998-06-02,1238291.5471,17.9949
000811.SZ,000811,冰轮环境,工程机械,主板,1998-05-28,768949.1711,5.6385
000818.SZ,000818,航锦科技,化工原料,主板,1997-10-17,1331026.941,5.9324
000821.SZ,000821,京山轻机,电气设备,主板,1998-06-26,752336.0222,10.3896
000825.SZ,000825,太钢不锈,特种钢,主板,1998-10-21,2244321.6316,6.1339
000828.SZ,000828,东莞控股,路桥,主板,1997-06-17,1155941.3939,18.1222
000829.SZ,000829,天音控股,其他商业,主板,1997-12-02,1091722.2272,11.7837
000830.SZ,000830,鲁西化工,化工原料,主板,1998-08-07,2381353.8515,5.8599
000831.SZ,000831,中国稀土,小金属,主板,1998-09-11,3004316.1046,8.5788
000837.SZ,000837,秦川机床,机床制造,主板,1998-09-28,838861.7386,8.6991
000848.SZ,000848,承德露露,软饮料,主板,1997-11-13,885677.4896,7.4012
000858.SZ,000858,五粮液,白酒,主板,1998-04-27,63078677.5147,5.6362
000860.SZ,000860,顺鑫农业,白酒,主板,1998-11-04,1487984.5799,13.638
000869.SZ,000869,张裕A,红黄酒,主板,2000-10-26,1151551.7514,6.1371
000875.SZ,000875,吉电股份,火力发电,主板,2002-09-26,1534481.4645,6.6262
000876.SZ,000876,新希望,饲料,主板,1998-03-11,4696148.3445,4.2905
000877.SZ,000877,天山股份,水泥,主板,1999-01-07,1038620.1688,2.2671
000878.SZ,000878,云南铜业,铜,主板,1998-06-02,2788995.8407,7.4992
000883.SZ,000883,湖北能源,水力发电,主板,1998-05-19,3460189.9464,4.8527
000885.SZ,000885,城发环境,环境保护,主板,1999-03-19,812228.9926,7.1215
000887.SZ,000887,中鼎股份,汽车配件,主板,1998-12-03,1836175.7394,4.9477
000888.SZ,000888,峨眉山A,旅游景点,主板,1997-10-21,745055.1262,19.5592
000893.SZ,000893,亚钾国际,农药化肥,主板,1998-12-24,1557105.4259,5.5393
000895.SZ,000895,双汇发展,食品,主板,1998-12-10,9384311.2225,5.023
000898.SZ,000898,鞍钢股份,普钢,主板,1997-12-25,1957489.095,6.6679
000899.SZ,000899,赣能股份,火力发电,主板,1997-11-26,881037.0173,16.071
000901.SZ,000901,航天科技,汽车配件,主板,1999-04-01,906747.6808,24.691
000902.SZ,000902,新洋丰,农药化肥,主板,1999-04-08,1542756.0186,4.8071
000913.SZ,000913,钱江摩托,摩托车,主板,1999-05-14,885261.744,7.6863
000915.SZ,000915,华特达因,化学制药,主板,1999-06-09,760939.3065,7.8132
000917.SZ,000917,电广传媒,广告包装,主板,1999-03-25,904339.0736,10.767
000921.SZ,000921,海信家电,家用电器,主板,1999-07-13,3237001.2109,6.681
000923.SZ,000923,河钢资源,普钢,主板,1999-07-14,1058004.3034,8.0846
000927.SZ,000927,中国铁物,仓储物流,主板,1999-07-27,1681997.4615,5.9068
000928.SZ,000928,中钢国际,建筑工程,主板,1999-03-12,932507.5962,9.7815
000930.SZ,000930,中粮科技,农业综合,主板,1999-07-12,1074757.9192,6.1478
000932.SZ,000932,华菱钢铁,普钢,主板,1999-08-03,3247016.894,8.1621
000933.SZ,000933,神火股份,铝,主板,1999-08-31,4504323.4698,5.1822
000935.SZ,000935,四川双马,水泥,主板,1999-08-24,1052784.2192,6.8103
000937.SZ,000937,冀中能源,煤炭开采,主板,1999-09-09,1935795.4948,8.0153
000938.SZ,000938,紫光股份,IT设备,主板,1999-11-04,6904232.8158,9.8071
000950.SZ,000950,重药控股,医药商业,主板,1999-09-16,995434.3849,7.9737
000951.SZ,000951,中国重汽,汽车整车,主板,1999-11-25,2041922.9477,6.0884
000959.SZ,000959,首钢股份,普钢,主板,1999-12-16,2212469.64,7.4966
000960.SZ,000960,锡业股份,小金属,主板,2000-02-21,2682657.1818,6.9345
000963.SZ,000963,华东医药,化学制药,主板,2000-01-27,6126413.054,4.5896
000966.SZ,000966,长源电力,火力发电,主板,2000-03-16,1327925.2786,6.9292
000967.SZ,000967,盈峰环境,环境保护,主板,2000-03-30,1481423.0362,3.8622
000969.SZ,000969,安泰科技,小金属,主板,2000-05-29,1003428.3384,7.1757
000970.SZ,000970,中科三环,矿物制品,主板,2000-04-20,1171959.6452,5.3071
000975.SZ,000975,山金国际,黄金,主板,2000-06-08,4628476.8311,9.2958
000977.SZ,000977,浪潮信息,IT设备,主板,2000-06-08,6102078.5853,17.3036
000983.SZ,000983,山西焦煤,煤炭开采,主板,2000-07-26,4436044.1337,3.962
000987.SZ,000987,越秀资本,多元金融,主板,2000-07-18,3455494.6365,8.7665
000988.SZ,000988,华工科技,专用机械,主板,2000-06-08,3509409.9142,7.2751
000990.SZ,000990,诚志股份,化工原料,主板,2000-07-06,996494.0407,8.942
000997.SZ,000997,新大陆,IT设备,主板,2000-08-07,1756103.9294,6.0532
000998.SZ,000998,隆平高科,种植业,主板,2000-12-11,1500472.673,7.9826
000999.SZ,000999,华润三九,中成药,主板,2000-03-09,6073613.4227,5.0692
001203.SZ,001203,大中矿业,普钢,主板,2021-05-10,1137602.6716,6.1205
001213.SZ,001213,中铁特货,铁路,主板,2021-09-08,1937777.7776,9.6668
001227.SZ,001227,兰州银行,银行,主板,2022-01-17,730784.123,12.0106
001286.SZ,001286,陕西能源,火力发电,主板,2023-04-10,1149750.0,7.6808
001287.SZ,001287,中电港,元器件,主板,2023-04-10,859917.5831,15.122
001301.SZ,001301,尚太科技,电气设备,主板,2022-12-28,841384.9808,4.0174
001309.SZ,001309,德明利,半导体,主板,2022-07-01,721565.3119,14.8992
001337.SZ,001337,四川黄金,黄金,主板,2023-03-03,726620.664,11.971
001696.SZ,001696,宗申动力,摩托车,主板,1997-03-06,1314726.0944,20.9188
001872.SZ,001872,招商港口,港口,主板,1993-05-05,3957112.888,6.9288
001914.SZ,001914,招商积余,房产服务,主板,1994-09-28,1214092.4602,8.7112
001965.SZ,001965,招商公路,路桥,主板,2017-12-25,8586804.779,5.0127
001979.SZ,001979,招商蛇口,全国地产,主板,2015-12-30,10195108.3775,8.0052
002001.SZ,002001,新和成,化学制药,主板,2004-06-25,6894001.0922,5.5733
002003.SZ,002003,伟星股份,服饰,主板,2004-06-25,1409369.3886,3.447
002004.SZ,002004,华邦健康,农药化肥,主板,2004-06-25,894058.7769,3.4973
002007.SZ,002007,华兰生物,生物制药,主板,2004-06-25,2818876.2022,4.5029
002008.SZ,002008,大族激光,专用机械,主板,2004-06-25,2304255.1626,10.0809
002010.SZ,002010,传化智联,仓储物流,主板,2004-06-29,1245343.5035,4.9545
002011.SZ,002011,盾安环境,家用电器,主板,2004-07-05,1092244.1186,5.8709
002015.SZ,002015,协鑫能科,新型电力,主板,2004-07-08,1371709.2988,5.6501
002019.SZ,002019,亿帆医药,化学制药,主板,2004-07-13,1064464.7112,3.7626
002020.SZ,002020,京新药业,化学制药,主板,2004-07-15,922335.6588,5.9583
002023.SZ,002023,海特高新,航空,主板,2004-07-21,738637.6543,6.8082
002025.SZ,002025,航天电器,元器件,主板,2004-07-26,2530721.2686,2.085
002027.SZ,002027,分众传媒,广告包装,主板,2004-08-04,10210635.2063,3.2678
002028.SZ,002028,思源电气,电气设备,主板,2004-08-05,4453485.2943,3.499
002030.SZ,002030,达安基因,医疗保健,主板,2004-08-09,901012.3525,6.3994
002032.SZ,002032,苏泊尔,家用电器,主板,2004-08-17,4678014.7137,2.7618
002036.SZ,002036,联创电子,元器件,主板,2004-09-03,945008.3621,16.616
002039.SZ,002039,黔源电力,水力发电,主板,2005-03-03,709746.4892,7.0781
002041.SZ,002041,登海种业,种植业,主板,2005-04-18,850080.0,7.4287
002043.SZ,002043,兔宝宝,其他建材,主板,2005-05-10,883837.0111,6.8322
002044.SZ,002044,美年健康,医疗保健,主板,2005-05-18,1676770.2958,5.1829
002045.SZ,002045,国光电器,元器件,主板,2005-05-23,746767.5979,11.4626
002048.SZ,002048,宁波华翔,汽车配件,主板,2005-06-03,762427.0555,3.9402
002049.SZ,002049,紫光国微,半导体,主板,2005-06-06,5298156.3962,8.6008
002050.SZ,002050,三花智控,家用电器,主板,2005-06-07,8746682.4286,5.7094
002051.SZ,002051,中工国际,建筑工程,主板,2006-06-19,1025722.1535,9.4338
002053.SZ,002053,云南能投,食品,主板,2006-06-27,1141668.3708,6.0723
002056.SZ,002056,横店东磁,电气设备,主板,2006-08-02,2305957.3148,4.2973
002061.SZ,002061,浙江交科,建筑工程,主板,2006-08-16,1076043.0906,7.1083
002063.SZ,002063,远光软件,软件服务,主板,2006-08-23,1023631.76,6.5877
002064.SZ,002064,华峰化学,化纤,主板,2006-08-23,4159672.0805,4.0838
002065.SZ,002065,东华软件,软件服务,主板,2006-08-23,1663331.1832,5.4489
002073.SZ,002073,软控股份,专用机械,主板,2006-10-18,784978.8893,5.8635
002074.SZ,002074,国轩高科,电气设备,主板,2006-10-18,3075471.6577,5.0821
002075.SZ,002075,沙钢股份,特种钢,主板,2006-10-25,1311905.5082,12.0743
002078.SZ,002078,太阳纸业,造纸,主板,2006-11-16,4188058.5995,3.0911
002079.SZ,002079,苏州固锝,电气设备,主板,2006-11-16,812976.5549,13.0377
002080.SZ,002080,中材科技,玻璃,主板,2006-11-20,2142963.8168,7.2221
002081.SZ,002081,金螳螂,装修装饰,主板,2006-11-20,986002.7899,5.9163
002085.SZ,002085,万丰奥威,汽车配件,主板,2006-11-28,3212549.1478,21.1009
002091.SZ,002091,江苏国泰,商贸代理,主板,2006-12-08,1241048.8522,4.8733
002093.SZ,002093,国脉科技,文教休闲,主板,2006-12-15,717895.6363,8.7654
002097.SZ,002097,山河智能,工程机械,主板,2006-12-22,701519.4857,8.1602
002099.SZ,002099,海翔药业,化学制药,主板,2006-12-26,1037815.1111,2.2558
002100.SZ,002100,天康生物,饲料,主板,2006-12-26,978885.3363,8.4067
002101.SZ,002101,广东鸿图,汽车配件,主板,2006-12-29,800502.1428,6.6677
002110.SZ,002110,三钢闽光,普钢,主板,2007-01-26,872038.3655,6.8635
002120.SZ,002120,韵达股份,仓储物流,主板,2007-03-06,2502644.5933,5.7913
002126.SZ,002126,银轮股份,汽车配件,主板,2007-04-18,1517583.0326,3.6774
002128.SZ,002128,电投能源,铝,主板,2007-04-18,4186989.0896,4.3491
002129.SZ,002129,TCL中环,电气设备,主板,2007-04-20,4185499.6798,7.8972
002130.SZ,002130,沃尔核材,电气设备,主板,2007-04-20,1742563.035,15.945
002131.SZ,002131,利欧股份,互联网,主板,2007-04-27,1082478.7954,7.2634
002138.SZ,002138,顺络电子,元器件,主板,2007-06-13,2134044.1765,4.7805
002139.SZ,002139,拓邦股份,元器件,主板,2007-06-29,1210683.9176,5.7084
002142.SZ,002142,宁波银行,银行,主板,2007-07-19,16765647.32,2.5497
002145.SZ,002145,中核钛白,化工原料,主板,2007-08-03,1647028.4325,5.1433
002149.SZ,002149,西部材料,小金属,主板,2007-08-10,736114.0252,5.1889
002151.SZ,002151,北斗星通,通信设备,主板,2007-08-13,1231896.9348,7.3338
002152.SZ,002152,广电运通,IT设备,主板,2007-08-13,2904096.4442,7.6273
002153.SZ,002153,石基信息,软件服务,主板,2007-08-13,1172626.8683,6.8544
002155.SZ,002155,湖南黄金,黄金,主板,2007-08-16,2133404.1252,10.6801
002156.SZ,002156,通富微电,半导体,主板,2007-08-16,3473381.8696,14.159
002158.SZ,002158,汉钟精机,工程机械,主板,2007-08-17,1076809.1367,8.2754
002171.SZ,002171,楚江新材,铜,主板,2007-09-21,895296.9572,5.0217
002174.SZ,002174,游族网络,互联网,主板,2007-09-25,847736.1707,5.9412
002176.SZ,002176,江特电机,小金属,主板,2007-10-12,1467176.4398,8.0028
002179.SZ,002179,中航光电,元器件,主板,2007-11-01,8985395.3211,3.1034
002180.SZ,002180,纳思达,IT设备,主板,2007-11-13,3970883.6742,4.2372
002182.SZ,002182,宝武镁业,小金属,主板,2007-11-13,904085.1672,5.9749
002183.SZ,002183,怡亚通,仓储物流,主板,2007-11-13,1020618.6778,9.0146
002185.SZ,002185,华天科技,半导体,主板,2007-11-20,2992292.9667,5.0035
002192.SZ,002192,融捷股份,小金属,主板,2007-12-05,981547.4237,15.0454
002195.SZ,002195,岩山科技,软件服务,主板,2007-12-12,1594105.9194,5.2492
002202.SZ,002202,金风科技,电气设备,主板,2007-12-26,3401013.6294,5.8575
002203.SZ,002203,海亮股份,铜,主板,2008-01-16,1830218.3075,2.1617
002204.SZ,002204,大连重工,专用机械,主板,2008-01-16,927057.6154,8.4203
002215.SZ,002215,诺普信,农药化肥,主板,2008-02-18,715402.573,7.7268
002216.SZ,002216,三全食品,食品,主板,2008-02-20,772063.8805,6.4589
002219.SZ,002219,新里程,医疗保健,主板,2008-03-06,755856.0656,2.5431
002221.SZ,002221,东华能源,石油加工,主板,2008-03-06,1417063.1661,2.2092
002222.SZ,002222,福晶科技,元器件,主板,2008-03-19,1254178.4445,9.1335
002223.SZ,002223,鱼跃医疗,医疗保健,主板,2008-04-18,3593242.7284,3.6603
002226.SZ,002226,江南化工,化工原料,主板,2008-05-06,1213187.7966,5.8321
002230.SZ,002230,科大讯飞,软件服务,主板,2008-05-12,9707855.2774,6.1826
002233.SZ,002233,塔牌集团,水泥,主板,2008-05-16,966294.3074,4.1016
002236.SZ,002236,大华股份,IT设备,主板,2008-05-20,3617936.1307,7.6042
002237.SZ,002237,恒邦股份,黄金,主板,2008-05-20,1024238.7101,8.2128
002238.SZ,002238,天威视讯,影视音像,主板,2008-05-26,717487.889,9.0702
002239.SZ,002239,奥特佳,汽车配件,主板,2008-05-22,917812.3398,7.14
002240.SZ,002240,盛新锂能,小金属,主板,2008-05-23,1325107.9341,10.4238
002241.SZ,002241,歌尔股份,元器件,主板,2008-05-22,6823610.5185,7.1745
002242.SZ,002242,九阳股份,家用电器,主板,2008-05-28,878264.4379,6.4071
002244.SZ,002244,滨江集团,区域地产,主板,2008-05-29,3041789.1412,12.5196
002245.SZ,002245,蔚蓝锂芯,电气设备,主板,2008-06-05,969837.0368,7.315
002249.SZ,002249,大洋电机,电气设备,主板,2008-06-19,1003598.9635,5.3982
002252.SZ,002252,上海莱士,生物制药,主板,2008-06-23,5241483.7935,2.9732
002254.SZ,002254,泰和新材,化纤,主板,2008-06-25,816857.0307,6.9003
002258.SZ,002258,利尔化学,农药化肥,主板,2008-07-08,701654.0029,6.5772
002261.SZ,002261,拓维信息,软件服务,主板,2008-07-23,1863543.9291,18.2056
002262.SZ,002262,恩华药业,化学制药,主板,2008-07-23,2402884.6988,3.0385
002266.SZ,002266,浙富控股,环境保护,主板,2008-08-06,1640428.3511,3.9
002267.SZ,002267,陕天然气,供气供热,主板,2008-08-13,867418.8471,8.7403
002268.SZ,002268,电科网安,IT设备,主板,2008-08-11,1425142.6186,10.2867
002270.SZ,002270,华明装备,电气设备,主板,2008-09-05,1349142.2795,5.0251
002271.SZ,002271,东方雨虹,其他建材,主板,2008-09-10,2664535.8231,6.9695
002273.SZ,002273,水晶光电,元器件,主板,2008-09-19,2570530.123,5.4154
002274.SZ,002274,华昌化工,农药化肥,主板,2008-09-25,768098.4375,6.6221
002275.SZ,002275,桂林三金,中成药,主板,2009-07-10,867632.1224,5.2081
002276.SZ,002276,万马股份,电气设备,主板,2009-07-10,815122.5855,8.4823
002281.SZ,002281,光迅科技,通信设备,主板,2009-08-21,2541136.8043,12.0296
002287.SZ,002287,奇正藏药,中成药,主板,2009-08-28,1214518.0198,6.8296
002294.SZ,002294,信立泰,化学制药,主板,2009-09-10,3863084.841,2.7558
002299.SZ,002299,圣农发展,农业综合,主板,2009-10-21,1724501.097,5.9422
002302.SZ,002302,西部建设,水泥,主板,2009-11-03,852089.1552,19.4936
002304.SZ,002304,洋河股份,白酒,主板,2009-11-06,14905348.4318,5.3662
002311.SZ,002311,海大集团,饲料,主板,2009-11-27,7983427.297,2.6781
002312.SZ,002312,川发龙蟒,化工原料,主板,2009-12-03,1702394.5981,11.9441
002317.SZ,002317,众生药业,中成药,主板,2009-12-11,1035799.6722,6.5666
002318.SZ,002318,久立特材,特种钢,主板,2009-12-11,2176857.1822,2.4208
002320.SZ,002320,海峡股份,水运,主板,2009-12-16,1288323.3821,7.7817
002324.SZ,002324,普利特,塑料,主板,2009-12-18,717087.1821,4.8735
002326.SZ,002326,永太科技,化工原料,主板,2009-12-22,788697.769,7.0528
002332.SZ,002332,仙琚制药,化学制药,主板,2010-01-12,1328661.2939,2.7959
002335.SZ,002335,科华数据,电气设备,主板,2010-01-13,959183.0193,9.0733
002338.SZ,002338,奥普光电,电器仪表,主板,2010-01-15,760300.992,12.3867
002340.SZ,002340,格林美,小金属,主板,2010-01-22,3627041.3998,6.0226
002352.SZ,002352,顺丰控股,仓储物流,主板,2010-02-05,21538648.8682,4.0461
002353.SZ,002353,杰瑞股份,化工机械,主板,2010-02-05,2281402.3509,4.0303
002368.SZ,002368,太极股份,软件服务,主板,2010-03-12,1273304.4417,12.5994
002371.SZ,002371,北方华创,半导体,主板,2010-03-16,19479984.8146,4.4968
002372.SZ,002372,伟星新材,其他建材,主板,2010-03-18,2200403.7311,5.7427
002373.SZ,002373,千方科技,软件服务,主板,2010-03-18,1299071.2608,6.1908
002378.SZ,002378,章源钨业,小金属,主板,2010-03-31,822221.6338,8.416
002384.SZ,002384,东山精密,元器件,主板,2010-04-09,3263401.3359,8.9608
002385.SZ,002385,大北农,饲料,主板,2010-04-09,1583461.052,5.8838
002387.SZ,002387,维信诺,元器件,主板,2010-04-13,1045172.2168,7.5475
002389.SZ,002389,航天彩虹,航空,主板,2010-04-13,1692326.029,7.1091
002396.SZ,002396,星网锐捷,通信设备,主板,2010-06-23,971161.6629,6.1675
002399.SZ,002399,海普瑞,化学制药,主板,2010-05-06,1421809.9426,4.649
002400.SZ,002400,省广集团,广告包装,主板,2010-05-06,964926.0215,10.3678
002402.SZ,002402,和而泰,元器件,主板,2010-05-11,921163.1284,6.6836
002405.SZ,002405,四维图新,软件服务,主板,2010-05-18,2191467.3205,10.8746
002407.SZ,002407,多氟多,化工原料,主板,2010-05-18,1352553.8492,5.4798
002408.SZ,002408,齐翔腾达,化工原料,主板,2010-05-18,1584651.1985,3.4022
002409.SZ,002409,雅克科技,半导体,主板,2010-05-25,1955092.6211,7.9466
002410.SZ,002410,广联达,软件服务,主板,2010-05-25,2147475.0962,5.7728
002414.SZ,002414,高德红外,电器仪表,主板,2010-07-16,2494581.5244,7.6409
002415.SZ,002415,海康威视,IT设备,主板,2010-05-28,29403270.2511,3.9234
002416.SZ,002416,爱施德,电器连锁,主板,2010-05-28,1358533.7774,7.3401
002422.SZ,002422,科伦药业,化学制药,主板,2010-06-03,4187718.6592,3.0209
002423.SZ,002423,中粮资本,多元金融,主板,2010-06-03,2737277.4231,2.0227
002428.SZ,002428,云南锗业,小金属,主板,2010-06-08,907719.5188,14.6964
002429.SZ,002429,兆驰股份,家用电器,主板,2010-06-10,2434091.1637,3.9879
002430.SZ,002430,杭氧股份,化工机械,主板,2010-06-10,2295917.8942,5.4889
002432.SZ,002432,九安医疗,医疗保健,主板,2010-06-10,1978774.1407,6.5343
002434.SZ,002434,万里扬,汽车配件,主板,2010-06-18,793361.3353,5.6535
002436.SZ,002436,兴森科技,元器件,主板,2010-06-18,1597939.0303,6.2136
002439.SZ,002439,启明星辰,软件服务,主板,2010-06-23,1244852.8214,8.6252
002444.SZ,002444,巨星科技,轻工机械,主板,2010-07-13,3608382.9058,4.4629
002456.SZ,002456,欧菲光,元器件,主板,2010-08-03,3234681.0195,14.3684
002458.SZ,002458,益生股份,农业综合,主板,2010-08-10,708429.7997,4.9007
002459.SZ,002459,晶澳科技,电气设备,主板,2010-08-10,4480961.2306,9.9438
002460.SZ,002460,赣锋锂业,小金属,主板,2010-08-10,4166464.0308,8.9991
002461.SZ,002461,珠江啤酒,啤酒,主板,2010-08-18,2124795.3408,7.5135
002463.SZ,002463,沪电股份,元器件,主板,2010-08-18,7686691.8021,7.1865
002465.SZ,002465,海格通信,通信设备,主板,2010-08-31,2582498.8116,4.6842
002466.SZ,002466,天齐锂业,小金属,主板,2010-08-31,5196530.24,11.4941
002468.SZ,002468,申通快递,仓储物流,主板,2010-09-08,1720328.6425,6.5294
002472.SZ,002472,双环传动,汽车配件,主板,2010-09-10,2068984.8905,6.1139
002475.SZ,002475,立讯精密,元器件,主板,2010-09-15,31237945.046,3.6015
002484.SZ,002484,江海股份,元器件,主板,2010-09-29,1242643.9277,6.2169
002487.SZ,002487,大金重工,电气设备,主板,2010-10-15,1449854.7713,9.1024
002488.SZ,002488,金固股份,汽车配件,主板,2010-10-21,796792.7431,5.3004
002493.SZ,002493,荣盛石化,化纤,主板,2010-11-02,9830721.0938,3.4717
002497.SZ,002497,雅化集团,小金属,主板,2010-11-09,1145180.5217,6.008
002498.SZ,002498,汉缆股份,电气设备,主板,2010-11-09,1161051.804,5.101
002500.SZ,002500,山西证券,证券,主板,2010-11-15,2369249.221,10.475
002506.SZ,002506,协鑫集成,电气设备,主板,2010-11-18,1350982.9643,4.4439
002507.SZ,002507,涪陵榨菜,食品,主板,2010-11-23,1796902.3015,6.1499
002508.SZ,002508,老板电器,家用电器,主板,2010-11-23,2162091.7535,6.6427
002511.SZ,002511,中顺洁柔,造纸,主板,2010-11-25,1011977.7815,7.3167
002517.SZ,002517,恺英网络,互联网,主板,2010-12-07,2276052.4315,6.1999
002518.SZ,002518,科士达,电气设备,主板,2010-12-07,1129265.4322,9.98
002531.SZ,002531,天顺风能,电气设备,主板,2010-12-31,1550999.7956,6.1278
002532.SZ,002532,天山铝业,铝,主板,2010-12-31,3535284.6669,4.3317
002534.SZ,002534,西子洁能,专用机械,主板,2011-01-10,836054.8219,8.017
002537.SZ,002537,海联金汇,汽车配件,主板,2011-01-10,727890.3819,7.8303
002539.SZ,002539,云图控股,农药化肥,主板,2011-01-18,740954.5103,4.1915
002541.SZ,002541,鸿路钢构,钢加工,主板,2011-01-18,753189.6744,5.686
002544.SZ,002544,普天科技,通信设备,主板,2011-01-28,1426834.2631,8.8181
002545.SZ,002545,东方铁塔,农药化肥,主板,2011-02-11,774162.14,5.3067
002555.SZ,002555,三七互娱,互联网,主板,2011-03-02,2872223.0685,12.1025
002557.SZ,002557,洽洽食品,食品,主板,2011-03-02,1699966.2957,5.3698
002558.SZ,002558,巨人网络,互联网,主板,2011-03-02,2330753.5815,8.5571
002563.SZ,002563,森马服饰,服饰,主板,2011-03-11,1393527.1165,7.9166
002567.SZ,002567,唐人神,饲料,主板,2011-03-25,825983.7932,10.9436
002568.SZ,002568,百润股份,红黄酒,主板,2011-03-25,1654955.8053,8.213
002572.SZ,002572,索菲亚,家居用品,主板,2011-04-12,1181755.0067,8.8184
002583.SZ,002583,海能达,通信设备,主板,2011-05-27,855304.8047,30.9416
002588.SZ,002588,史丹利,农药化肥,主板,2011-06-10,805451.4915,8.4991
002590.SZ,002590,万安科技,汽车配件,主板,2011-06-10,718408.0887,26.7585
002594.SZ,002594,比亚迪,汽车整车,主板,2011-06-30,35723481.9242,4.7468
002595.SZ,002595,豪迈科技,专用机械,主板,2011-06-28,3678172.42,1.969
002597.SZ,002597,金禾实业,食品,主板,2011-07-07,1436530.6718,9.6049
002600.SZ,002600,领益智造,元器件,主板,2011-07-15,5177046.6565,15.1621
002601.SZ,002601,龙佰集团,化工原料,主板,2011-07-15,4130438.0156,3.3903
002602.SZ,002602,世纪华通,互联网,主板,2011-07-28,2869330.3577,5.8212
002603.SZ,002603,以岭药业,中成药,主板,2011-07-28,2480109.6956,6.8631
002605.SZ,002605,姚记科技,互联网,主板,2011-08-05,841919.908,11.7689
002607.SZ,002607,中公教育,文教休闲,主板,2011-08-10,1382904.6866,18.3668
002608.SZ,002608,江苏国信,火力发电,主板,2011-08-10,3045132.2414,5.5047
002617.SZ,002617,露笑科技,电气设备,主板,2011-09-20,1219987.6765,8.6085
002624.SZ,002624,完美世界,互联网,主板,2011-10-28,1754261.0563,8.6148
002625.SZ,002625,光启技术,航空,主板,2011-11-03,4439499.5818,4.2599
002626.SZ,002626,金达威,医疗保健,主板,2011-10-28,965384.2725,6.4369
002643.SZ,002643,万润股份,化工原料,主板,2011-12-20,936033.335,6.6401
002648.SZ,002648,卫星化学,化工原料,主板,2011-12-28,6285048.7111,3.5044
002653.SZ,002653,海思科,化学制药,主板,2012-01-17,1829283.3932,2.6386
002654.SZ,002654,万润科技,互联网,主板,2012-02-17,971183.6831,18.1613
002668.SZ,002668,TCL智家,家用电器,主板,2012-04-16,1260821.5908,15.0763
002670.SZ,002670,国盛金控,证券,主板,2012-04-16,2019448.1887,25.6235
002673.SZ,002673,西部证券,证券,主板,2012-05-03,3570890.1144,10.8577
002675.SZ,002675,东诚药业,化学制药,主板,2012-05-25,1048109.7525,4.2665
002683.SZ,002683,广东宏大,化工原料,主板,2012-06-12,1591528.3127,3.1197
002701.SZ,002701,奥瑞金,广告包装,主板,2012-10-11,1277740.1468,3.6584
002705.SZ,002705,新宝股份,家用电器,主板,2014-01-21,1274470.5325,7.3321
002709.SZ,002709,天赐材料,化工原料,主板,2014-01-23,2565048.9931,8.326
002714.SZ,002714,牧原股份,农业综合,主板,2014-01-28,17647430.9781,3.8723
002736.SZ,002736,国信证券,证券,主板,2014-12-29,10811249.8577,4.3822
002737.SZ,002737,葵花药业,中成药,主板,2014-12-30,1354296.0,8.0445
002738.SZ,002738,中矿资源,小金属,主板,2014-12-30,2629227.8183,6.7675
002739.SZ,002739,万达电影,影视音像,主板,2015-01-22,2629054.3751,7.8503
002745.SZ,002745,木林森,元器件,主板,2015-02-17,945432.3138,4.7617
002747.SZ,002747,埃斯顿,机械基件,主板,2015-03-20,1219021.1042,8.6429
002755.SZ,002755,奥赛康,化学制药,主板,2015-05-15,1102644.0723,4.6008
002756.SZ,002756,永兴材料,小金属,主板,2015-05-15,1617356.0586,8.5636
002773.SZ,002773,康弘药业,化学制药,主板,2015-06-26,1469370.7374,5.0642
002797.SZ,002797,第一创业,证券,主板,2016-05-11,2983701.3375,9.8884
002807.SZ,002807,江阴银行,银行,主板,2016-09-02,1052224.9576,4.1149
002812.SZ,002812,恩捷股份,电气设备,主板,2016-09-14,2815539.2686,6.8803
002821.SZ,002821,凯莱英,生物制药,主板,2016-11-18,2751811.9123,5.9094
002831.SZ,002831,裕同科技,广告包装,主板,2016-12-16,1339994.6956,2.7989
002832.SZ,002832,比音勒芬,服饰,主板,2016-12-23,945118.1753,6.7146
002837.SZ,002837,英维克,专用机械,主板,2016-12-29,1671450.3256,6.2612
002839.SZ,002839,张家港行,银行,主板,2017-01-24,938815.1918,5.751
002841.SZ,002841,视源股份,元器件,主板,2017-01-19,1921710.4127,2.8067
002847.SZ,002847,盐津铺子,食品,主板,2017-02-08,1302738.0867,5.0029
002850.SZ,002850,科达利,电气设备,主板,2017-03-02,1873970.1452,4.0193
002851.SZ,002851,麦格米特,电气设备,主板,2017-03-06,1165508.7333,6.0359
002859.SZ,002859,洁美科技,元器件,主板,2017-04-07,835099.8074,6.0679
002865.SZ,002865,钧达股份,电气设备,主板,2017-04-25,1074254.0425,18.3972
002867.SZ,002867,周大生,服饰,主板,2017-04-27,1424251.3619,7.8096
002891.SZ,002891,中宠股份,饲料,主板,2017-08-21,719991.1626,8.1387
002895.SZ,002895,川恒股份,化工原料,主板,2017-08-25,1133380.5903,6.8328
002901.SZ,002901,大博医疗,医疗保健,主板,2017-09-22,1106540.779,6.2012
002906.SZ,002906,华阳集团,汽车配件,主板,2017-10-13,1589066.3108,7.5868
002911.SZ,002911,佛燃能源,供气供热,主板,2017-11-22,1432634.0007,9.6642
002916.SZ,002916,深南电路,元器件,主板,2017-12-13,5668481.1968,7.5985
002920.SZ,002920,德赛西威,汽车配件,主板,2017-12-26,6606570.0942,3.4762
002922.SZ,002922,伊戈尔,电气设备,主板,2017-12-29,808361.7216,13.7401
002925.SZ,002925,盈趣科技,元器件,主板,2018-01-15,1015906.9976,7.7987
002926.SZ,002926,华西证券,证券,主板,2018-02-05,2307375.0,8.1098
002928.SZ,002928,华夏航空,空运,主板,2018-03-02,921612.1576,6.3101
002936.SZ,002936,郑州银行,银行,主板,2018-09-19,1440632.6015,7.2976
002938.SZ,002938,鹏鼎控股,元器件,主板,2018-09-18,8281152.3725,6.1931
002939.SZ,002939,长城证券,证券,主板,2018-10-26,3205125.4975,13.0617
002941.SZ,002941,新疆交建,建筑工程,主板,2018-11-28,715880.2847,14.2363
002945.SZ,002945,华林证券,证券,主板,2019-01-17,3628800.0,25.4016
002948.SZ,002948,青岛银行,银行,主板,2019-01-16,1175549.8091,5.1709
002958.SZ,002958,青农商行,银行,主板,2019-03-26,1472950.8056,4.5401
002959.SZ,002959,小熊电器,家用电器,主板,2019-08-23,731950.8444,13.2555
002960.SZ,002960,青鸟消防,专用机械,主板,2019-08-09,712323.9242,8.4923
002966.SZ,002966,苏州银行,银行,主板,2019-08-02,2900840.4927,3.567
002967.SZ,002967,广电计量,电器仪表,主板,2019-11-08,815303.3374,9.671
002978.SZ,002978,安宁股份,小金属,主板,2020-04-17,910455.0,5.7327
002984.SZ,002984,森麒麟,汽车配件,主板,2020-09-11,1917400.3229,5.5353
002987.SZ,002987,京北方,软件服务,主板,2020-05-07,851473.8917,20.958
002992.SZ,002992,宝明科技,元器件,主板,2020-08-03,772028.402,6.759
002993.SZ,002993,奥海科技,元器件,主板,2020-08-17,711638.1615,8.4326
003006.SZ,003006,百亚股份,造纸,主板,2020-09-21,1144057.2149,4.1044
003012.SZ,003012,东鹏控股,陶瓷,主板,2020-10-19,784008.3384,5.1358
003021.SZ,003021,兆威机电,元器件,主板,2020-12-04,926237.7326,15.3343
003022.SZ,003022,联泓新科,化工原料,主板,2020-12-08,2170298.0,5.3006
003031.SZ,003031,中瓷电子,元器件,主板,2021-01-04,768730.6962,4.8361
003035.SZ,003035,南网能源,新型电力,主板,2021-01-19,1095071.2117,5.2613
003816.SZ,003816,中国广核,新型电力,主板,2019-08-26,17700743.745,8.4561
300001.SZ,300001,特锐德,电气设备,创业板,2009-10-30,2261481.409,7.7776
300002.SZ,300002,神州泰岳,互联网,创业板,2009-10-30,2270324.9952,10.3109
300003.SZ,300003,乐普医疗,医疗保健,创业板,2009-10-30,2128400.9791,9.1697
300008.SZ,300008,天海防务,船舶,创业板,2009-10-30,739561.4019,14.8937
300009.SZ,300009,安科生物,生物制药,创业板,2009-10-30,1194860.4931,5.9259
300012.SZ,300012,华测检测,电器仪表,创业板,2009-10-30,2153381.6108,5.3965
300014.SZ,300014,亿纬锂能,电气设备,创业板,2009-10-30,9080078.2032,8.3709
300015.SZ,300015,爱尔眼科,医疗保健,创业板,2009-10-30,12576861.5422,11.1528
300017.SZ,300017,网宿科技,软件服务,创业板,2009-10-30,2134810.7365,13.6411
300024.SZ,300024,机器人,专用机械,创业板,2009-10-30,1882461.8281,10.3293
300026.SZ,300026,红日药业,中成药,创业板,2009-10-30,1093151.5218,9.0667
300033.SZ,300033,同花顺,软件服务,创业板,2009-12-25,5286827.0903,11.5558
300034.SZ,300034,钢研高纳,航空,创业板,2009-12-25,1318955.2676,10.659
300036.SZ,300036,超图软件,软件服务,创业板,2009-12-25,782199.0261,12.4107
300037.SZ,300037,新宙邦,化工原料,创业板,2010-01-08,2222399.414,5.3116
300045.SZ,300045,华力创通,IT设备,创业板,2010-01-20,1049038.8007,19.5092
300049.SZ,300049,福瑞股份,医疗保健,创业板,2010-01-20,1128511.9859,5.2699
300054.SZ,300054,鼎龙股份,化工原料,创业板,2010-02-11,1736696.1086,4.1483
300058.SZ,300058,蓝色光标,广告包装,创业板,2010-02-26,1724515.5256,9.1289
300059.SZ,300059,东方财富,证券,创业板,2010-03-19,27119335.7265,12.7683
300068.SZ,300068,南都电源,电气设备,创业板,2010-04-21,1342788.2559,32.5812
300070.SZ,300070,碧水源,环境保护,创业板,2010-04-21,1672732.1358,10.9112
300073.SZ,300073,当升科技,电气设备,创业板,2010-04-27,2189235.9166,15.3896
300075.SZ,300075,数字政通,软件服务,创业板,2010-04-27,828169.0689,11.9941
300077.SZ,300077,国民技术,半导体,创业板,2010-04-30,760131.1507,14.0832
300079.SZ,300079,数码视讯,通信设备,创业板,2010-04-30,704813.8108,11.0401
300083.SZ,300083,创世纪,机床制造,创业板,2010-05-20,1104846.0584,8.2974
300085.SZ,300085,银之杰,软件服务,创业板,2010-05-26,2082996.5272,1.6327
300087.SZ,300087,荃银高科,种植业,创业板,2010-05-26,714036.34,8.3551
300088.SZ,300088,长信科技,元器件,创业板,2010-05-26,1514469.2582,14.032
300098.SZ,300098,高新兴,软件服务,创业板,2010-07-28,781664.0189,17.5707
300100.SZ,300100,双林股份,汽车配件,创业板,2010-08-06,777222.2711,25.394
300101.SZ,300101,振芯科技,通信设备,创业板,2010-08-06,990616.3784,9.3969
300102.SZ,300102,乾照光电,半导体,创业板,2010-08-12,726019.5915,9.7509
300113.SZ,300113,顺网科技,互联网,创业板,2010-08-27,735729.2988,9.582
300114.SZ,300114,中航电测,电器仪表,创业板,2010-08-27,3129849.1237,12.1559
300115.SZ,300115,长盈精密,元器件,创业板,2010-09-02,1650249.7633,13.894
300118.SZ,300118,东方日升,电气设备,创业板,2010-09-02,1279946.8165,13.5409
300122.SZ,300122,智飞生物,生物制药,创业板,2010-09-28,4720960.6381,9.3867
300124.SZ,300124,汇川技术,电器仪表,创业板,2010-09-28,14157993.4744,2.8609
300130.SZ,300130,新国都,IT设备,创业板,2010-10-19,972844.2265,18.1741
300133.SZ,300133,华策影视,影视音像,创业板,2010-10-26,1138473.0882,16.1323
300134.SZ,300134,大富科技,通信设备,创业板,2010-10-26,871999.6393,21.8524
300136.SZ,300136,信维通信,元器件,创业板,2010-11-05,1912997.5883,10.3731
300142.SZ,300142,沃森生物,生物制药,创业板,2010-11-12,2295155.1667,6.396
300144.SZ,300144,宋城演艺,旅游景点,创业板,2010-12-09,2473660.298,12.0609
300146.SZ,300146,汤臣倍健,食品,创业板,2010-12-15,1683680.7179,7.3368
300166.SZ,300166,东方国信,软件服务,创业板,2011-01-25,797816.3016,14.0788
300170.SZ,300170,汉得信息,软件服务,创业板,2011-02-01,842411.1256,12.7112
300171.SZ,300171,东富龙,医疗保健,创业板,2011-02-01,762873.8774,7.2914
300181.SZ,300181,佐力药业,中成药,创业板,2011-02-22,928672.4022,8.4996
300182.SZ,300182,捷成股份,影视音像,创业板,2011-02-22,1229714.187,12.6966
300184.SZ,300184,力源信息,元器件,创业板,2011-02-22,845931.156,33.4849
300185.SZ,300185,通裕重工,工程机械,创业板,2011-03-08,874123.1296,6.8809
300188.SZ,300188,国投智能,软件服务,创业板,2011-03-16,1167444.6629,11.3383
300207.SZ,300207,欣旺达,电气设备,创业板,2011-04-21,3794898.6645,10.2937
300212.SZ,300212,易华录,软件服务,创业板,2011-05-05,1710546.3655,17.6943
300223.SZ,300223,北京君正,半导体,创业板,2011-05-31,2723982.1687,8.4937
300224.SZ,300224,正海磁材,矿物制品,创业板,2011-05-31,878525.7427,6.9618
300226.SZ,300226,上海钢联,互联网,创业板,2011-06-08,737308.323,20.344
300229.SZ,300229,拓尔思,软件服务,创业板,2011-06-15,1322382.8833,14.969
300236.SZ,300236,上海新阳,半导体,创业板,2011-06-29,1002028.9625,6.1563
300251.SZ,300251,光线传媒,影视音像,创业板,2011-08-03,2480628.7851,9.3919
300253.SZ,300253,卫宁健康,软件服务,创业板,2011-08-18,1375711.8397,6.8397
300257.SZ,300257,开山股份,机械基件,创业板,2011-08-19,925920.0145,10.1437
300274.SZ,300274,阳光电源,电气设备,创业板,2011-11-02,15833231.4417,4.7756
300284.SZ,300284,苏交科,建筑工程,创业板,2012-01-10,984224.8916,16.3318
300285.SZ,300285,国瓷材料,陶瓷,创业板,2012-01-13,1615939.1925,4.2483
300294.SZ,300294,博雅生物,生物制药,创业板,2012-03-08,1546162.7917,9.4449
300296.SZ,300296,利亚德,元器件,创业板,2012-03-15,1098360.9635,7.0386
300298.SZ,300298,三诺生物,医疗保健,创业板,2012-03-19,1379697.5225,3.8301
300303.SZ,300303,聚飞光电,半导体,创业板,2012-03-19,756499.7655,11.1273
300308.SZ,300308,中际旭创,通信设备,创业板,2012-04-10,17277955.6452,7.3549
300315.SZ,300315,掌趣科技,互联网,创业板,2012-05-11,1434613.0372,12.1935
300316.SZ,300316,晶盛机电,专用机械,创业板,2012-05-11,3989008.0475,10.7034
300319.SZ,300319,麦捷科技,元器件,创业板,2012-05-23,901944.7807,11.7392
300327.SZ,300327,中颖电子,半导体,创业板,2012-06-13,800983.5364,9.3374
300339.SZ,300339,润和软件,软件服务,创业板,2012-07-18,2906215.0746,11.3104
300346.SZ,300346,南大光电,半导体,创业板,2012-08-07,1814710.5542,12.8379
300347.SZ,300347,泰格医药,医疗保健,创业板,2012-08-17,3914389.5013,5.4597
300348.SZ,300348,长亮科技,软件服务,创业板,2012-08-17,723318.878,11.5901
300357.SZ,300357,我武生物,生物制药,创业板,2014-01-21,1178212.275,9.1173
300360.SZ,300360,炬华科技,电器仪表,创业板,2014-01-21,834030.4052,8.9436
300363.SZ,300363,博腾股份,化学制药,创业板,2014-01-29,830862.3982,12.9549
300364.SZ,300364,中文在线,出版业,创业板,2015-01-21,1611455.4604,24.2015
300373.SZ,300373,扬杰科技,半导体,创业板,2014-01-23,2461351.2844,11.181
300377.SZ,300377,赢时胜,软件服务,创业板,2014-01-27,717776.6368,8.899
300379.SZ,300379,东方通,软件服务,创业板,2014-01-28,760464.6424,20.2871
300383.SZ,300383,光环新网,软件服务,创业板,2014-01-29,1887017.3888,6.6816
300390.SZ,300390,天华新能,电气设备,创业板,2014-07-31,1659286.7966,12.3561
300393.SZ,300393,中来股份,塑料,创业板,2014-09-12,746081.5568,10.4404
300394.SZ,300394,天孚通信,通信设备,创业板,2015-02-17,5555077.0694,12.5107
300395.SZ,300395,菲利华,玻璃,创业板,2014-09-10,2195453.8689,3.973
300398.SZ,300398,飞凯材料,化工原料,创业板,2014-10-09,754707.326,10.9494
300401.SZ,300401,花园生物,化学制药,创业板,2014-10-09,835616.52,17.4662
300408.SZ,300408,三环集团,元器件,创业板,2014-12-03,6936987.7431,2.6295
300413.SZ,300413,芒果超媒,影视音像,创业板,2015-01-21,2689114.2895,8.8649
300415.SZ,300415,伊之密,专用机械,创业板,2015-01-23,1092910.5951,5.005
300418.SZ,300418,昆仑万维,互联网,创业板,2015-01-21,4624263.9278,14.5108
300428.SZ,300428,立中集团,汽车配件,创业板,2015-03-19,980323.6382,9.6748
300432.SZ,300432,富临精工,汽车配件,创业板,2015-03-19,1126568.6596,9.8812
300433.SZ,300433,蓝思科技,元器件,创业板,2015-03-18,10145020.0541,5.5534
300438.SZ,300438,鹏辉能源,电气设备,创业板,2015-04-24,1286864.3561,24.2096
300442.SZ,300442,润泽科技,软件服务,创业板,2015-04-24,1776379.0894,6.5823
300450.SZ,300450,先导智能,专用机械,创业板,2015-05-18,3017354.2567,13.3899
300451.SZ,300451,创业慧康,软件服务,创业板,2015-05-14,743499.866,17.145
300454.SZ,300454,深信服,软件服务,创业板,2018-05-16,1940725.2706,11.9115
300455.SZ,300455,航天智装,IT设备,创业板,2015-05-15,948136.8194,12.6128
300456.SZ,300456,赛微电子,半导体,创业板,2015-05-14,1138326.4366,11.888
300457.SZ,300457,赢合科技,专用机械,创业板,2015-05-14,1265654.7758,18.4436
300458.SZ,300458,全志科技,半导体,创业板,2015-05-15,1470398.0124,12.6195
300459.SZ,300459,汤姆猫,互联网,创业板,2015-05-15,1523779.7085,15.4673
300463.SZ,300463,迈克生物,医疗保健,创业板,2015-05-28,717105.528,6.0537
300470.SZ,300470,中密控股,机械基件,创业板,2015-06-12,735523.2623,4.6866
300474.SZ,300474,景嘉微,元器件,创业板,2016-03-31,2498126.1062,11.215
300475.SZ,300475,香农芯创,元器件,创业板,2015-06-10,1424619.122,15.027
300476.SZ,300476,胜宏科技,元器件,创业板,2015-06-11,3395178.5906,12.2538
300482.SZ,300482,万孚生物,医疗保健,创业板,2015-06-30,804708.1126,7.7588
300487.SZ,300487,蓝晓科技,化工原料,创业板,2015-07-02,1723798.8246,3.4941
300492.SZ,300492,华图山鼎,建筑工程,创业板,2015-12-23,1234173.639,5.0566
300496.SZ,300496,中科创达,软件服务,创业板,2015-12-10,1924812.8349,16.7258
300498.SZ,300498,温氏股份,农业综合,创业板,2015-11-02,10952619.4605,2.1149
300502.SZ,300502,新易盛,通信设备,创业板,2016-03-03,8141349.7313,9.1551
300525.SZ,300525,博思软件,软件服务,创业板,2016-07-26,926307.9223,6.4745
300527.SZ,300527,中船应急,专用机械,创业板,2016-08-05,809123.2372,13.6556
300529.SZ,300529,健帆生物,医疗保健,创业板,2016-08-02,1677886.3668,4.6048
300558.SZ,300558,贝达药业,化学制药,创业板,2016-11-07,1917781.0432,7.4316
300567.SZ,300567,精测电子,电器仪表,创业板,2016-11-22,1299532.9219,6.1792
300568.SZ,300568,星源材质,化工原料,创业板,2016-12-01,1249087.6599,9.7709
300570.SZ,300570,太辰光,通信设备,创业板,2016-12-06,712260.4874,18.4116
300573.SZ,300573,兴齐眼药,化学制药,创业板,2016-12-08,1435824.2594,21.644
300580.SZ,300580,贝斯特,汽车配件,创业板,2017-01-11,836982.318,20.7412
300595.SZ,300595,欧普康视,医疗保健,创业板,2017-01-17,1385121.1427,9.3764
300601.SZ,300601,康泰生物,生物制药,创业板,2017-02-07,1724713.6365,8.7309
300602.SZ,300602,飞荣达,元器件,创业板,2017-01-26,703236.0729,17.8618
300604.SZ,300604,长川科技,半导体,创业板,2017-04-17,1784265.4447,10.0115
300613.SZ,300613,富瀚微,半导体,创业板,2017-02-20,933408.2172,13.4966
300618.SZ,300618,寒锐钴业,小金属,创业板,2017-03-06,922794.6868,19.0598
300620.SZ,300620,光库科技,通信设备,创业板,2017-03-10,1040997.6368,13.7635
300623.SZ,300623,捷捷微电,半导体,创业板,2017-03-14,1688996.7385,17.8932
300624.SZ,300624,万兴科技,软件服务,创业板,2018-01-18,983734.8259,22.013
300627.SZ,300627,华测导航,通信设备,创业板,2017-03-21,1605833.4184,6.5667
300628.SZ,300628,亿联网络,通信设备,创业板,2017-03-17,3057112.4907,3.654
300633.SZ,300633,开立医疗,医疗保健,创业板,2017-04-06,1571178.7426,6.8546
300634.SZ,300634,彩讯股份,软件服务,创业板,2018-03-23,849637.8525,19.3986
300638.SZ,300638,广和通,通信设备,创业板,2017-04-13,790133.1303,16.6594
300655.SZ,300655,晶瑞电材,半导体,创业板,2017-05-23,822690.3476,9.7593
300660.SZ,300660,江苏雷利,电气设备,创业板,2017-06-02,930617.4276,13.5716
300661.SZ,300661,圣邦股份,半导体,创业板,2017-06-06,4298394.1205,4.0154
300666.SZ,300666,江丰电子,半导体,创业板,2017-06-15,1318195.7779,8.9716
300672.SZ,300672,国科微,半导体,创业板,2017-07-12,1316065.5293,13.8284
300674.SZ,300674,宇信科技,软件服务,创业板,2018-11-07,1113130.7265,15.1527
300676.SZ,300676,华大基因,医疗保健,创业板,2017-07-14,1955757.9221,6.8322
300677.SZ,300677,英科医疗,医疗保健,创业板,2017-07-21,1314679.2361,7.9853
300678.SZ,300678,中科信息,软件服务,创业板,2017-07-28,885772.7871,19.4191
300679.SZ,300679,电连技术,元器件,创业板,2017-07-31,1573845.0458,6.3086
300682.SZ,300682,朗新集团,软件服务,创业板,2017-08-01,1255326.382,7.9205
300685.SZ,300685,艾德生物,医疗保健,创业板,2017-08-02,944741.7096,4.4507
300699.SZ,300699,光威复材,化纤,创业板,2017-09-01,2704190.5173,9.4327
300705.SZ,300705,九典制药,化学制药,创业板,2017-10-10,724627.1835,4.9803
300723.SZ,300723,一品红,化学制药,创业板,2017-11-16,753886.1326,7.2721
300724.SZ,300724,捷佳伟创,专用机械,创业板,2018-08-10,1862494.197,13.0939
300735.SZ,300735,光弘科技,元器件,创业板,2017-12-29,1982560.4171,26.9998
300738.SZ,300738,奥飞数据,软件服务,创业板,2018-01-19,1148793.3432,14.3707
300741.SZ,300741,华宝股份,食品,创业板,2018-03-01,1149842.6391,6.1453
300747.SZ,300747,锐科激光,专用机械,创业板,2018-06-25,952850.9842,9.5583
300748.SZ,300748,金力永磁,矿物制品,创业板,2018-09-21,1637211.0916,10.8083
300750.SZ,300750,宁德时代,电气设备,创业板,2018-06-11,98274015.5878,3.6898
300751.SZ,300751,迈为股份,专用机械,创业板,2018-11-09,2047988.7161,6.2604
300757.SZ,300757,罗博特科,专用机械,创业板,2019-01-08,1700589.0266,17.2388
300759.SZ,300759,康龙化成,化学制药,创业板,2019-01-28,4335750.5735,9.4915
300760.SZ,300760,迈瑞医疗,医疗保健,创业板,2018-10-16,35524504.2767,4.1348
300761.SZ,300761,立华股份,农业综合,创业板,2019-02-18,1390058.1088,3.7624
300762.SZ,300762,上海瀚讯,通信设备,创业板,2019-03-14,1152317.1916,13.416
300763.SZ,300763,锦浪科技,电气设备,创业板,2019-03-19,2675167.9136,10.509
300765.SZ,300765,新诺威,食品,创业板,2019-03-22,3853453.8211,6.1359
300769.SZ,300769,德方纳米,化工原料,创业板,2019-04-15,1003213.381,23.0422
300770.SZ,300770,新媒股份,影视音像,创业板,2019-04-19,939436.7269,8.7885
300772.SZ,300772,运达股份,电气设备,创业板,2019-04-26,824783.6027,9.1617
300773.SZ,300773,拉卡拉,软件服务,创业板,2019-04-25,1277009.2832,16.4061
300775.SZ,300775,三角防务,航空,创业板,2019-05-21,1517464.4937,11.9542
300776.SZ,300776,帝尔激光,专用机械,创业板,2019-05-17,1002737.31,10.863
300777.SZ,300777,中简科技,化纤,创业板,2019-05-16,1175462.4828,7.3494
300782.SZ,300782,卓胜微,半导体,创业板,2019-06-18,4157482.681,9.1456
300783.SZ,300783,三只松鼠,食品,创业板,2019-07-12,707937.072,12.6571
300803.SZ,300803,指南针,软件服务,创业板,2019-11-18,3096577.0427,10.6753
300811.SZ,300811,铂科新材,矿物制品,创业板,2019-12-30,1051420.6454,11.522
300821.SZ,300821,东岳硅材,化工原料,创业板,2020-03-12,988553.006,7.0225
300827.SZ,300827,上能电气,电气设备,创业板,2020-04-10,1074573.3463,11.3299
300832.SZ,300832,新产业,医疗保健,创业板,2020-05-12,5574980.8831,2.5293
300841.SZ,300841,康华生物,生物制药,创业板,2020-06-16,804648.7137,10.1782
300855.SZ,300855,图南股份,小金属,创业板,2020-07-23,776333.7657,5.2994
300856.SZ,300856,科思股份,日用化工,创业板,2020-07-22,1106995.8795,13.6225
300857.SZ,300857,协创数据,IT设备,创业板,2020-07-27,1686240.4829,14.0465
300866.SZ,300866,安克创新,元器件,创业板,2020-08-24,2485625.9644,4.0532
300896.SZ,300896,爱美客,医疗保健,创业板,2020-09-28,4911418.1776,11.1974
300910.SZ,300910,瑞丰新材,化工原料,创业板,2020-11-27,936122.0567,5.1556
300919.SZ,300919,中伟股份,电气设备,创业板,2020-12-23,3653828.2888,5.7078
300957.SZ,300957,贝泰妮,日用化工,创业板,2021-03-25,2644111.2,12.7484
300979.SZ,300979,华利集团,服饰,创业板,2021-04-26,8625240.4589,5.6033
300999.SZ,300999,金龙鱼,食品,创业板,2020-10-15,1925854.5473,8.8339
301004.SZ,301004,嘉益股份,家居用品,创业板,2021-06-25,1003251.2401,7.4544
301015.SZ,301015,百洋医药,医药商业,创业板,2021-06-30,1572635.5651,7.0437
301029.SZ,301029,怡合达,专用机械,创业板,2021-07-23,1022293.181,10.0963
301035.SZ,301035,润丰股份,农药化肥,创业板,2021-07-28,1480234.9835,4.6437
301039.SZ,301039,中集车辆,汽车整车,创业板,2021-07-08,1620853.2,10.2009
301047.SZ,301047,义翘神州,生物制药,创业板,2021-08-16,908394.106,5.534
301050.SZ,301050,雷电微力,航空,创业板,2021-08-24,857988.3409,15.4798
301071.SZ,301071,力量钻石,矿物制品,创业板,2021-09-24,775958.7871,8.8754
301219.SZ,301219,腾远钴业,小金属,创业板,2022-03-17,883222.6039,22.4392
301236.SZ,301236,软通动力,软件服务,创业板,2022-03-15,3504984.8841,13.7932
301267.SZ,301267,华厦眼科,医疗保健,创业板,2022-11-07,807274.8881,11.6233
301269.SZ,301269,华大九天,半导体,创业板,2022-07-29,2439851.7692,4.1198
301301.SZ,301301,川宁生物,化学制药,创业板,2022-12-27,840693.0673,10.3813
301308.SZ,301308,江波龙,半导体,创业板,2022-08-05,1029613.9072,16.2148
301358.SZ,301358,湖南裕能,电气设备,创业板,2023-02-09,1437874.2975,4.2213
301498.SZ,301498,乖宝宠物,饲料,创业板,2023-08-16,1098836.5388,9.8718
301510.SZ,301510,固高科技,电器仪表,创业板,2023-08-15,746146.3159,6.4778
600000.SH,600000,浦发银行,银行,主板,1999-11-10,29733755.6809,1.9763
600004.SH,600004,白云机场,机场,主板,2003-04-28,2475587.324,8.3302
600006.SH,600006,东风股份,汽车整车,主板,1999-07-27,1410000.0,12.5215
600007.SH,600007,中国国贸,园区开发,主板,1999-03-12,2779092.5113,6.0484
600008.SH,600008,首创环保,水务,主板,2000-04-27,2400373.1514,5.9292
600009.SH,600009,上海机场,机场,主板,1998-02-18,7403374.3572,4.8035
600010.SH,600010,包钢股份,普钢,主板,2001-03-09,5449001.9654,4.7983
600011.SH,600011,华能国际,火力发电,主板,2001-12-06,8479234.3475,4.3912
600012.SH,600012,皖通高速,路桥,主板,2003-01-07,1911584.0,3.6669
600015.SH,600015,华夏银行,银行,主板,2003-09-12,11432707.4194,2.5964
600016.SH,600016,民生银行,银行,主板,2000-12-19,14255773.5316,3.0441
600017.SH,600017,日照港,港口,主板,2006-10-17,962679.6669,6.8535
600018.SH,600018,上港集团,港口,主板,2006-10-26,15089475.5401,3.9143
600019.SH,600019,宝钢股份,普钢,主板,2000-12-12,15169395.7749,3.1144
600020.SH,600020,中原高速,路桥,主板,2003-08-08,950638.2849,7.2016
600021.SH,600021,上海电力,火力发电,主板,2003-10-29,2530797.7785,8.5611
600022.SH,600022,山东钢铁,普钢,主板,2004-06-29,1604827.4331,3.8543
600023.SH,600023,浙能电力,火力发电,主板,2013-12-19,9024077.1401,4.0236
600025.SH,600025,华能水电,水力发电,主板,2017-12-15,20790000.0,5.4962
600026.SH,600026,中远海能,水运,主板,2002-05-23,5507520.5861,2.7809
600027.SH,600027,华电国际,火力发电,主板,2005-02-03,5097686.1923,7.5433
600028.SH,600028,中国石化,石油加工,主板,2001-08-08,66100491.848,3.669
600029.SH,600029,南方航空,空运,主板,2003-07-25,8288364.4751,5.6568
600030.SH,600030,中信证券,证券,主板,2003-01-06,33120218.6493,4.4147
600031.SH,600031,三一重工,工程机械,主板,2003-07-03,15980439.5003,4.3291
600033.SH,600033,福建高速,路桥,主板,2001-02-09,1029150.0,6.5406
600036.SH,600036,招商银行,银行,主板,2002-04-09,77585459.9975,2.4189
600037.SH,600037,歌华有线,影视音像,主板,2001-02-08,1002080.0765,5.8848
600038.SH,600038,中直股份,航空,主板,2000-12-18,2459296.8592,4.5524
600039.SH,600039,四川路桥,建筑工程,主板,2003-03-25,4710161.4176,3.8968
600048.SH,600048,保利发展,全国地产,主板,2006-07-31,13203399.0901,9.8412
600050.SH,600050,中国联通,电信运营,主板,2002-10-09,16566623.9869,4.6822
600055.SH,600055,万东医疗,医疗保健,主板,1997-05-19,816091.6443,4.8124
600056.SH,600056,中国医药,医药商业,主板,1997-05-15,1742084.4719,8.1505
600057.SH,600057,厦门象屿,仓储物流,主板,1997-06-04,1405142.4972,8.4319
600058.SH,600058,五矿发展,商贸代理,主板,1997-05-28,841449.9081,7.8202
600059.SH,600059,古越龙山,红黄酒,主板,1997-05-16,847734.4441,6.5135
600060.SH,600060,海信视像,家用电器,主板,1997-04-22,2898421.2403,3.1688
600061.SH,600061,国投资本,证券,主板,1997-05-19,5243053.6144,8.7808
600062.SH,600062,华润双鹤,化学制药,主板,1997-05-22,2445963.9532,6.5144
600063.SH,600063,皖维高新,化纤,主板,1997-05-28,778061.4556,5.0849
600064.SH,600064,南京高科,园区开发,主板,1997-05-06,1252765.9023,6.5829
600066.SH,600066,宇通客车,汽车整车,主板,1997-05-08,5833729.8526,4.2147
600072.SH,600072,中船科技,船舶,主板,1997-06-03,1570839.1082,13.4162
600079.SH,600079,人福医药,化学制药,主板,1997-06-06,3254564.0259,4.8329
600085.SH,600085,同仁堂,中成药,主板,1997-06-25,5768403.922,5.9487
600089.SH,600089,特变电工,电气设备,主板,1997-06-18,7397288.28,3.8271
600094.SH,600094,大名城,区域地产,主板,1997-07-03,967557.1089,5.9016
600095.SH,600095,湘财股份,证券,主板,1997-07-08,2290209.3821,16.1298
600096.SH,600096,云天化,农药化肥,主板,1997-07-09,4151085.9545,6.3172
600098.SH,600098,广州发展,火力发电,主板,1997-07-18,2354658.7258,6.2019
600100.SH,600100,同方股份,IT设备,主板,1997-06-27,2107337.2615,5.3299
600104.SH,600104,上汽集团,汽车整车,主板,1997-11-25,16934663.088,2.1891
600106.SH,600106,重庆路桥,路桥,主板,1997-06-18,722989.6337,10.226
600109.SH,600109,国金证券,证券,主板,1997-08-07,3138765.3895,9.3552
600111.SH,600111,北方稀土,小金属,主板,1997-09-24,7457880.832,5.7471
600114.SH,600114,东睦股份,机械基件,主板,2004-05-11,997924.8493,17.9812
600115.SH,600115,中国东航,空运,主板,1997-11-05,6052509.3981,6.1855
600116.SH,600116,三峡水利,水力发电,主板,1997-08-04,1460877.1787,4.9894
600118.SH,600118,中国卫星,航空,主板,1997-09-08,2968047.7289,6.2312
600123.SH,600123,兰花科创,煤炭开采,主板,1998-12-17,1480664.64,5.5461
600125.SH,600125,铁龙物流,铁路,主板,1998-05-11,815951.1713,6.5003
600126.SH,600126,杭钢股份,普钢,主板,1998-03-11,1475831.6293,5.7216
600129.SH,600129,太极集团,中成药,主板,1997-11-18,1562635.4277,10.6085
600131.SH,600131,国网信通,通信设备,主板,1998-04-02,2352798.6273,6.3922
600132.SH,600132,重庆啤酒,啤酒,主板,1997-10-30,3394090.0116,8.78
600138.SH,600138,中青旅,旅游景点,主板,1997-12-03,802738.56,11.6527
600141.SH,600141,兴发集团,农药化肥,主板,1999-06-16,2482322.8095,5.5289
600143.SH,600143,金发科技,塑料,主板,2004-06-23,2176475.0243,3.3474
600150.SH,600150,中国船舶,船舶,主板,1998-05-20,18681334.9222,5.8997
600151.SH,600151,航天机电,汽车配件,主板,1998-06-05,1032661.6466,13.1397
600153.SH,600153,建发股份,仓储物流,主板,1998-06-16,2960428.8606,8.2837
600155.SH,600155,华创云信,证券,主板,1998-09-18,1899595.8593,8.8393
600157.SH,600157,永泰能源,火力发电,主板,1998-05-13,2977180.3954,9.7337
600158.SH,600158,中体产业,文教休闲,主板,1998-03-27,782962.6627,6.2791
600160.SH,600160,巨化股份,化工原料,主板,1998-06-26,6012334.5224,6.3961
600161.SH,600161,天坛生物,生物制药,主板,1998-06-16,4971111.8152,3.8887
600163.SH,600163,中闽能源,新型电力,主板,1998-06-02,962916.0484,6.1864
600166.SH,600166,福田汽车,汽车整车,主板,1998-06-02,1795027.4288,6.0632
600167.SH,600167,联美控股,供气供热,主板,1999-01-28,1354566.7292,2.0982
600170.SH,600170,上海建工,建筑工程,主板,1998-06-23,2177055.2373,8.2978
600171.SH,600171,上海贝岭,半导体,主板,1998-09-24,1802791.9595,23.8811
600176.SH,600176,中国巨石,玻璃,主板,1999-04-22,4707688.7921,3.7169
600177.SH,600177,雅戈尔,服饰,主板,1998-11-19,3735741.0568,3.6286
600183.SH,600183,生益科技,元器件,主板,1998-10-28,4941870.2301,4.615
600185.SH,600185,格力地产,区域地产,主板,1999-06-11,1208288.7146,9.0053
600188.SH,600188,兖矿能源,煤炭开采,主板,1998-07-01,9831577.8779,6.1767
600195.SH,600195,中牧股份,农业综合,主板,1999-01-07,738290.192,8.3238
600196.SH,600196,复星医药,化学制药,主板,1998-08-07,5861858.5788,5.492
600197.SH,600197,伊力特,白酒,主板,1999-09-16,901060.964,8.6246
600199.SH,600199,金种子酒,白酒,主板,1998-08-12,961698.9567,12.4823
600200.SH,600200,江苏吴中,化学制药,主板,1999-04-01,749977.8514,7.7895
600201.SH,600201,生物股份,农业综合,主板,1999-01-15,817869.535,5.3428
600206.SH,600206,有研新材,半导体,主板,1999-03-19,921050.0252,6.437
600208.SH,600208,衢州发展,全国地产,主板,1999-06-23,2254558.834,5.8284
600210.SH,600210,紫江企业,广告包装,主板,1999-08-24,908524.9586,6.5695
600211.SH,600211,西藏药业,生物制药,主板,1999-07-21,1305070.4246,8.536
600216.SH,600216,浙江医药,化学制药,主板,1999-10-21,1665549.1787,9.9941
600219.SH,600219,南山铝业,铝,主板,1999-12-23,5128346.1474,3.9014
600221.SH,600221,海航控股,空运,主板,1999-11-25,4240575.2886,2.9372
600223.SH,600223,福瑞达,日用化工,主板,2000-01-13,785807.6631,6.4613
600233.SH,600233,圆通速递,仓储物流,主板,2000-06-08,6149797.5555,2.5789
600236.SH,600236,桂冠电力,水力发电,主板,2000-03-23,5549193.9726,5.1772
600246.SH,600246,万通发展,区域地产,主板,2000-09-22,1589905.5696,7.9678
600248.SH,600248,陕建股份,建筑工程,主板,2000-06-22,1534848.6833,7.4202
600252.SH,600252,中恒集团,中成药,主板,2000-11-30,818624.8803,3.8027
600256.SH,600256,广汇能源,石油开采,主板,2000-05-26,4720777.9449,4.6654
600258.SH,600258,首旅酒店,酒店餐饮,主板,2000-06-01,1652572.6265,10.3542
600259.SH,600259,广晟有色,小金属,主板,2000-05-25,988139.7393,6.4685
600266.SH,600266,城建发展,区域地产,主板,1999-02-03,1257900.5652,13.7812
600267.SH,600267,海正药业,化学制药,主板,2000-07-25,1032838.8715,5.0391
600269.SH,600269,赣粤高速,路桥,主板,2000-05-18,1209740.8333,5.7971
600271.SH,600271,航天信息,软件服务,主板,2003-07-11,1854737.5226,5.4865
600273.SH,600273,嘉化能源,化工原料,主板,2003-06-27,1133701.8437,6.8021
600276.SH,600276,恒瑞医药,化学制药,主板,2000-10-18,33362181.893,2.6195
600282.SH,600282,南钢股份,普钢,主板,2000-09-19,2990069.1403,3.8687
600285.SH,600285,羚锐制药,中成药,主板,2000-10-18,1405312.1743,5.9949
600295.SH,600295,鄂尔多斯,特种钢,主板,2001-04-26,2028916.8129,7.019
600298.SH,600298,安琪酵母,食品,主板,2000-08-18,3112073.9913,7.3978
600299.SH,600299,安迪苏,饲料,主板,2000-04-20,3027866.5372,5.9194
600305.SH,600305,恒顺醋业,食品,主板,2001-02-06,937572.4468,5.1173
600309.SH,600309,万华化学,化工原料,主板,2001-01-05,28672166.1886,2.8536
600312.SH,600312,平高电气,电气设备,主板,2001-02-21,2842750.1424,6.0974
600315.SH,600315,上海家化,日用化工,主板,2001-03-15,1253029.2267,6.6341
600316.SH,600316,洪都航空,航空,主板,2000-12-15,1792069.1655,7.7655
600320.SH,600320,振华重工,专用机械,主板,2000-12-21,1358697.0433,5.1204
600323.SH,600323,瀚蓝环境,环境保护,主板,2000-12-25,1781533.514,4.7612
600325.SH,600325,华发股份,区域地产,主板,2004-02-25,1889861.8528,9.109
600326.SH,600326,西藏天路,水泥,主板,2001-01-16,800526.4481,19.2844
600328.SH,600328,中盐化工,化工原料,主板,2000-12-22,1270875.3941,7.5789
600329.SH,600329,达仁堂,中成药,主板,2001-06-06,2008831.6698,6.1128
600330.SH,600330,天通股份,专用机械,主板,2001-01-18,909041.1646,6.0532
600331.SH,600331,宏达股份,农药化肥,主板,2001-12-20,1446784.0,6.2101
600332.SH,600332,白云山,中成药,主板,2001-02-06,4310461.6496,4.9213
600335.SH,600335,国机汽车,汽车服务,主板,2001-03-05,1002178.4236,10.4438
600338.SH,600338,西藏珠峰,铅锌,主板,2000-12-27,1014773.2865,9.6396
600339.SH,600339,中油工程,石油开采,主板,2000-12-25,2009933.0896,7.5754
600346.SH,600346,恒力石化,石油加工,主板,2001-08-20,11023230.2649,3.0304
600348.SH,600348,华阳股份,煤炭开采,主板,2003-08-21,3055552.5,6.7101
600350.SH,600350,山东高速,路桥,主板,2002-03-18,4468766.624,7.1644
600352.SH,600352,浙江龙盛,染料涂料,主板,2003-08-01,3422505.1167,3.6701
600362.SH,600362,江西铜业,铜,主板,2002-01-11,5065678.9156,7.8939
600363.SH,600363,联创光电,元器件,主板,2001-03-29,1302856.0965,7.0723
600366.SH,600366,宁波韵升,矿物制品,主板,2000-10-30,713866.8592,4.9142
600369.SH,600369,西南证券,证券,主板,2001-01-09,3075458.1434,6.051
600372.SH,600372,中航机载,航空,主板,2001-07-06,6164815.1302,4.2378
600373.SH,600373,中文传媒,出版业,主板,2002-03-04,2116609.5291,7.0409
600377.SH,600377,宁沪高速,路桥,主板,2001-01-16,5425715.1424,8.3141
600378.SH,600378,昊华科技,化工原料,主板,2001-01-11,2891303.6091,1.969
600380.SH,600380,健康元,化学制药,主板,2001-06-08,2224675.8985,4.4676
600383.SH,600383,金地集团,全国地产,主板,2001-04-12,2469477.2139,9.275
600388.SH,600388,龙净环保,环境保护,主板,2000-12-29,1374086.542,3.3319
600392.SH,600392,盛和资源,小金属,主板,2003-05-29,1761590.7029,5.2647
600395.SH,600395,盘江股份,煤炭开采,主板,2001-05-31,1260068.8128,4.7601
600398.SH,600398,海澜之家,服饰,主板,2000-12-28,3640499.8844,11.8693
600399.SH,600399,抚顺特钢,特种钢,主板,2000-12-29,1242423.0,12.668
600406.SH,600406,国电南瑞,电气设备,主板,2003-10-16,22093069.2036,3.1123
600409.SH,600409,三友化工,化纤,主板,2003-06-18,1217966.1743,6.3864
600415.SH,600415,小商品城,商品城,主板,2002-05-09,5278096.4751,5.4877
600416.SH,600416,湘电股份,电气设备,主板,2002-07-18,1577233.6696,5.4099
600418.SH,600418,江淮汽车,汽车整车,主板,2001-08-24,5477496.5558,8.0949
600420.SH,600420,国药现代,化学制药,主板,2004-06-16,1756936.2265,5.8079
600422.SH,600422,昆药集团,中成药,主板,2000-12-06,1199049.5991,8.8711
600426.SH,600426,华鲁恒升,农药化肥,主板,2002-06-20,5541000.6872,3.728
600428.SH,600428,中远海特,水运,主板,2002-04-18,1455429.2227,7.4201
600435.SH,600435,北方导航,专用机械,主板,2003-07-04,1638923.626,6.5194
600436.SH,600436,片仔癀,中成药,主板,2003-06-16,15595146.5613,2.3111
600438.SH,600438,通威股份,电气设备,主板,2004-03-02,10278015.9772,3.8257
600446.SH,600446,金证股份,软件服务,主板,2003-12-24,1303966.9569,2.3811
600452.SH,600452,涪陵电力,水力发电,主板,2004-03-03,1657928.4447,5.8848
600456.SH,600456,宝钛股份,小金属,主板,2002-04-12,1487799.2564,8.644
600458.SH,600458,时代新材,塑料,主板,2002-12-19,867824.8023,5.2953
600459.SH,600459,贵研铂业,小金属,主板,2003-05-16,1095391.6604,5.4889
600460.SH,600460,士兰微,半导体,主板,2003-03-11,3764130.5134,9.8223
600461.SH,600461,洪城环境,水务,主板,2004-06-01,1186662.509,5.4693
600475.SH,600475,华光环能,环境保护,主板,2003-07-21,926385.5807,7.0136
600480.SH,600480,凌云股份,汽车配件,主板,2003-08-15,871117.1395,7.41
600481.SH,600481,双良节能,电气设备,主板,2003-04-22,866124.1043,5.9548
600482.SH,600482,中国动力,船舶,主板,2004-07-14,5301649.3308,4.1401
600483.SH,600483,福能股份,火力发电,主板,2004-05-31,2730222.4408,8.7276
600486.SH,600486,扬农化工,农药化肥,主板,2002-04-25,2497785.1898,2.2676
600487.SH,600487,亨通光电,通信设备,主板,2003-08-22,4171248.305,5.7652
600489.SH,600489,中金黄金,黄金,主板,2003-08-14,7367915.0973,7.1119
600497.SH,600497,驰宏锌锗,铅锌,主板,2004-04-20,2917310.0685,7.3159
600498.SH,600498,烽火通信,通信设备,主板,2001-08-23,1972231.7163,8.0153
600499.SH,600499,科达制造,专用机械,主板,2002-10-10,1666617.2038,4.4975
600500.SH,600500,中化国际,塑料,主板,2000-03-01,1646305.7436,4.2519
600502.SH,600502,安徽建工,建筑工程,主板,2003-04-15,834235.4939,7.4588
600507.SH,600507,方大特钢,特种钢,主板,2003-09-30,1010863.1079,5.4523
600508.SH,600508,上海能源,煤炭开采,主板,2001-08-29,1033486.74,7.0723
600509.SH,600509,天富能源,火力发电,主板,2002-02-28,806734.0751,6.7649
600511.SH,600511,国药股份,医药商业,主板,2002-11-27,1911811.8949,4.2384
600515.SH,600515,海南机场,机场,主板,2002-08-06,3514412.7906,3.0056
600516.SH,600516,方大炭素,矿物制品,主板,2002-08-30,2012985.184,4.8451
600517.SH,600517,国网英大,多元金融,主板,2003-10-10,3150858.0949,7.7275
600519.SH,600519,贵州茅台,白酒,主板,2001-08-27,219583375.44,2.8644
600521.SH,600521,华海药业,化学制药,主板,2003-03-04,2873373.9344,5.1316
600522.SH,600522,中天科技,通信设备,主板,2002-10-24,5286659.0109,5.6002
600528.SH,600528,中铁工业,运输设备,主板,2001-05-28,1835001.6117,4.8975
600529.SH,600529,山东药玻,医疗保健,主板,2002-06-03,1932444.2971,5.4031
600531.SH,600531,豫光金铅,铅锌,主板,2002-07-30,767530.8143,12.8254
600535.SH,600535,天士力,中成药,主板,2002-08-23,2412729.2581,5.9242
600536.SH,600536,中国软件,软件服务,主板,2002-05-17,3532823.6925,10.284
600546.SH,600546,山煤国际,煤炭开采,主板,2003-07-31,2767508.7714,7.474
600547.SH,600547,山东黄金,黄金,主板,2003-08-28,10586704.5634,6.3031
600548.SH,600548,深高速,路桥,主板,2001-12-25,1529299.4378,7.0968
600549.SH,600549,厦门钨业,小金属,主板,2002-11-07,2959444.2436,5.7829
600550.SH,600550,保变电气,电气设备,主板,2001-02-28,1802856.3819,45.3901
600552.SH,600552,凯盛科技,元器件,主板,2002-11-08,1187370.8658,21.2856
600556.SH,600556,天下秀,互联网,主板,2001-08-07,809870.9436,5.9077
600557.SH,600557,康缘药业,中成药,主板,2002-09-18,894356.597,9.9704
600559.SH,600559,老白干酒,白酒,主板,2002-10-29,2099718.293,11.4546
600562.SH,600562,国睿科技,通信设备,主板,2003-01-28,1901642.9375,6.3453
600563.SH,600563,法拉电子,元器件,主板,2002-12-10,2322000.0,5.8292
600566.SH,600566,济川药业,中成药,主板,2001-08-22,2868123.2371,6.3689
600567.SH,600567,山鹰国际,造纸,主板,2001-12-18,831526.8464,6.712
600570.SH,600570,恒生电子,软件服务,主板,2003-12-16,4331909.1004,0.8234
600572.SH,600572,康恩贝,中成药,主板,2004-04-12,1261141.3693,5.8156
600575.SH,600575,淮河能源,火力发电,主板,2003-03-28,1488437.9879,4.262
600577.SH,600577,精达股份,电气设备,主板,2002-09-11,1104947.6252,8.5983
600578.SH,600578,京能电力,火力发电,主板,2002-05-10,2470315.1545,7.1725
600580.SH,600580,卧龙电驱,电气设备,主板,2002-06-06,1664146.3123,8.4956
600582.SH,600582,天地科技,专用机械,主板,2002-05-15,2698359.9576,6.0118
600583.SH,600583,海油工程,石油开采,主板,2002-02-05,2573228.4936,5.0425
600584.SH,600584,长电科技,半导体,主板,2003-06-03,6322001.6758,6.743
600585.SH,600585,海螺水泥,水泥,主板,2002-02-07,10455222.5415,4.0357
600586.SH,600586,金晶科技,玻璃,主板,2002-08-15,865834.62,5.2765
600587.SH,600587,新华医疗,医疗保健,主板,2002-09-27,1149908.7997,4.3671
600588.SH,600588,用友网络,软件服务,主板,2001-05-18,3929547.0204,3.5095
600595.SH,600595,中孚实业,铝,主板,2002-06-26,1214395.2495,5.447
600596.SH,600596,新安股份,化工原料,主板,2001-09-06,1135229.3352,4.1647
600597.SH,600597,光明乳业,乳制品,主板,2002-08-28,1276449.6661,9.3166
600598.SH,600598,北大荒,种植业,主板,2002-03-29,2641632.3448,10.1842
600600.SH,600600,青岛啤酒,啤酒,主板,1993-08-27,5555257.4384,7.4062
600601.SH,600601,方正科技,元器件,主板,1990-12-19,1388707.6646,9.1304
600602.SH,600602,云赛智联,软件服务,主板,1990-12-19,1420228.5528,11.6535
600606.SH,600606,绿地控股,全国地产,主板,1992-03-27,2923277.4093,0.6404
600612.SH,600612,老凤祥,服饰,主板,1992-08-14,1993351.1342,5.2625
600621.SH,600621,华鑫股份,证券,主板,1992-12-02,1771701.8176,19.4262
600623.SH,600623,华谊集团,化工原料,主板,1992-12-04,1344506.0629,8.0524
600633.SH,600633,浙数文化,互联网,主板,1993-03-04,1318891.205,6.4839
600635.SH,600635,大众公用,供气供热,主板,1993-03-04,873183.7947,7.4868
600637.SH,600637,东方明珠,影视音像,主板,1993-03-16,2524786.7626,4.2421
600639.SH,600639,浦东金桥,园区开发,主板,1993-03-26,1022834.7537,13.5743
600640.SH,600640,国脉文化,影视音像,主板,1993-04-07,942103.993,8.0342
600641.SH,600641,万业企业,区域地产,主板,1993-04-07,1193067.5574,4.9378
600642.SH,600642,申能股份,火力发电,主板,1993-04-16,4166700.5921,3.6358
600643.SH,600643,爱建集团,多元金融,主板,1993-04-26,986018.0639,20.5016
600645.SH,600645,中源协和,医疗保健,主板,1993-05-04,1023948.8912,8.1143
600648.SH,600648,外高桥,园区开发,主板,1993-05-04,1030140.3696,5.6837
600649.SH,600649,城投控股,区域地产,主板,1993-05-18,1249610.3632,17.0775
600655.SH,600655,豫园股份,百货,主板,1992-09-02,2478139.4514,3.1291
600657.SH,600657,信达地产,全国地产,主板,1993-05-24,1303308.5179,21.2208
600660.SH,600660,福耀玻璃,汽车配件,主板,1993-06-10,11657380.4522,2.3594
600662.SH,600662,外服控股,文教休闲,主板,1993-06-14,985319.0213,6.8803
600663.SH,600663,陆家嘴,园区开发,主板,1993-06-28,3226807.584,5.8916
600664.SH,600664,哈药股份,化学制药,主板,1993-06-29,944441.2035,6.0329
600667.SH,600667,太极实业,半导体,主板,1993-07-28,1339536.9532,5.6768
600673.SH,600673,东阳光,综合类,主板,1993-09-17,2377233.8782,2.2941
600674.SH,600674,川投能源,水力发电,主板,1993-09-24,9188633.8708,4.0519
600675.SH,600675,中华企业,区域地产,主板,1993-09-24,2019409.2006,6.2625
600682.SH,600682,南京新百,生物制药,主板,1993-10-18,786415.6856,9.64
600685.SH,600685,中船防务,船舶,主板,1993-10-28,2221160.7294,10.0535
600686.SH,600686,金龙汽车,汽车整车,主板,1993-11-08,967296.9655,33.3317
600688.SH,600688,上海石化,石油加工,主板,1993-11-08,2191315.2365,4.5333
600690.SH,600690,海尔智家,家用电器,主板,1993-11-19,20108221.0204,2.55
600699.SH,600699,均胜电子,汽车配件,主板,1993-12-06,2359945.9764,6.4084
600702.SH,600702,舍得酒业,白酒,主板,1996-05-24,1989297.742,0.7734
600703.SH,600703,三安光电,半导体,主板,1996-05-28,6216317.3338,4.3846
600704.SH,600704,物产中大,仓储物流,主板,1996-06-06,2628388.0404,5.5489
600705.SH,600705,中航产融,多元金融,主板,1996-05-16,3257637.1882,14.8154
600707.SH,600707,彩虹股份,元器件,主板,1996-05-20,2683576.9595,4.1964
600710.SH,600710,苏美达,商贸代理,主板,1996-07-01,1200902.7298,8.8119
600717.SH,600717,天津港,港口,主板,1996-06-14,1444106.518,6.236
600718.SH,600718,东软集团,软件服务,主板,1996-06-18,1233796.0547,5.3596
600720.SH,600720,中交设计,建筑工程,主板,1996-07-16,775386.5243,4.9461
600732.SH,600732,爱旭股份,电气设备,主板,1996-08-16,1645005.3811,8.7097
600733.SH,600733,北汽蓝谷,汽车整车,主板,1996-08-16,3930833.9902,15.095
600737.SH,600737,中粮糖业,食品,主板,1996-07-31,2196597.1302,9.2786
600739.SH,600739,辽宁成大,生物制药,主板,1996-08-19,1771403.9669,6.0414
600740.SH,600740,山西焦化,焦炭加工,主板,1996-08-08,1137581.7924,6.0883
600741.SH,600741,华域汽车,汽车配件,主板,1996-08-26,5652834.1033,3.3211
600745.SH,600745,闻泰科技,半导体,主板,1996-08-28,4067716.1612,6.0146
600750.SH,600750,江中药业,中成药,主板,1996-09-23,1476354.8052,6.5644
600754.SH,600754,锦江酒店,酒店餐饮,主板,1996-10-11,2863700.0494,9.074
600755.SH,600755,厦门国贸,仓储物流,主板,1996-10-03,1582061.5974,5.4789
600757.SH,600757,长江传媒,出版业,主板,1996-10-03,1138260.2826,7.5828
600760.SH,600760,中航沈飞,航空,主板,1996-10-11,12820665.6535,4.0664
600761.SH,600761,安徽合力,工程机械,主板,1996-10-09,1938147.4479,5.2618
600763.SH,600763,通策医疗,医疗保健,主板,1996-10-30,2621561.5147,7.6121
600764.SH,600764,中国海防,船舶,主板,1996-11-04,1785811.647,4.0557
600765.SH,600765,中航重机,航空,主板,1996-11-06,2971136.7936,4.4845
600771.SH,600771,广誉远,中成药,主板,1996-11-05,1093033.7179,5.3488
600773.SH,600773,西藏城投,区域地产,主板,1996-11-08,1054903.3775,8.7473
600776.SH,600776,东方通信,通信设备,主板,1996-11-26,1069764.0716,15.0888
600779.SH,600779,水井坊,白酒,主板,1996-12-06,2243043.901,7.2919
600780.SH,600780,通宝能源,火力发电,主板,1996-12-05,736054.6198,4.6892
600782.SH,600782,新钢股份,普钢,主板,1996-12-25,1135580.4258,7.7011
600787.SH,600787,中储股份,仓储物流,主板,1997-01-21,1154482.3376,7.5109
600789.SH,600789,鲁抗医药,化学制药,主板,1997-02-26,755410.9614,19.21
600795.SH,600795,国电电力,火力发电,主板,1997-03-18,9756083.6379,4.6825
600801.SH,600801,华新水泥,水泥,主板,1994-01-03,1912904.2485,6.7267
600803.SH,600803,新奥股份,供气供热,主板,1994-01-03,5844444.4029,3.3896
600808.SH,600808,马钢股份,普钢,主板,1994-01-06,1420324.7823,6.199
600809.SH,600809,山西汾酒,白酒,主板,1994-01-06,26703796.8554,4.6519
600810.SH,600810,神马股份,化纤,主板,1994-01-06,772693.4745,5.6518
600820.SH,600820,隧道股份,建筑工程,主板,1994-01-28,2081391.6142,5.0111
600821.SH,600821,金开新能,新型电力,主板,1994-01-28,1174390.9104,3.558
600827.SH,600827,百联股份,超市连锁,主板,1994-02-04,1537063.0234,5.6269
600835.SH,600835,上海机电,运输设备,主板,1994-02-24,1129106.02,7.9574
600839.SH,600839,四川长虹,家用电器,主板,1994-03-11,2727440.5509,13.5767
600845.SH,600845,宝信软件,软件服务,主板,1994-03-11,6997687.7916,7.5096
600848.SH,600848,上海临港,园区开发,主板,1994-03-24,2736241.728,4.0243
600850.SH,600850,电科数字,软件服务,主板,1994-03-24,1278668.5307,5.4436
600859.SH,600859,王府井,百货,主板,1994-05-06,1772514.1016,11.8687
600862.SH,600862,中航高科,航空,主板,1994-05-20,2990876.4327,4.0705
600863.SH,600863,内蒙华电,火力发电,主板,1994-05-20,3132906.1493,6.748
600864.SH,600864,哈投股份,证券,主板,1994-08-09,1346129.1264,14.1934
600867.SH,600867,通化东宝,生物制药,主板,1994-08-24,1737980.7829,5.2228
600869.SH,600869,远东股份,电气设备,主板,1995-02-06,945444.2698,7.6077
600871.SH,600871,石化油服,石油开采,主板,1995-04-11,2795291.9815,6.6633
600872.SH,600872,中炬高新,食品,主板,1995-01-24,1798714.8874,9.5828
600873.SH,600873,梅花生物,食品,主板,1995-02-17,3109539.7375,3.802
600874.SH,600874,创业环保,环境保护,主板,1995-06-30,722255.4159,6.8496
600875.SH,600875,东方电气,电气设备,主板,1995-10-10,3196820.4132,6.6251
600877.SH,600877,电科芯片,半导体,主板,1995-10-13,1213324.9588,6.5447
600879.SH,600879,航天电子,航空,主板,1995-11-15,2712505.4099,6.5411
600882.SH,600882,妙可蓝多,乳制品,主板,1995-12-06,855129.5905,7.4596
600884.SH,600884,杉杉股份,电气设备,主板,1996-01-30,1637744.4105,5.7379
600885.SH,600885,宏发股份,电气设备,主板,1996-02-05,3393909.8201,2.5428
600886.SH,600886,国投电力,水力发电,主板,1996-01-18,11807155.3232,4.0796
600887.SH,600887,伊利股份,乳制品,主板,1996-03-12,18328908.7202,4.4067
600888.SH,600888,新疆众和,铝,主板,1996-02-15,1061634.7438,5.8411
600893.SH,600893,航发动力,航空,主板,1996-04-08,11004300.1258,3.4942
600894.SH,600894,广日股份,运输设备,主板,1996-03-28,1116211.0697,8.6545
600895.SH,600895,张江高科,园区开发,主板,1996-04-22,3696721.9559,19.594
600900.SH,600900,长江电力,水力发电,主板,2003-11-18,72141805.7915,3.3965
600901.SH,600901,江苏金租,多元金融,主板,2018-03-01,3084872.4604,5.5144
600905.SH,600905,三峡能源,新型电力,主板,2021-06-10,13864140.4345,3.2031
600906.SH,600906,财达证券,证券,主板,2021-05-07,1705760.6649,15.3309
600908.SH,600908,无锡银行,银行,主板,2016-09-23,1225578.6636,5.1681
600909.SH,600909,华安证券,证券,主板,2016-12-06,2804506.7757,8.8965
600916.SH,600916,中国黄金,服饰,主板,2021-02-05,1590960.0,10.8005
600918.SH,600918,中泰证券,证券,主板,2020-06-03,2908096.7875,5.8786
600919.SH,600919,江苏银行,银行,主板,2016-08-02,15415112.5489,3.0624
600925.SH,600925,苏能股份,煤炭开采,主板,2023-03-29,900993.2567,5.6375
600926.SH,600926,杭州银行,银行,主板,2016-10-27,7561472.4973,2.716
600927.SH,600927,永安期货,多元金融,主板,2021-12-23,796024.668,10.2828
600928.SH,600928,西安银行,银行,主板,2019-03-01,1640282.0323,6.691
600933.SH,600933,爱柯迪,汽车配件,主板,2017-11-17,1416593.4495,5.3959
600938.SH,600938,中国海油,石油开采,主板,2022-04-21,8539764.8183,6.1657
600941.SH,600941,中国移动,电信运营,主板,2022-01-05,8322092.851,6.9523
600955.SH,600955,维远股份,化工原料,主板,2021-09-15,827200.0,2.7817
600956.SH,600956,新天绿能,供气供热,主板,2020-06-29,1764803.7906,6.4125
600958.SH,600958,东方证券,证券,主板,2015-03-23,8298595.4619,5.4177
600959.SH,600959,江苏有线,影视音像,主板,2015-04-28,1660238.2718,4.5279
600963.SH,600963,岳阳林纸,造纸,主板,2004-05-25,869996.0877,7.4729
600967.SH,600967,内蒙一机,运输设备,主板,2004-05-18,1342141.6152,5.01
600968.SH,600968,海油发展,石油开采,主板,2019-06-26,4614957.3063,5.3679
600970.SH,600970,中材国际,建筑工程,主板,2005-04-12,2021313.5195,5.0565
600971.SH,600971,恒源煤电,煤炭开采,主板,2004-08-17,1329605.4115,6.577
600976.SH,600976,健民集团,中成药,主板,2004-04-19,790867.4774,6.0363
600977.SH,600977,中国电影,影视音像,主板,2016-08-09,2259070.0,8.4894
600985.SH,600985,淮北矿业,煤炭开采,主板,2004-04-28,4850558.9349,4.0599
600987.SH,600987,航民股份,纺织,主板,2004-08-09,830146.8986,4.6137
600988.SH,600988,赤峰黄金,黄金,主板,2004-04-14,3356109.2494,12.1175
600989.SH,600989,宝丰能源,化工原料,主板,2019-05-16,12723379.6,3.1682
600993.SH,600993,马应龙,中成药,主板,2004-05-17,1173877.5396,5.8107
600995.SH,600995,南网储能,水力发电,主板,2004-06-15,1193393.3679,4.2481
600997.SH,600997,开滦股份,焦炭加工,主板,2004-06-02,1163857.2908,6.7589
600998.SH,600998,九州通,医药商业,主板,2010-11-02,2894377.9143,4.3025
600999.SH,600999,招商证券,证券,主板,2009-11-17,14428378.2488,4.7778
601000.SH,601000,唐山港,港口,主板,2010-07-05,3063705.0934,6.0519
601001.SH,601001,晋控煤业,煤炭开采,主板,2006-06-23,2853658.5,4.6269
601006.SH,601006,大秦铁路,铁路,主板,2006-08-01,12452031.5652,3.7327
601009.SH,601009,南京银行,银行,主板,2007-07-19,10087890.3586,2.5935
601012.SH,601012,隆基绿能,电气设备,主板,2012-04-11,13307033.3618,7.1296
601016.SH,601016,节能风电,新型电力,主板,2014-09-29,1960719.9193,6.2027
601018.SH,601018,宁波港,港口,主板,2010-09-28,6070048.2701,3.0734
601019.SH,601019,山东出版,出版业,主板,2017-11-22,2700448.6,5.5382
601020.SH,601020,华钰矿业,铅锌,主板,2016-03-16,1063494.2133,14.2323
601021.SH,601021,春秋航空,空运,主板,2015-01-21,6048410.1637,5.1356
601028.SH,601028,玉龙股份,商贸代理,主板,2011-11-07,1114245.6565,16.2659
601038.SH,601038,一拖股份,农用机械,主板,2012-08-08,1363166.9273,8.963
601058.SH,601058,赛轮轮胎,汽车配件,主板,2011-06-30,5274112.8154,4.7942
601059.SH,601059,信达证券,证券,主板,2023-02-01,1179178.0,12.9986
601066.SH,601066,中信建投,证券,主板,2018-06-20,10237318.3803,6.509
601068.SH,601068,中铝国际,建筑工程,主板,2018-08-31,1203007.6135,10.6638
601069.SH,601069,西部黄金,黄金,主板,2015-01-22,865250.8414,15.8565
601077.SH,601077,渝农商行,银行,主板,2019-10-29,4806824.1412,3.5443
601088.SH,601088,中国神华,煤炭开采,主板,2007-10-09,71900925.4838,3.5819
601098.SH,601098,中南传媒,出版业,主板,2010-10-28,2500032.0,4.6102
601099.SH,601099,太平洋,证券,主板,2007-12-28,3162770.7957,14.8873
601100.SH,601100,恒立液压,工程机械,主板,2011-10-28,8447172.2496,3.4516
601101.SH,601101,昊华能源,煤炭开采,主板,2010-03-31,1442877.9219,8.3348
601106.SH,601106,中国一重,工程机械,主板,2010-02-09,1954468.1342,2.2346
601107.SH,601107,四川成渝,路桥,主板,2009-07-27,1115973.84,8.1393
601108.SH,601108,财通证券,证券,主板,2017-10-24,4049340.8911,8.2007
601111.SH,601111,中国国航,空运,主板,2006-08-18,9170830.2655,7.0528
601117.SH,601117,中国化学,建筑工程,主板,2010-01-07,4984796.7031,4.6755
601118.SH,601118,海南橡胶,橡胶,主板,2011-01-07,2533421.2558,6.6246
601126.SH,601126,四方股份,电气设备,主板,2010-12-31,1626344.0,7.0927
601127.SH,601127,赛力斯,汽车整车,主板,2016-06-15,13651450.5891,12.7217
601128.SH,601128,常熟银行,银行,主板,2016-09-30,2216011.6333,4.2844
601136.SH,601136,首创证券,证券,主板,2022-12-22,1143524.025,23.0634
601137.SH,601137,博威合金,小金属,主板,2011-01-27,1355964.5141,10.0127
601138.SH,601138,工业富联,通信设备,主板,2018-06-08,50033423.2414,8.3619
601139.SH,601139,深圳燃气,供气供热,主板,2009-12-25,2171935.6173,5.0606
601155.SH,601155,新城控股,区域地产,主板,2015-12-04,3239074.4212,7.1364
601156.SH,601156,东航物流,仓储物流,主板,2021-06-09,1745612.5875,6.8656
601158.SH,601158,重庆水务,水务,主板,2010-03-29,2385600.0,7.642
601162.SH,601162,天风证券,证券,主板,2018-10-19,3804267.5267,1.3784
601163.SH,601163,三角轮胎,汽车配件,主板,2016-09-09,1276800.0,6.8644
601166.SH,601166,兴业银行,银行,主板,2007-02-05,40032076.6704,1.808
601168.SH,601168,西部矿业,铜,主板,2007-07-12,4520551.0,3.9372
601169.SH,601169,北京银行,银行,主板,2007-09-19,12347502.8148,2.1898
601179.SH,601179,中国西电,电气设备,主板,2010-01-28,4464643.5286,9.5205
601186.SH,601186,中国铁建,建筑工程,主板,2008-03-10,10249391.7405,5.0529
601198.SH,601198,东兴证券,证券,主板,2015-02-26,3539527.8444,8.149
601200.SH,601200,上海环境,环境保护,主板,2017-03-31,1136218.3318,6.9728
601208.SH,601208,东材科技,化工原料,主板,2011-05-20,756884.9904,8.2342
601212.SH,601212,白银有色,铜,主板,2017-02-15,2384337.3925,5.5975
601216.SH,601216,君正集团,化工原料,主板,2011-02-22,3873049.982,5.5033
601222.SH,601222,林洋能源,新型电力,主板,2011-08-08,1565728.5586,5.9279
601225.SH,601225,陕西煤业,煤炭开采,主板,2014-01-28,26738810.0,3.5952
601228.SH,601228,广州港,港口,主板,2017-03-29,2678308.6296,6.7082
601229.SH,601229,上海银行,银行,主板,2016-11-16,10925773.5521,1.8556
601231.SH,601231,环旭电子,元器件,主板,2012-02-20,3531702.872,7.1426
601233.SH,601233,桐昆股份,化纤,主板,2011-05-18,3076707.2485,7.4085
601236.SH,601236,红塔证券,证券,主板,2019-07-05,4141339.6375,10.9444
601238.SH,601238,广汽集团,汽车整车,主板,2012-03-29,6500866.0109,5.8664
601288.SH,601288,农业银行,银行,主板,2010-07-15,153237221.173,5.8026
601298.SH,601298,青岛港,港口,主板,2019-01-21,4960709.0,7.5411
601311.SH,601311,骆驼股份,电气设备,主板,2011-06-02,1026502.8533,5.5731
601318.SH,601318,中国平安,保险,主板,2007-03-01,61444012.7808,2.833
601319.SH,601319,中国人保,保险,主板,2018-11-16,26410330.8978,10.7263
601326.SH,601326,秦港股份,港口,主板,2017-08-16,1736509.035,6.2287
601328.SH,601328,交通银行,银行,主板,2007-05-15,29045639.3711,2.1449
601333.SH,601333,广深铁路,铁路,主板,2006-12-22,2136545.586,4.781
601336.SH,601336,新华保险,保险,主板,2011-12-16,9680609.4163,7.04
601339.SH,601339,百隆东方,纺织,主板,2012-06-12,795000.0,4.2967
601360.SH,601360,三六零,互联网,主板,2012-01-16,6295064.9766,7.6977
601369.SH,601369,陕鼓动力,机械基件,主板,2010-04-28,1501547.2901,5.5814
601375.SH,601375,中原证券,证券,主板,2017-01-03,1644466.8969,9.9983
601377.SH,601377,兴业证券,证券,主板,2010-10-13,5889743.3345,6.6556
601390.SH,601390,中国中铁,建筑工程,主板,2007-12-03,13415578.7295,3.8291
601398.SH,601398,工商银行,银行,主板,2006-10-27,166620347.3491,4.8088
601456.SH,601456,国联证券,证券,主板,2020-07-31,3005529.5253,15.3292
601500.SH,601500,通用股份,汽车配件,主板,2016-09-19,846774.2147,10.7269
601519.SH,601519,大智慧,软件服务,主板,2011-01-28,1675231.6416,3.901
601528.SH,601528,瑞丰银行,银行,主板,2021-06-25,927760.5606,3.3642
601555.SH,601555,东吴证券,证券,主板,2011-12-12,4183647.7888,6.1496
601567.SH,601567,三星医疗,电气设备,主板,2011-06-15,4895087.4525,3.7019
601577.SH,601577,长沙银行,银行,主板,2018-09-26,3365312.1941,2.6241
601595.SH,601595,上海电影,影视音像,主板,2016-08-17,1133946.0,23.6113
601598.SH,601598,中国外运,仓储物流,主板,2019-01-18,2901266.115,8.9113
601600.SH,601600,中国铝业,铝,主板,2007-04-30,11679558.7695,4.2084
601601.SH,601601,中国太保,保险,主板,2007-12-25,26764112.0891,3.8701
601607.SH,601607,上海医药,医药商业,主板,1994-03-24,4087042.2749,5.4303
601608.SH,601608,中信重工,专用机械,主板,2012-07-06,1800859.0066,6.5816
601609.SH,601609,金田股份,铜,主板,2020-04-22,864908.0365,3.6369
601611.SH,601611,中国核建,建筑工程,主板,2016-06-06,2502585.5925,6.2851
601615.SH,601615,明阳智能,电气设备,主板,2019-01-23,2445225.7385,5.0407
601618.SH,601618,中国中冶,建筑工程,主板,2009-09-21,5962774.8028,5.3268
601628.SH,601628,中国人寿,保险,主板,2007-01-09,91623532.0,1.9793
601633.SH,601633,长城汽车,汽车整车,主板,2011-09-28,18724240.2607,4.9397
601636.SH,601636,旗滨集团,玻璃,主板,2011-08-12,1709398.5894,7.6943
601658.SH,601658,邮储银行,银行,主板,2019-12-10,35306379.8752,5.159
601665.SH,601665,齐鲁银行,银行,主板,2021-06-18,2504517.6478,2.3665
601666.SH,601666,平煤股份,煤炭开采,主板,2006-11-23,2706403.1031,7.6688
601668.SH,601668,中国建筑,建筑工程,主板,2009-07-29,25536001.2944,4.1749
601669.SH,601669,中国电建,建筑工程,主板,2011-10-18,7372340.5794,5.0502
601677.SH,601677,明泰铝业,铝,主板,2011-09-19,1791123.0246,5.5675
601678.SH,601678,滨化股份,化工原料,主板,2010-02-23,849968.982,4.1904
601688.SH,601688,华泰证券,证券,主板,2010-02-26,12838022.0707,7.3412
601689.SH,601689,拓普集团,汽车配件,主板,2015-03-19,7799552.3115,4.5299
601696.SH,601696,中银证券,证券,主板,2020-02-26,3500280.0,9.2979
601698.SH,601698,中国卫通,电信运营,主板,2019-06-28,7299737.9919,10.2764
601699.SH,601699,潞安环能,煤炭开采,主板,2006-09-22,5279837.238,6.7126
601702.SH,601702,华峰铝业,铝,主板,2020-09-07,1885225.7728,4.8381
601717.SH,601717,郑煤机,专用机械,主板,2010-08-03,2172911.5136,7.3817
601718.SH,601718,际华集团,服饰,主板,2010-08-16,1264789.2684,7.2064
601727.SH,601727,上海电气,电气设备,主板,2008-12-05,5720207.8456,4.2566
601728.SH,601728,中国电信,电信运营,主板,2021-08-20,13589545.1813,4.2494
601766.SH,601766,中国中车,运输设备,主板,2008-08-18,19875811.0052,3.5373
601778.SH,601778,晶科科技,新型电力,主板,2020-05-19,1046290.2618,5.6565
601788.SH,601788,光大证券,证券,主板,2009-08-18,7520395.2651,9.6829
601799.SH,601799,星宇股份,汽车配件,主板,2011-02-01,4218627.9804,2.0691
601800.SH,601800,中国交建,建筑工程,主板,2012-03-09,11359576.656,6.9571
601801.SH,601801,皖新传媒,出版业,主板,2010-01-18,1480196.0152,7.3607
601808.SH,601808,中海油服,石油开采,主板,2007-09-28,4760432.544,4.1985
601811.SH,601811,新华文轩,出版业,主板,2016-08-08,1242497.2191,7.3098
601816.SH,601816,京沪高铁,铁路,主板,2020-01-16,29660316.705,2.1387
601818.SH,601818,光大银行,银行,主板,2010-08-18,16706453.602,2.7454
601825.SH,601825,沪农商行,银行,主板,2021-08-19,6922221.6215,1.4671
601827.SH,601827,三峰环境,环境保护,主板,2020-06-05,1481910.644,4.3352
601828.SH,601828,美凯龙,其他商业,主板,2018-01-17,1228571.9933,1.4527
601838.SH,601838,成都银行,银行,主板,2018-01-31,5995351.5757,4.4281
601857.SH,601857,中国石油,石油开采,主板,2007-11-05,146053714.1918,4.9182
601858.SH,601858,中国科传,出版业,主板,2017-01-18,1691670.0,14.4845
601860.SH,601860,紫金银行,银行,主板,2019-01-03,1058645.7376,7.1232
601865.SH,601865,福莱特,玻璃,主板,2019-02-15,3841929.9762,6.7576
601866.SH,601866,中远海发,水运,主板,2007-12-12,2173942.2643,4.0494
601868.SH,601868,中国能建,建筑工程,主板,2021-09-28,7815323.3603,6.865
601869.SH,601869,长飞光纤,通信设备,主板,2018-07-20,1097113.4478,7.5866
601872.SH,601872,招商轮船,水运,主板,2006-12-01,6547620.3078,4.8778
601877.SH,601877,正泰电器,电气设备,主板,2010-01-21,4886755.4514,4.4394
601878.SH,601878,浙商证券,证券,主板,2017-06-26,5594242.8106,13.0292
601880.SH,601880,辽港股份,港口,主板,2010-12-06,2793267.0418,4.0245
601881.SH,601881,中国银河,证券,主板,2017-01-23,11147619.7218,8.6721
601882.SH,601882,海天精工,机床制造,主板,2016-11-07,1262718.0,7.3342
601888.SH,601888,中国中免,旅游服务,主板,2009-10-15,15073111.1997,6.5449
601890.SH,601890,亚星锚链,船舶,主板,2010-12-28,761763.6,9.2514
601898.SH,601898,中煤能源,煤炭开采,主板,2008-02-01,13499200.59,5.8689
601899.SH,601899,紫金矿业,铜,主板,2008-04-25,37289115.5673,4.643
601900.SH,601900,南方传媒,出版业,主板,2016-02-15,1315146.7989,6.6612
601901.SH,601901,方正证券,证券,主板,2011-08-10,7688782.7029,8.3796
601908.SH,601908,京运通,电气设备,主板,2011-09-08,712307.844,7.6525
601916.SH,601916,浙商银行,银行,主板,2019-11-26,6334064.1731,2.8911
601918.SH,601918,新集能源,煤炭开采,主板,2007-12-19,2269314.6168,4.2885
601919.SH,601919,中远海控,水运,主板,2007-06-26,20047374.0885,5.5945
601928.SH,601928,凤凰传媒,出版业,主板,2011-11-30,3056424.9,8.1498
601939.SH,601939,建设银行,银行,主板,2007-09-25,7607770.4816,7.9776
601949.SH,601949,中国出版,出版业,主板,2017-08-21,1301265.0,12.2756
601952.SH,601952,苏垦农发,种植业,主板,2017-05-15,1468948.0,7.8584
601958.SH,601958,金钼股份,小金属,主板,2008-04-17,3839659.236,6.2893
601963.SH,601963,重庆银行,银行,主板,2021-02-05,1519494.1154,3.8896
601965.SH,601965,中国汽研,汽车服务,主板,2012-06-11,1887094.894,3.6456
601966.SH,601966,玲珑轮胎,汽车配件,主板,2016-07-06,2967674.744,6.6985
601969.SH,601969,海南矿业,普钢,主板,2014-12-09,1432047.6335,7.2559
601975.SH,601975,招商南油,水运,主板,2019-01-08,1661442.2272,6.7626
601985.SH,601985,中国核电,新型电力,主板,2015-06-10,21054862.6267,6.1662
601988.SH,601988,中国银行,银行,主板,2006-07-05,105382757.423,3.9813
601989.SH,601989,中国重工,船舶,主板,2009-12-16,12541119.4282,4.1056
601990.SH,601990,南京证券,证券,主板,2018-06-13,3542675.6039,8.1499
601991.SH,601991,大唐发电,火力发电,主板,2006-12-20,3681638.4645,7.2926
601992.SH,601992,金隅集团,水泥,主板,2011-03-01,1541819.2788,4.5485
601995.SH,601995,中金公司,证券,主板,2020-11-02,11287797.3608,8.0228
601997.SH,601997,贵阳银行,银行,主板,2016-08-16,2215656.0341,6.4463
601998.SH,601998,中信银行,银行,主板,2007-04-27,27040912.3224,5.1683
603000.SH,603000,人民网,互联网,主板,2012-04-27,2599479.6727,15.507
603005.SH,603005,晶方科技,半导体,主板,2014-02-10,1429560.3796,12.8482
603008.SH,603008,喜临门,家居用品,主板,2012-07-17,711367.7588,4.6765
603009.SH,603009,北特科技,汽车配件,主板,2014-07-18,770557.2247,13.9054
603013.SH,603013,亚普股份,汽车配件,主板,2018-05-09,782226.4769,10.007
603019.SH,603019,中科曙光,IT设备,主板,2014-11-06,6960494.956,9.0065
603025.SH,603025,大豪科技,纺织机械,主板,2015-04-22,1519569.439,7.4046
603026.SH,603026,石大胜华,化工原料,主板,2015-05-29,732485.52,5.5946
603027.SH,603027,千禾味业,食品,主板,2016-03-07,1346700.8686,8.8678
603039.SH,603039,泛微网络,软件服务,主板,2017-01-13,974394.8899,3.2749
603043.SH,603043,广州酒家,食品,主板,2017-06-27,990229.9715,6.4099
603050.SH,603050,科林电气,电气设备,主板,2017-04-14,702810.9445,7.404
603053.SH,603053,成都燃气,供气供热,主板,2019-12-17,835556.6,7.6271
603055.SH,603055,台华新材,纺织,主板,2017-09-21,1091908.1787,4.473
603056.SH,603056,德邦股份,仓储物流,主板,2018-01-16,1568160.6897,5.3353
603077.SH,603077,和邦生物,化工原料,主板,2012-07-31,1845731.2977,4.8262
603083.SH,603083,剑桥科技,通信设备,主板,2017-11-10,905503.7459,17.5486
603087.SH,603087,甘李药业,生物制药,主板,2020-06-29,2596916.5195,7.1547
603093.SH,603093,南华期货,多元金融,主板,2019-08-30,806507.1105,25.068
603099.SH,603099,长白山,旅游景点,主板,2014-08-22,812543.49,18.1206
603100.SH,603100,川仪股份,电器仪表,主板,2014-08-05,1056475.98,6.1002
603103.SH,603103,横店影视,影视音像,主板,2017-10-12,822557.4,14.4817
603108.SH,603108,润达医疗,医药商业,主板,2015-05-27,1046213.5247,18.5013
603127.SH,603127,昭衍新药,医疗保健,主板,2017-08-25,1138020.241,13.338
603128.SH,603128,华贸物流,仓储物流,主板,2012-05-29,833862.6167,7.5638
603129.SH,603129,春风动力,摩托车,主板,2017-08-18,2481665.3708,3.4776
603156.SH,603156,养元饮品,软饮料,主板,2018-02-12,2928352.1904,2.2195
603160.SH,603160,汇顶科技,半导体,主板,2016-10-17,3204181.3903,4.6722
603171.SH,603171,税友股份,软件服务,主板,2021-06-30,1183981.13,13.6539
603179.SH,603179,新泉股份,汽车配件,主板,2017-03-17,2390705.4419,2.1446
603185.SH,603185,弘元绿能,电气设备,主板,2018-12-28,1151621.6546,10.3075
603195.SH,603195,公牛集团,家用电器,主板,2020-02-06,10711079.5897,4.936
603197.SH,603197,保隆科技,汽车配件,主板,2017-05-19,826281.589,7.7205
603198.SH,603198,迎驾贡酒,白酒,主板,2015-05-28,5833600.0,4.0187
603218.SH,603218,日月股份,电气设备,主板,2016-12-28,1293839.19,7.8969
603220.SH,603220,中贝通信,通信设备,主板,2018-11-15,968193.0625,15.0647
603225.SH,603225,新凤鸣,化纤,主板,2017-04-18,1930351.4709,6.3047
603228.SH,603228,景旺电子,元器件,主板,2017-01-06,2655929.9672,8.8107
603233.SH,603233,大参林,医药商业,主板,2017-07-31,1855182.9098,6.0511
603236.SH,603236,移远通信,通信设备,主板,2019-07-16,1280807.1199,8.3212
603259.SH,603259,药明康德,化学制药,主板,2018-05-08,13220120.1135,7.1295
603260.SH,603260,合盛硅业,化工原料,主板,2017-10-30,7096788.2668,3.9272
603267.SH,603267,鸿远电子,元器件,主板,2019-05-15,878694.824,7.8038
603277.SH,603277,银都股份,专用机械,主板,2017-09-11,1165666.194,3.4652
603279.SH,603279,景津装备,环境保护,主板,2019-07-29,1194434.9169,3.3076
603283.SH,603283,赛腾股份,专用机械,主板,2017-12-25,1349615.2008,15.9504
603288.SH,603288,海天味业,食品,主板,2014-02-11,26785412.8204,3.0285
603290.SH,603290,斯达半导,半导体,主板,2020-02-04,2184283.151,8.1798
603296.SH,603296,华勤技术,元器件,主板,2023-08-08,1357598.0834,3.2459
603297.SH,603297,永新光学,元器件,主板,2018-09-10,782755.6065,10.7753
603298.SH,603298,杭叉集团,工程机械,主板,2016-12-27,2847531.3945,3.1525
603299.SH,603299,苏盐井神,食品,主板,2015-12-31,907252.3762,12.0023
603300.SH,603300,华铁应急,多元金融,主板,2015-05-29,1062156.931,6.0044
603305.SH,603305,旭升集团,汽车配件,主板,2017-07-10,1022803.5666,10.7581
603306.SH,603306,华懋科技,汽车配件,主板,2014-09-26,707298.2135,14.2163
603308.SH,603308,应流股份,机械基件,主板,2014-01-22,845400.369,5.7961
603317.SH,603317,天味食品,食品,主板,2019-04-16,1298931.7585,10.4545
603323.SH,603323,苏农银行,银行,主板,2016-11-29,835118.2816,5.4701
603327.SH,603327,福蓉科技,元器件,主板,2019-05-23,998258.2294,13.8931
603328.SH,603328,依顿电子,元器件,主板,2014-07-01,920564.0873,12.4571
603337.SH,603337,杰克股份,纺织机械,主板,2017-01-19,1330223.3235,5.8743
603338.SH,603338,浙江鼎力,工程机械,主板,2015-03-25,3000617.531,5.5377
603345.SH,603345,安井食品,食品,主板,2017-02-22,2913584.9007,4.5954
603355.SH,603355,莱克电气,家用电器,主板,2015-05-13,1375866.4313,7.0529
603369.SH,603369,今世缘,白酒,主板,2014-07-03,6465693.0,2.6679
603379.SH,603379,三美股份,化工原料,主板,2019-04-02,2161095.791,7.917
603383.SH,603383,顶点软件,软件服务,主板,2017-05-22,768306.4676,7.0967
603392.SH,603392,万泰生物,生物制药,主板,2020-04-29,10357560.1507,3.8419
603393.SH,603393,新天然气,供气供热,主板,2016-09-12,1356140.5234,4.5846
603444.SH,603444,吉比特,互联网,主板,2017-01-04,1759243.6864,7.162
603456.SH,603456,九洲药业,医疗保健,主板,2014-10-10,1428887.9633,7.4635
603477.SH,603477,巨星农牧,农业综合,主板,2017-12-18,1101751.3274,8.7706
603486.SH,603486,科沃斯,家用电器,主板,2018-05-28,2914880.6255,8.6661
603496.SH,603496,恒为科技,IT设备,主板,2017-06-07,831263.1948,14.417
603501.SH,603501,韦尔股份,半导体,主板,2017-05-04,13018657.5686,4.6745
603505.SH,603505,金石资源,化工原料,主板,2017-05-03,1781658.9984,4.9824
603508.SH,603508,思维列控,IT设备,主板,2015-12-24,822027.5568,8.4739
603515.SH,603515,欧普照明,家用电器,主板,2016-08-19,1381323.3934,6.078
603517.SH,603517,绝味食品,食品,主板,2017-03-17,1055732.6973,11.9897
603529.SH,603529,爱玛科技,摩托车,主板,2021-06-15,3160371.18,9.878
603530.SH,603530,神马电力,电气设备,主板,2019-08-05,1097431.1654,13.1107
603533.SH,603533,掌阅科技,互联网,主板,2017-09-21,858921.1061,14.0776
603556.SH,603556,海兴电力,电器仪表,主板,2016-11-10,2328579.4506,6.9483
603565.SH,603565,中谷物流,水运,主板,2020-09-25,1890056.7927,3.8096
603568.SH,603568,伟明环保,环境保护,主板,2015-05-28,3693998.5088,2.3101
603583.SH,603583,捷昌驱动,电气设备,主板,2018-09-21,730473.931,9.0512
603588.SH,603588,高能环境,环境保护,主板,2014-12-29,886522.454,4.7818
603589.SH,603589,口子窖,白酒,主板,2015-06-29,2867982.8682,6.7516
603596.SH,603596,伯特利,汽车配件,主板,2018-04-27,2961143.8414,3.8143
603599.SH,603599,广信股份,农药化肥,主板,2015-05-13,1160593.4149,3.4562
603605.SH,603605,珀莱雅,日用化工,主板,2017-11-15,4346357.1082,3.3161
603606.SH,603606,东方电缆,电气设备,主板,2014-10-15,3794125.6853,3.8691
603613.SH,603613,国联股份,互联网,主板,2019-07-30,1771802.4822,8.1656
603619.SH,603619,中曼石油,石油开采,主板,2017-11-17,879600.2199,5.7936
603650.SH,603650,彤程新材,化工原料,主板,2018-06-27,1893564.5024,10.5392
603658.SH,603658,安图生物,医疗保健,主板,2016-09-01,2798150.6423,6.2944
603659.SH,603659,璞泰来,化工原料,主板,2017-11-03,3193916.6186,7.1983
603662.SH,603662,柯力传感,电器仪表,主板,2019-08-06,894162.2997,23.6869
603678.SH,603678,火炬电子,元器件,主板,2015-01-26,1160516.8344,4.4565
603688.SH,603688,石英股份,矿物制品,主板,2014-10-31,1625034.867,9.4375
603690.SH,603690,至纯科技,半导体,主板,2017-01-13,867142.8143,6.1557
603693.SH,603693,江苏新能,新型电力,主板,2018-07-03,829912.2,11.986
603699.SH,603699,纽威股份,机械基件,主板,2014-01-17,1609734.238,3.9338
603707.SH,603707,健友股份,生物制药,主板,2017-07-19,2350748.2266,2.9775
603712.SH,603712,七一二,通信设备,主板,2018-02-26,1424340.0,6.3641
603713.SH,603713,密尔克卫,仓储物流,主板,2018-07-13,968152.3354,5.1152
603728.SH,603728,鸣志电器,电气设备,主板,2017-05-09,2010636.0,14.3922
603730.SH,603730,岱美股份,汽车配件,主板,2017-07-28,1814725.4786,3.1593
603733.SH,603733,仙鹤股份,造纸,主板,2018-04-20,1377358.3,9.1732
603737.SH,603737,三棵树,染料涂料,主板,2016-06-03,2080118.2625,1.2785
603766.SH,603766,隆鑫通用,摩托车,主板,2012-08-10,1624351.6034,6.3769
603786.SH,603786,科博达,汽车配件,主板,2019-10-15,2465431.8887,4.2667
603799.SH,603799,华友钴业,小金属,主板,2015-01-29,4976374.7709,8.0095
603806.SH,603806,福斯特,塑料,主板,2014-09-05,4607027.4617,6.6843
603816.SH,603816,顾家家居,家居用品,主板,2016-10-14,2553616.9495,8.3747
603826.SH,603826,坤彩科技,染料涂料,主板,2017-04-14,2047500.0,17.0091
603833.SH,603833,欧派家居,家居用品,主板,2017-03-28,3807202.8438,10.3472
603858.SH,603858,步长制药,中成药,主板,2016-11-18,1980922.3772,4.7338
603866.SH,603866,桃李面包,食品,主板,2015-12-22,1060613.7998,6.1395
603868.SH,603868,飞科电器,家用电器,主板,2016-04-18,1892682.0,6.6223
603871.SH,603871,嘉友国际,仓储物流,主板,2018-02-06,2217151.1763,3.8325
603876.SH,603876,鼎胜新材,铝,主板,2018-04-18,949475.9123,5.9407
603881.SH,603881,数据港,软件服务,主板,2017-02-08,962625.1784,9.0487
603882.SH,603882,金域医学,医疗保健,主板,2017-09-08,1720102.1494,4.6149
603883.SH,603883,老百姓,医药商业,主板,2015-04-23,1317259.282,22.017
603885.SH,603885,吉祥航空,空运,主板,2015-05-27,3015475.175,5.4757
603888.SH,603888,新华网,互联网,主板,2016-10-28,1254493.9631,14.0382
603893.SH,603893,瑞芯微,半导体,主板,2020-02-07,2716770.2634,5.5775
603899.SH,603899,晨光股份,文教休闲,主板,2015-01-27,3271276.4352,3.4327
603915.SH,603915,国茂股份,机械基件,主板,2019-06-14,702596.7536,9.4716
603919.SH,603919,金徽酒,白酒,主板,2016-03-10,1114957.4734,8.1632
603920.SH,603920,世运电路,元器件,主板,2017-04-26,1376968.7396,17.3071
603927.SH,603927,中科软,软件服务,主板,2019-09-09,1700307.84,7.586
603939.SH,603939,益丰药房,医药商业,主板,2015-02-17,3087254.7497,5.3181
603979.SH,603979,金诚信,铜,主板,2015-06-30,3092343.5847,9.5365
603983.SH,603983,丸美股份,日用化工,主板,2019-07-25,1155281.0,9.233
603986.SH,603986,兆易创新,半导体,主板,2016-08-18,5874266.8358,6.9185
603993.SH,603993,洛阳钼业,小金属,主板,2012-10-09,15369222.1472,7.1278
603995.SH,603995,甬金股份,特种钢,主板,2019-12-24,731965.4822,4.334
603997.SH,603997,继峰股份,汽车配件,主板,2015-03-02,1597524.4502,2.7961
605020.SH,605020,永和股份,化工原料,主板,2021-07-09,713456.8188,7.102
605090.SH,605090,九丰能源,供气供热,主板,2021-05-25,781460.9186,4.8109
605099.SH,605099,共创草坪,文教休闲,主板,2020-09-30,868995.48,7.5648
605111.SH,605111,新洁能,半导体,主板,2020-09-28,1432066.691,9.5861
605116.SH,605116,奥锐特,化学制药,主板,2020-09-21,952202.664,5.0352
605117.SH,605117,德业股份,电气设备,主板,2021-04-20,6188438.8054,6.8541
605183.SH,605183,确成股份,化工原料,主板,2020-12-07,759402.6228,5.4547
605198.SH,605198,安德利,软饮料,主板,2020-09-18,753983.832,29.2833
605222.SH,605222,起帆电缆,电气设备,主板,2020-07-31,708950.2701,6.4512
605333.SH,605333,沪光股份,汽车配件,主板,2020-08-18,1276259.7087,7.0054
605358.SH,605358,立昂微,半导体,主板,2020-09-11,1624034.0395,4.9635
605365.SH,605365,立达信,家用电器,主板,2021-07-20,824305.1424,8.1128
605368.SH,605368,蓝天燃气,供气供热,主板,2021-01-29,901244.3213,7.5442
605499.SH,605499,东鹏饮料,软饮料,主板,2021-05-27,10839470.98,3.8751
605589.SH,605589,圣泉集团,化工原料,主板,2021-08-10,1661448.7472,4.4697
605599.SH,605599,菜百股份,服饰,主板,2021-09-09,924777.8042,3.7649
688002.SH,688002,睿创微纳,通信设备,科创板,2019-07-22,1768193.0646,6.4042
688003.SH,688003,天准科技,专用机械,科创板,2019-07-22,714479.486,5.1142
688005.SH,688005,容百科技,电气设备,科创板,2019-07-22,914813.2128,8.819
688006.SH,688006,杭可科技,电气设备,科创板,2019-07-22,1183197.4179,7.0286
688007.SH,688007,光峰科技,元器件,科创板,2019-07-22,767470.4862,6.5666
688008.SH,688008,澜起科技,半导体,科创板,2019-07-22,7641292.2045,6.6812
688009.SH,688009,中国通号,运输设备,科创板,2019-07-22,5422620.322,4.4069
688012.SH,688012,中微公司,半导体,科创板,2019-07-22,10189410.2,4.6566
688016.SH,688016,心脉医疗,医疗保健,科创板,2019-07-22,1392861.9221,11.0149
688017.SH,688017,绿的谐波,机械基件,科创板,2020-08-28,1605450.6763,10.4204
688018.SH,688018,乐鑫科技,半导体,科创板,2019-07-22,1313418.2453,6.0614
688019.SH,688019,安集科技,半导体,科创板,2019-07-22,1809115.0493,4.9272
688027.SH,688027,国盾量子,通信设备,科创板,2020-07-09,1575337.652,8.5238
688029.SH,688029,南微医学,医疗保健,科创板,2019-07-22,1438911.2525,6.8224
688032.SH,688032,禾迈股份,电气设备,科创板,2021-12-20,1031300.5208,8.4227
688036.SH,688036,传音控股,通信设备,科创板,2019-09-30,12187361.485,4.3038
688037.SH,688037,芯源微,半导体,科创板,2019-12-16,1664121.8523,9.4245
688041.SH,688041,海光信息,半导体,科创板,2022-08-12,9156362.5654,4.9838
688047.SH,688047,龙芯中科,半导体,科创板,2022-06-24,3345110.2483,5.6339
688050.SH,688050,爱博医疗,医疗保健,科创板,2020-07-29,1884072.6083,5.6187
688052.SH,688052,纳芯微,半导体,科创板,2022-04-22,1108885.7696,4.252
688063.SH,688063,派能科技,电气设备,科创板,2020-12-30,1239309.5667,9.4537
688065.SH,688065,凯赛生物,化工原料,科创板,2020-08-12,2773379.1974,2.6921
688072.SH,688072,拓荆科技,半导体,科创板,2022-04-20,2215300.5648,5.1025
688076.SH,688076,诺泰生物,生物制药,科创板,2021-05-20,1511865.6569,7.0739
688082.SH,688082,盛美上海,半导体,科创板,2021-11-18,800297.6908,4.44
688083.SH,688083,中望软件,软件服务,科创板,2021-03-11,1182469.4327,6.9227
688088.SH,688088,虹软科技,软件服务,科创板,2019-07-22,1351944.248,5.2569
688091.SH,688091,上海谊众,化学制药,科创板,2021-09-09,728801.3533,6.3254
688097.SH,688097,博众精工,专用机械,科创板,2021-05-12,1080951.6517,11.5178
688099.SH,688099,晶晨股份,半导体,科创板,2019-08-08,2944105.3463,3.696
688100.SH,688100,威胜信息,通信设备,科创板,2020-01-21,2173248.4735,4.2202
688106.SH,688106,金宏气体,化工原料,科创板,2020-06-16,943702.5309,5.1526
688111.SH,688111,金山办公,软件服务,科创板,2019-11-18,12321683.1295,8.5569
688114.SH,688114,华大智造,医疗保健,科创板,2022-09-09,1085742.7614,3.0819
688116.SH,688116,天奈科技,化工原料,科创板,2019-09-25,967531.9661,7.1391
688120.SH,688120,华海清科,半导体,科创板,2022-06-08,2751346.7999,3.2744
688122.SH,688122,西部超导,小金属,科创板,2019-07-22,3015742.5951,4.458
688123.SH,688123,聚辰股份,半导体,科创板,2019-12-23,927844.9379,7.2752
688126.SH,688126,沪硅产业,半导体,科创板,2020-04-20,5163126.3613,2.5198
688127.SH,688127,蓝特光学,元器件,科创板,2020-09-21,790711.02,7.3985
688139.SH,688139,海尔生物,医疗保健,科创板,2019-10-25,1109654.2529,5.0906
688161.SH,688161,威高骨科,医疗保健,科创板,2021-06-30,1133600.0,6.7566
688166.SH,688166,博瑞医药,化学制药,科创板,2019-11-08,1457509.6355,8.7896
688169.SH,688169,石头科技,家用电器,科创板,2020-02-21,5133825.7292,6.1358
688172.SH,688172,燕东微,半导体,科创板,2022-12-16,995904.309,4.6229
688177.SH,688177,百奥泰,生物制药,科创板,2020-02-21,1056318.08,6.2047
688180.SH,688180,君实生物-U,生物制药,科创板,2020-07-15,2430501.1788,4.2882
688183.SH,688183,生益电子,元器件,科创板,2021-02-25,2033802.7729,9.0197
688187.SH,688187,时代电气,运输设备,科创板,2021-09-07,1482360.8616,5.0156
688188.SH,688188,柏楚电子,专用机械,科创板,2019-08-08,4329094.0103,3.1143
688198.SH,688198,佰仁医疗,医疗保健,科创板,2019-12-09,1593508.9265,1.7894
688200.SH,688200,华峰测控,半导体,科创板,2020-02-18,1462745.8116,3.817
688208.SH,688208,道通科技,IT设备,科创板,2020-02-13,1433354.1168,6.3974
688213.SH,688213,思特威-W,半导体,科创板,2022-05-20,1853718.4975,2.9837
688220.SH,688220,翱捷科技-U,半导体,科创板,2022-01-14,887872.9297,5.9235
688223.SH,688223,晶科能源,电气设备,科创板,2022-01-26,2738718.7673,4.8209
688234.SH,688234,天岳先进,半导体,科创板,2022-01-12,1665300.1281,6.1095
688235.SH,688235,百济神州-U,生物制药,科创板,2021-12-15,2076287.222,4.4214
688248.SH,688248,南网科技,电气设备,科创板,2021-12-22,781128.0,8.1588
688249.SH,688249,晶合集成,半导体,科创板,2023-05-05,2060456.016,5.2824
688256.SH,688256,寒武纪-U,半导体,科创板,2020-07-20,12071179.4697,8.2488
688266.SH,688266,泽璟制药-U,生物制药,科创板,2020-01-23,1817221.6969,3.8205
688271.SH,688271,联影医疗,医疗保健,科创板,2022-08-22,7594226.8928,3.1078
688276.SH,688276,百克生物,生物制药,科创板,2021-06-25,1265792.2499,9.6355
688278.SH,688278,特宝生物,生物制药,科创板,2020-01-17,2914722.0,3.4211
688279.SH,688279,峰岹科技,半导体,科创板,2022-04-20,759616.1106,3.8246
688289.SH,688289,圣湘生物,医疗保健,科创板,2020-08-28,1254284.2129,5.0448
688297.SH,688297,中无人机,航空,科创板,2022-06-29,1032163.3834,7.7637
688300.SH,688300,联瑞新材,矿物制品,科创板,2019-11-15,952874.574,6.3067
688301.SH,688301,奕瑞科技,医疗保健,科创板,2020-09-18,1811130.78,4.6772
688303.SH,688303,大全能源,电气设备,科创板,2021-07-22,1447386.8133,4.0644
688318.SH,688318,财富趋势,软件服务,科创板,2020-04-27,2882441.7149,13.8958
688321.SH,688321,微芯生物,化学制药,科创板,2019-08-12,858818.0496,4.3673
688322.SH,688322,奥比中光-UW,元器件,科创板,2022-07-07,751914.54,6.3593
688327.SH,688327,云从科技-UW,软件服务,科创板,2022-05-27,869322.2422,8.0123
688333.SH,688333,铂力特,机械基件,科创板,2019-07-22,1418901.7513,6.7569
688336.SH,688336,三生国健,生物制药,科创板,2020-07-22,1361863.0309,6.6449
688343.SH,688343,云天励飞-U,软件服务,科创板,2023-04-04,771260.4953,6.7575
688347.SH,688347,华虹公司,半导体,科创板,2023-08-07,1478077.44,5.325
688361.SH,688361,中科飞测,半导体,科创板,2023-05-19,1522562.2725,4.2305
688363.SH,688363,华熙生物,医疗保健,科创板,2019-11-06,1397156.6061,6.9917
688366.SH,688366,昊海生科,医疗保健,科创板,2019-10-30,1443745.8012,3.1996
688375.SH,688375,国博电子,元器件,科创板,2022-07-22,1273736.3161,6.1586
688385.SH,688385,复旦微电,半导体,科创板,2021-08-04,1890806.6944,7.6063
688387.SH,688387,信科移动-U,通信设备,科创板,2022-09-26,911353.75,5.203
688389.SH,688389,普门科技,医疗保健,科创板,2019-11-05,729614.8646,5.2301
688390.SH,688390,固德威,电气设备,科创板,2020-09-04,1477108.614,11.6432
688396.SH,688396,华润微,半导体,科创板,2020-02-27,6240382.6739,3.8577
688408.SH,688408,中信博,电气设备,科创板,2020-08-28,1699221.6893,6.4616
688409.SH,688409,富创精密,半导体,科创板,2022-10-10,817352.6777,7.2991
688469.SH,688469,芯联集成-U,半导体,科创板,2023-05-10,1859491.08,6.5851
688472.SH,688472,阿特斯,电气设备,科创板,2023-06-09,1930528.8665,6.7045
688475.SH,688475,萤石网络,IT设备,科创板,2022-12-28,1371377.7,5.931
688484.SH,688484,南芯科技,半导体,科创板,2023-04-07,1000097.1994,6.0398
688498.SH,688498,源杰科技,半导体,科创板,2022-12-21,729097.2758,10.5222
688506.SH,688506,百利天恒-U,化学制药,科创板,2023-01-06,1770306.7763,4.5121
688513.SH,688513,苑东生物,化学制药,科创板,2020-09-02,712837.2497,3.7194
688516.SH,688516,奥特维,专用机械,科创板,2020-05-21,1499385.0163,10.0765
688520.SH,688520,神州细胞-U,生物制药,科创板,2020-06-22,1841908.5131,5.4646
688521.SH,688521,芯原股份,半导体,科创板,2020-08-18,1773618.1573,6.2968
688525.SH,688525,佰维存储,半导体,科创板,2022-12-30,1872162.4438,13.6583
688536.SH,688536,思瑞浦,半导体,科创板,2020-09-21,1338744.1786,4.7153
688538.SH,688538,和辉光电-U,半导体,科创板,2021-05-28,1449563.4027,4.1293
688556.SH,688556,高测股份,专用机械,科创板,2020-08-07,737067.5962,10.0624
688559.SH,688559,海目星,专用机械,科创板,2020-09-09,724768.9368,9.4914
688561.SH,688561,奇安信-U,软件服务,科创板,2020-07-22,2184329.5379,5.0953
688567.SH,688567,孚能科技,电气设备,科创板,2020-07-17,1558182.4534,4.2949
688568.SH,688568,中科星图,软件服务,科创板,2020-07-08,2035298.9338,5.5466
688575.SH,688575,亚辉龙,医疗保健,科创板,2021-05-17,1354876.642,4.2824
688578.SH,688578,艾力斯,化学制药,科创板,2020-12-02,2483100.0,6.7928
688582.SH,688582,芯动联科,电器仪表,科创板,2023-06-30,1011462.5376,5.3611
688586.SH,688586,江航装备,航空,科创板,2020-07-31,776303.712,5.9194
688596.SH,688596,正帆科技,专用机械,科创板,2020-08-20,990394.4065,3.6769
688599.SH,688599,天合光能,电气设备,科创板,2020-06-10,4886136.7829,6.8464
688608.SH,688608,恒玄科技,半导体,科创板,2020-12-16,2549527.582,4.6372
688617.SH,688617,惠泰医疗,医疗保健,科创板,2021-01-07,3984540.2634,3.9812
688630.SH,688630,芯碁微装,专用机械,科创板,2021-04-01,868417.3203,7.2675
688639.SH,688639,华恒生物,化学制药,科创板,2021-04-22,906546.2724,8.6333
688658.SH,688658,悦康药业,化学制药,科创板,2020-12-24,915750.0,4.8142
688676.SH,688676,金盘科技,电气设备,科创板,2021-03-09,1687042.3785,15.8219
688686.SH,688686,奥普特,电器仪表,科创板,2020-12-31,757615.3501,10.7893
688690.SH,688690,纳微科技,化工原料,科创板,2021-06-23,787438.7918,6.4623
688700.SH,688700,东威科技,专用机械,科创板,2021-06-15,742124.1823,6.5684
688728.SH,688728,格科微,半导体,科创板,2021-08-18,2134210.8058,5.6948
688766.SH,688766,普冉股份,半导体,科创板,2021-08-23,865894.2173,9.3746
688772.SH,688772,珠海冠宇,电气设备,科创板,2021-10-15,1322355.055,5.646
688777.SH,688777,中控技术,专用机械,科创板,2020-11-24,3917397.9403,6.4077
688778.SH,688778,厦钨新能,电气设备,科创板,2021-08-05,1545912.6577,5.9199
688779.SH,688779,五矿新能,电气设备,科创板,2021-08-11,1142097.2827,8.0486
688789.SH,688789,宏华数科,专用机械,科创板,2021-07-08,1388773.8583,4.9177
688798.SH,688798,艾为电子,半导体,科创板,2021-08-16,783835.1657,4.9959
688819.SH,688819,天能股份,电气设备,科创板,2021-01-18,3295419.0,5.6785
688981.SH,688981,中芯国际,半导体,科创板,2020-07-16,11928166.4149,6.7315
689009.SH,689009,九号公司-WD,摩托车,科创板,2020-10-29,2633273.1004,5.5206
