ts_code,symbol,name,industry,market,list_date,circ_mv
000001.SZ,1,平安银行,银行,主板,1991-04-03,19560862.4682
000002.SZ,2,万科A,全国地产,主板,1991-01-29,6335442.184
000006.SZ,6,深振业A,区域地产,主板,1992-04-27,562944.7441
000008.SZ,8,神州高铁,运输设备,主板,1992-05-07,526460.7757
000009.SZ,9,中国宝安,电气设备,主板,1991-06-25,1969704.2101
000012.SZ,12,南玻A,玻璃,主板,1992-02-28,987476.9411
000021.SZ,21,深科技,元器件,主板,1994-02-02,2154945.1477
000025.SZ,25,特力A,综合类,主板,1993-06-21,549496.8697
000027.SZ,27,深圳能源,火力发电,主板,1993-09-03,2721227.032
000028.SZ,28,国药一致,医药商业,主板,1993-08-09,1185095.1545
000029.SZ,29,深深房A,区域地产,主板,1993-09-15,986175.96
000030.SZ,30,富奥股份,汽车配件,主板,1993-09-29,754725.4196
000031.SZ,31,大悦城,全国地产,主板,1993-10-08,960692.9206
000032.SZ,32,深桑达A,建筑工程,主板,1993-10-28,816915.7485
000034.SZ,34,神州数码,软件服务,主板,1994-05-09,1420865.5693
000035.SZ,35,中国天楹,环境保护,主板,1994-04-08,1028960.9404
000039.SZ,39,中集集团,运输设备,主板,1994-04-08,1707644.0986
000048.SZ,48,京基智农,区域地产,主板,1994-11-01,697477.9203
000049.SZ,49,德赛电池,电气设备,主板,1995-03-20,883574.4806
000050.SZ,50,深天马A,元器件,主板,1995-03-15,1681079.8548
000058.SZ,58,深赛格,商品城,主板,1996-12-26,640062.5426
000059.SZ,59,华锦股份,石油加工,主板,1997-01-30,614185.9342
000060.SZ,60,中金岭南,铅锌,主板,1997-01-23,1554718.3716
000061.SZ,61,农产品,农业综合,主板,1997-01-10,906162.2252
000062.SZ,62,深圳华强,元器件,主板,1997-01-30,3260680.3827
000063.SZ,63,中兴通讯,通信设备,主板,1997-11-18,9809992.1535
000065.SZ,65,北方国际,建筑工程,主板,1998-06-05,754570.5718
000066.SZ,66,中国长城,IT设备,主板,1997-06-26,2530021.7947
000069.SZ,69,华侨城A,全国地产,主板,1997-09-10,1323765.7741
000078.SZ,78,海王生物,医药商业,主板,1998-12-18,585696.3738
000088.SZ,88,盐田港,港口,主板,1997-07-28,964879.1179
000089.SZ,89,深圳机场,机场,主板,1998-04-20,1257105.093
000090.SZ,90,天健集团,建筑工程,主板,1999-07-21,631539.4577
000099.SZ,99,中信海直,空运,主板,2000-07-31,1058930.7678
000100.SZ,100,TCL科技,元器件,主板,2004-01-30,7076368.2322
000155.SZ,155,川能动力,新型电力,主板,2000-09-26,1219111.8218
000156.SZ,156,华数传媒,影视音像,主板,2000-09-06,1010501.3835
000157.SZ,157,中联重科,工程机械,主板,2000-10-12,4327152.1586
000158.SZ,158,常山北明,软件服务,主板,2000-07-24,1224208.3025
000166.SZ,166,申万宏源,证券,主板,2015-01-26,9622661.6239
000301.SZ,301,东方盛虹,化纤,主板,2000-05-29,4282172.1751
000333.SZ,333,美的集团,家用电器,主板,2013-09-18,45315798.3498
000338.SZ,338,潍柴动力,汽车配件,主板,2007-04-30,6285990.8901
000400.SZ,400,许继电气,电气设备,主板,1997-04-18,3037060.7707
000401.SZ,401,冀东水泥,水泥,主板,1996-06-14,687001.1703
000402.SZ,402,金融街,全国地产,主板,1996-06-26,630516.5093
000403.SZ,403,派林生物,生物制药,主板,1996-06-28,1679499.3846
000408.SZ,408,藏格矿业,农药化肥,主板,1996-06-28,3807228.3424
000410.SZ,410,沈阳机床,机床制造,主板,1996-07-18,1023677.8099
000415.SZ,415,渤海租赁,多元金融,主板,1996-07-16,1240323.8773
000420.SZ,420,吉林化纤,化纤,主板,1996-08-02,712825.2615
000422.SZ,422,湖北宜化,农药化肥,主板,1996-08-15,1256118.2398
000423.SZ,423,东阿阿胶,中成药,主板,1996-07-29,3275910.1037
000425.SZ,425,徐工机械,工程机械,主板,1996-08-28,5131898.3235
000426.SZ,426,兴业银锡,铅锌,主板,1996-08-28,1857073.0012
000429.SZ,429,粤高速A,路桥,主板,1998-02-20,1472762.7938
000488.SZ,488,晨鸣纸业,造纸,主板,2000-11-20,585626.5355
000498.SZ,498,山东路桥,建筑工程,主板,1997-06-09,730409.0493
000501.SZ,501,武商集团,百货,主板,1992-11-20,522439.8459
000503.SZ,503,国新健康,软件服务,主板,1992-11-30,638014.4767
000513.SZ,513,丽珠集团,化学制药,主板,1993-10-28,2172684.6702
000516.SZ,516,国际医学,医疗保健,主板,1993-08-09,940619.4567
000517.SZ,517,荣安地产,区域地产,主板,1993-08-06,508365.2289
000519.SZ,519,中兵红箭,专用机械,主板,1993-10-08,1634864.2449
000521.SZ,521,长虹美菱,家用电器,主板,1993-10-18,763194.7577
000524.SZ,524,岭南控股,旅游服务,主板,1993-11-18,576178.6256
000526.SZ,526,学大教育,文教休闲,主板,1993-11-01,627227.5424
000528.SZ,528,柳工,工程机械,主板,1993-11-18,1358570.9727
000536.SZ,536,华映科技,元器件,主板,1993-11-26,618930.4836
000537.SZ,537,中绿电,新型电力,主板,1993-12-10,1558929.8426
000538.SZ,538,云南白药,中成药,主板,1993-12-15,9843172.3947
000539.SZ,539,粤电力A,火力发电,主板,1993-11-26,1105837.249
000541.SZ,541,佛山照明,家用电器,主板,1993-11-23,554057.6234
000543.SZ,543,皖能电力,火力发电,主板,1993-12-20,1867895.3847
000544.SZ,544,中原环保,环境保护,主板,1993-12-08,684228.5106
000547.SZ,547,航天发展,通信设备,主板,1993-11-30,973658.9766
000550.SZ,550,江铃汽车,汽车整车,主板,1993-12-01,1096031.1202
000552.SZ,552,甘肃能化,煤炭开采,主板,1994-01-06,920266.1743
000553.SZ,553,安道麦A,农药化肥,主板,1993-12-03,953555.5479
000555.SZ,555,神州信息,软件服务,主板,1994-04-08,811861.9721
000557.SZ,557,西部创业,铁路,主板,1994-06-17,590456.0602
000559.SZ,559,万向钱潮,汽车配件,主板,1994-01-10,1509826.9066
000560.SZ,560,我爱我家,房产服务,主板,1994-02-02,552541.7365
000563.SZ,563,陕国投A,多元金融,主板,1994-01-10,1406341.8485
000564.SZ,564,供销大集,百货,主板,1994-01-10,2489753.8612
000567.SZ,567,海德股份,多元金融,主板,1994-05-25,889168.3335
000568.SZ,568,泸州老窖,白酒,主板,1994-05-09,16759149.7011
000572.SZ,572,海马汽车,汽车整车,主板,1994-08-08,502499.4985
000581.SZ,581,威孚高科,汽车配件,主板,1998-09-24,1319727.789
000582.SZ,582,北部湾港,港口,主板,1995-11-02,1006367.2745
000589.SZ,589,贵州轮胎,汽车配件,主板,1996-03-08,685488.1618
000591.SZ,591,太阳能,新型电力,主板,1996-02-08,1504137.8596
000595.SZ,595,宝塔实业,机械基件,主板,1996-04-19,522370.822
000596.SZ,596,古井贡酒,白酒,主板,1996-09-27,6868566.0
000597.SZ,597,东北制药,化学制药,主板,1996-05-23,592290.4125
000598.SZ,598,兴蓉环境,水务,主板,1996-05-29,1930722.2499
000603.SZ,603,盛达资源,铅锌,主板,1996-08-23,630592.3894
000612.SZ,612,焦作万方,铝,主板,1996-09-26,631452.6763
000617.SZ,617,中油资本,多元金融,主板,1996-10-22,6447460.3303
000620.SZ,620,新华联,全国地产,主板,1996-10-29,576161.7853
000623.SZ,623,吉林敖东,中成药,主板,1996-10-28,1538332.1593
000625.SZ,625,长安汽车,汽车整车,主板,1997-06-10,9731733.707
000627.SZ,627,天茂集团,保险,主板,1996-11-12,901395.8247
000628.SZ,628,高新发展,建筑工程,主板,1996-11-18,708406.9353
000629.SZ,629,钒钛股份,小金属,主板,1996-11-15,2133349.8914
000630.SZ,630,铜陵有色,铜,主板,1996-11-20,3178992.1781
000631.SZ,631,顺发恒业,综合类,主板,1996-11-22,534147.2357
000636.SZ,636,风华高科,元器件,主板,1996-11-29,1594364.2048
000650.SZ,650,仁和药业,中成药,主板,1996-12-10,720279.7362
000651.SZ,651,格力电器,家用电器,主板,1996-11-18,22531148.1381
000657.SZ,657,中钨高新,小金属,主板,1996-12-05,960847.4971
000661.SZ,661,长春高新,生物制药,主板,1996-12-18,3180689.6012
000672.SZ,672,上峰水泥,水泥,主板,1996-12-18,611688.529
000676.SZ,676,智度股份,互联网,主板,1996-12-24,753215.8558
000680.SZ,680,山推股份,工程机械,主板,1997-01-22,892053.5994
000681.SZ,681,视觉中国,互联网,主板,1997-01-21,739570.0295
000682.SZ,682,东方电子,电气设备,主板,1997-01-21,1431755.0937
000683.SZ,683,远兴能源,化工原料,主板,1997-01-31,1910668.1834
000685.SZ,685,中山公用,水务,主板,1997-01-23,915392.3775
000686.SZ,686,东北证券,证券,主板,1997-02-27,1331717.7086
000688.SZ,688,国城矿业,铅锌,主板,1997-01-20,1052868.2576
000690.SZ,690,宝新能源,火力发电,主板,1997-01-28,865439.4361
000700.SZ,700,模塑科技,汽车配件,主板,1997-02-28,526940.8333
000703.SZ,703,恒逸石化,化纤,主板,1997-03-28,2170164.7451
000708.SZ,708,中信特钢,特种钢,主板,1997-03-26,5698239.7585
000709.SZ,709,河钢股份,普钢,主板,1997-04-16,1870709.644
000712.SZ,712,锦龙股份,证券,主板,1997-04-15,829805.8808
000719.SZ,719,中原传媒,出版业,主板,1997-03-31,713180.7235
000723.SZ,723,美锦能源,焦炭加工,主板,1997-05-15,1748609.3898
000725.SZ,725,京东方A,元器件,主板,2001-01-12,14335702.543
000727.SZ,727,冠捷科技,元器件,主板,1997-05-20,896854.262
000728.SZ,728,国元证券,证券,主板,1997-06-16,2762271.405
000729.SZ,729,燕京啤酒,啤酒,主板,1997-07-16,2431808.8603
000733.SZ,733,振华科技,元器件,主板,1997-07-03,2021275.9432
000735.SZ,735,罗牛山,农业综合,主板,1997-06-11,558185.2957
000736.SZ,736,中交地产,全国地产,主板,1997-04-25,507666.593
000737.SZ,737,北方铜业,铜,主板,1997-04-28,594093.7655
000738.SZ,738,航发控制,航空,主板,1997-06-26,2465970.0019
000739.SZ,739,普洛药业,化学制药,主板,1997-05-09,1783685.556
000750.SZ,750,国海证券,证券,主板,1997-07-09,1669306.7454
000755.SZ,755,山西高速,路桥,主板,1997-06-27,620672.2129
000756.SZ,756,新华制药,化学制药,主板,1997-08-06,657454.4389
000758.SZ,758,中色股份,铅锌,主板,1997-04-16,803480.2728
000761.SZ,761,本钢板材,普钢,主板,1998-01-15,860307.2889
000762.SZ,762,西藏矿业,小金属,主板,1997-07-08,989521.1742
000766.SZ,766,通化金马,化学制药,主板,1997-04-30,1510836.0131
000767.SZ,767,晋控电力,火力发电,主板,1997-06-09,663992.1874
000768.SZ,768,中航西飞,航空,主板,1997-06-26,6736113.4577
000776.SZ,776,广发证券,证券,主板,1997-06-11,7304405.6666
000777.SZ,777,中核科技,机械基件,主板,1997-07-10,527189.8871
000778.SZ,778,新兴铸管,钢加工,主板,1997-06-06,1293564.141
000783.SZ,783,长江证券,证券,主板,1997-07-31,2682085.3798
000785.SZ,785,居然之家,百货,主板,1997-07-11,1453956.0728
000786.SZ,786,北新建材,其他建材,主板,1997-06-06,4072960.4047
000791.SZ,791,甘肃能源,水力发电,主板,1997-10-14,862682.8591
000792.SZ,792,盐湖股份,农药化肥,主板,1997-09-04,8089423.3913
000795.SZ,795,英洛华,矿物制品,主板,1997-08-08,615590.4679
000799.SZ,799,酒鬼酒,白酒,主板,1997-07-18,1156747.1688
000800.SZ,800,一汽解放,汽车整车,主板,1997-06-18,3429812.8599
000801.SZ,801,四川九洲,家用电器,主板,1998-05-06,868362.8425
000807.SZ,807,云铝股份,铝,主板,1998-04-08,4189222.776
000810.SZ,810,创维数字,家用电器,主板,1998-06-02,1198058.2477
000811.SZ,811,冰轮环境,工程机械,主板,1998-05-28,603375.2468
000813.SZ,813,德展健康,化学制药,主板,1998-05-19,532496.1485
000815.SZ,815,美利云,造纸,主板,1998-06-09,521447.2763
000818.SZ,818,航锦科技,化工原料,主板,1997-10-17,1026211.611
000819.SZ,819,岳阳兴长,石油加工,主板,1997-06-25,536458.588
000821.SZ,821,京山轻机,电气设备,主板,1998-06-26,608889.8136
000825.SZ,825,太钢不锈,特种钢,主板,1998-10-21,1851280.5337
000828.SZ,828,东莞控股,路桥,主板,1997-06-17,918931.8275
000829.SZ,829,天音控股,其他商业,主板,1997-12-02,912499.5351
000830.SZ,830,鲁西化工,化工原料,主板,1998-08-07,2055845.0516
000831.SZ,831,中国稀土,小金属,主板,1998-09-11,2351665.3083
000837.SZ,837,秦川机床,机床制造,主板,1998-09-28,527019.4003
000839.SZ,839,中信国安,综合类,主板,1997-10-31,913319.54
000848.SZ,848,承德露露,软饮料,主板,1997-11-13,732866.9369
000858.SZ,858,五粮液,白酒,主板,1998-04-27,46702519.713
000860.SZ,860,顺鑫农业,白酒,主板,1998-11-04,1096331.6097
000869.SZ,869,张裕A,红黄酒,主板,2000-10-26,918510.4483
000875.SZ,875,吉电股份,火力发电,主板,2002-09-26,1291754.3964
000876.SZ,876,新希望,饲料,主板,1998-03-11,4033003.4774
000877.SZ,877,天山股份,水泥,主板,1999-01-07,788986.9002
000878.SZ,878,云南铜业,铜,主板,1998-06-02,2234001.6971
000883.SZ,883,湖北能源,水力发电,主板,1998-05-19,3097323.585
000885.SZ,885,城发环境,环境保护,主板,1999-03-19,690234.1241
000887.SZ,887,中鼎股份,汽车配件,主板,1998-12-03,1539127.982
000888.SZ,888,峨眉山A,旅游景点,主板,1997-10-21,611219.1983
000893.SZ,893,亚钾国际,农药化肥,主板,1998-12-24,1361452.4501
000895.SZ,895,双汇发展,食品,主板,1998-12-10,8255006.882
000898.SZ,898,鞍钢股份,普钢,主板,1997-12-25,1599411.8215
000899.SZ,899,赣能股份,火力发电,主板,1997-11-26,736636.7088
000900.SZ,900,现代投资,路桥,主板,1999-01-28,531216.2919
000901.SZ,901,航天科技,汽车配件,主板,1999-04-01,730346.9436
000902.SZ,902,新洋丰,农药化肥,主板,1999-04-08,1428477.795
000912.SZ,912,泸天化,农药化肥,主板,1999-06-03,580160.0
000913.SZ,913,钱江摩托,摩托车,主板,1999-05-14,740023.4891
000915.SZ,915,华特达因,化学制药,主板,1999-06-09,612686.1268
000917.SZ,917,电广传媒,广告包装,主板,1999-03-25,687467.7911
000921.SZ,921,海信家电,家用电器,主板,1999-07-13,2392645.402
000922.SZ,922,佳电股份,电气设备,主板,1999-06-18,551915.5978
000923.SZ,923,河钢资源,普钢,主板,1999-07-14,820031.8221
000927.SZ,927,中国铁物,仓储物流,主板,1999-07-27,1421832.3865
000928.SZ,928,中钢国际,建筑工程,主板,1999-03-12,771829.3642
000930.SZ,930,中粮科技,农业综合,主板,1999-07-12,902128.4089
000932.SZ,932,华菱钢铁,普钢,主板,1999-08-03,2618339.155
000933.SZ,933,神火股份,铝,主板,1999-08-31,3324406.0669
000935.SZ,935,四川双马,水泥,主板,1999-08-24,792451.0657
000937.SZ,937,冀中能源,煤炭开采,主板,1999-09-09,1610256.3125
000938.SZ,938,紫光股份,IT设备,主板,1999-11-04,5519954.1568
000949.SZ,949,新乡化纤,化纤,主板,1999-10-21,564514.5398
000950.SZ,950,重药控股,医药商业,主板,1999-09-16,831256.8388
000951.SZ,951,中国重汽,汽车整车,主板,1999-11-25,1651866.3202
000957.SZ,957,中通客车,汽车整车,主板,2000-01-13,544285.8132
000958.SZ,958,电投产融,多元金融,主板,1999-12-23,1792670.8747
000959.SZ,959,首钢股份,普钢,主板,1999-12-16,1789497.5029
000960.SZ,960,锡业股份,小金属,主板,2000-02-21,2228415.843
000962.SZ,962,东方钽业,小金属,主板,2000-01-20,516469.4861
000963.SZ,963,华东医药,化学制药,主板,2000-01-27,5088126.9891
000966.SZ,966,长源电力,火力发电,主板,2000-03-16,1129973.6843
000967.SZ,967,盈峰环境,环境保护,主板,2000-03-30,1215526.5938
000968.SZ,968,蓝焰控股,石油开采,主板,2000-06-22,547606.5056
000969.SZ,969,安泰科技,小金属,主板,2000-05-29,855684.2886
000970.SZ,970,中科三环,矿物制品,主板,2000-04-20,995679.4081
000975.SZ,975,山金国际,黄金,主板,2000-06-08,3825146.3548
000977.SZ,977,浪潮信息,IT设备,主板,2000-06-08,4672868.854
000980.SZ,980,众泰汽车,汽车配件,主板,2000-06-16,728842.6844
000981.SZ,981,山子高科,汽车配件,主板,2000-06-22,685141.3225
000983.SZ,983,山西焦煤,煤炭开采,主板,2000-07-26,3628646.9797
000987.SZ,987,越秀资本,多元金融,主板,2000-07-18,2417341.676
000988.SZ,988,华工科技,专用机械,主板,2000-06-08,2940588.0324
000990.SZ,990,诚志股份,化工原料,主板,2000-07-06,794764.7593
000997.SZ,997,新大陆,IT设备,主板,2000-08-07,1281925.0776
000998.SZ,998,隆平高科,种植业,主板,2000-12-11,1263763.5747
000999.SZ,999,华润三九,中成药,主板,2000-03-09,5900118.0593
001203.SZ,1203,大中矿业,普钢,主板,2021-05-10,948615.82
001227.SZ,1227,兰州银行,银行,主板,2022-01-17,611754.8908
001286.SZ,1286,陕西能源,火力发电,主板,2023-04-10,990150.0
001287.SZ,1287,中电港,元器件,主板,2023-04-10,810492.0048
001301.SZ,1301,尚太科技,电气设备,主板,2022-12-28,651523.3832
001309.SZ,1309,德明利,半导体,主板,2022-07-01,615445.0721
001337.SZ,1337,四川黄金,黄金,主板,2023-03-03,620180.4
001696.SZ,1696,宗申动力,摩托车,主板,1997-03-06,1058020.2536
001872.SZ,1872,招商港口,港口,主板,1993-05-05,3575179.1187
001914.SZ,1914,招商积余,房产服务,主板,1994-09-28,911894.7736
001965.SZ,1965,招商公路,路桥,主板,2017-12-25,8293530.2711
001979.SZ,1979,招商蛇口,全国地产,主板,2015-12-30,7531896.3932
002001.SZ,2001,新和成,化学制药,主板,2004-06-25,5944052.3374
002003.SZ,2003,伟星股份,服饰,主板,2004-06-25,1296215.7173
002004.SZ,2004,华邦健康,农药化肥,主板,2004-06-25,769831.6626
002006.SZ,2006,精工科技,专用机械,主板,2004-06-25,511144.68
002007.SZ,2007,华兰生物,生物制药,主板,2004-06-25,2367163.4886
002008.SZ,2008,大族激光,专用机械,主板,2004-06-25,1875328.7872
002010.SZ,2010,传化智联,仓储物流,主板,2004-06-29,1017401.1658
002011.SZ,2011,盾安环境,家用电器,主板,2004-07-05,964876.7255
002014.SZ,2014,永新股份,塑料,主板,2004-07-08,512477.196
002015.SZ,2015,协鑫能科,新型电力,主板,2004-07-08,1139573.879
002016.SZ,2016,世荣兆业,区域地产,主板,2004-07-08,500021.1006
002019.SZ,2019,亿帆医药,化学制药,主板,2004-07-13,913239.766
002020.SZ,2020,京新药业,化学制药,主板,2004-07-15,748296.8755
002023.SZ,2023,海特高新,航空,主板,2004-07-21,623804.3179
002025.SZ,2025,航天电器,元器件,主板,2004-07-26,2129752.1978
002027.SZ,2027,分众传媒,广告包装,主板,2004-08-04,8188727.2446
002028.SZ,2028,思源电气,电气设备,主板,2004-08-05,4093711.1778
002030.SZ,2030,达安基因,医疗保健,主板,2004-08-09,732598.8287
002032.SZ,2032,苏泊尔,家用电器,主板,2004-08-17,4017720.7708
002034.SZ,2034,旺能环境,环境保护,主板,2004-08-26,580758.38
002036.SZ,2036,联创电子,元器件,主板,2004-09-03,698484.4416
002038.SZ,2038,双鹭药业,生物制药,主板,2004-09-09,559445.7781
002039.SZ,2039,黔源电力,水力发电,主板,2005-03-03,684093.0016
002041.SZ,2041,登海种业,种植业,主板,2005-04-18,712800.0
002042.SZ,2042,华孚时尚,纺织,主板,2005-04-27,527211.2201
002043.SZ,2043,兔宝宝,其他建材,主板,2005-05-10,728340.3751
002044.SZ,2044,美年健康,医疗保健,主板,2005-05-18,1301142.7699
002045.SZ,2045,国光电器,元器件,主板,2005-05-23,660514.8054
002046.SZ,2046,国机精工,机械基件,主板,2005-05-26,500079.4614
002048.SZ,2048,宁波华翔,汽车配件,主板,2005-06-03,639707.6322
002049.SZ,2049,紫光国微,半导体,主板,2005-06-06,3996765.4071
002050.SZ,2050,三花智控,家用电器,主板,2005-06-07,6379242.1574
002051.SZ,2051,中工国际,建筑工程,主板,2006-06-19,832703.2681
002053.SZ,2053,云南能投,食品,主板,2006-06-27,980545.8184
002056.SZ,2056,横店东磁,电气设备,主板,2006-08-02,1976070.5389
002060.SZ,2060,广东建工,建筑工程,主板,2006-08-10,512599.2725
002061.SZ,2061,浙江交科,建筑工程,主板,2006-08-16,886306.0239
002063.SZ,2063,远光软件,软件服务,主板,2006-08-23,796744.308
002064.SZ,2064,华峰化学,化纤,主板,2006-08-23,3723896.9101
002065.SZ,2065,东华软件,软件服务,主板,2006-08-23,1323104.3503
002073.SZ,2073,软控股份,专用机械,主板,2006-10-18,643702.8176
002074.SZ,2074,国轩高科,电气设备,主板,2006-10-18,2489749.5595
002075.SZ,2075,沙钢股份,特种钢,主板,2006-10-25,1088135.6723
002077.SZ,2077,大港股份,半导体,主板,2006-11-16,639544.0613
002078.SZ,2078,太阳纸业,造纸,主板,2006-11-16,3435430.0316
002079.SZ,2079,苏州固锝,电气设备,主板,2006-11-16,617603.8377
002080.SZ,2080,中材科技,玻璃,主板,2006-11-20,1639526.7416
002081.SZ,2081,金螳螂,装修装饰,主板,2006-11-20,782457.978
002085.SZ,2085,万丰奥威,汽车配件,主板,2006-11-28,2751793.5859
002088.SZ,2088,鲁阳节能,矿物制品,主板,2006-11-30,514871.0521
002091.SZ,2091,江苏国泰,商贸代理,主板,2006-12-08,1038200.4555
002093.SZ,2093,国脉科技,文教休闲,主板,2006-12-15,601099.1513
002096.SZ,2096,易普力,化工原料,主板,2006-12-22,594419.1348
002097.SZ,2097,山河智能,工程机械,主板,2006-12-22,594253.5093
002099.SZ,2099,海翔药业,化学制药,主板,2006-12-26,900409.6836
002100.SZ,2100,天康生物,饲料,主板,2006-12-26,871030.4666
002101.SZ,2101,广东鸿图,汽车配件,主板,2006-12-29,647254.2618
002102.SZ,2102,能特科技,化学制药,主板,2006-12-29,561796.2409
002106.SZ,2106,莱宝高科,元器件,主板,2007-01-12,570985.215
002108.SZ,2108,沧州明珠,塑料,主板,2007-01-24,504399.294
002110.SZ,2110,三钢闽光,普钢,主板,2007-01-26,638847.0477
002120.SZ,2120,韵达股份,仓储物流,主板,2007-03-06,2114157.575
002125.SZ,2125,湘潭电化,化工原料,主板,2007-04-03,555202.8709
002126.SZ,2126,银轮股份,汽车配件,主板,2007-04-18,1252200.5638
002127.SZ,2127,南极电商,互联网,主板,2007-04-18,520617.7954
002128.SZ,2128,电投能源,铝,主板,2007-04-18,3595188.5116
002129.SZ,2129,TCL中环,电气设备,主板,2007-04-20,3288606.8913
002130.SZ,2130,沃尔核材,电气设备,主板,2007-04-20,1606405.7799
002131.SZ,2131,利欧股份,互联网,主板,2007-04-27,825024.3792
002138.SZ,2138,顺络电子,元器件,主板,2007-06-13,1891968.9775
002139.SZ,2139,拓邦股份,元器件,主板,2007-06-29,1045688.0563
002142.SZ,2142,宁波银行,银行,主板,2007-07-19,12910200.7962
002145.SZ,2145,中核钛白,化工原料,主板,2007-08-03,1322960.3382
002149.SZ,2149,西部材料,小金属,主板,2007-08-10,637021.7526
002151.SZ,2151,北斗星通,通信设备,主板,2007-08-13,1031879.2604
002152.SZ,2152,广电运通,IT设备,主板,2007-08-13,2343134.2251
002153.SZ,2153,石基信息,软件服务,主板,2007-08-13,870271.5094
002155.SZ,2155,湖南黄金,黄金,主板,2007-08-16,1788453.7117
002156.SZ,2156,通富微电,半导体,主板,2007-08-16,2905865.5659
002157.SZ,2157,正邦科技,农业综合,主板,2007-08-17,1570496.8388
002158.SZ,2158,汉钟精机,工程机械,主板,2007-08-17,900186.8254
002171.SZ,2171,楚江新材,铜,主板,2007-09-21,718832.6294
002174.SZ,2174,游族网络,互联网,主板,2007-09-25,674896.7572
002176.SZ,2176,江特电机,小金属,主板,2007-10-12,1156680.9606
002179.SZ,2179,中航光电,元器件,主板,2007-11-01,7732723.0749
002180.SZ,2180,纳思达,IT设备,主板,2007-11-13,3224624.6257
002182.SZ,2182,宝武镁业,小金属,主板,2007-11-13,706292.2021
002183.SZ,2183,怡亚通,仓储物流,主板,2007-11-13,745337.3041
002185.SZ,2185,华天科技,半导体,主板,2007-11-20,2514935.7375
002191.SZ,2191,劲嘉股份,广告包装,主板,2007-12-05,505729.4121
002192.SZ,2192,融捷股份,小金属,主板,2007-12-05,772955.6401
002195.SZ,2195,岩山科技,软件服务,主板,2007-12-12,1257322.9787
002202.SZ,2202,金风科技,电气设备,主板,2007-12-26,2840966.4748
002203.SZ,2203,海亮股份,铜,主板,2008-01-16,1557714.8425
002204.SZ,2204,大连重工,专用机械,主板,2008-01-16,770616.6428
002214.SZ,2214,大立科技,电器仪表,主板,2008-02-18,525004.7155
002215.SZ,2215,诺普信,农药化肥,主板,2008-02-18,602658.0036
002216.SZ,2216,三全食品,食品,主板,2008-02-20,637189.0475
002219.SZ,2219,新里程,医疗保健,主板,2008-03-06,571821.5453
002221.SZ,2221,东华能源,石油加工,主板,2008-03-06,1215460.3652
002222.SZ,2222,福晶科技,元器件,主板,2008-03-19,1043042.021
002223.SZ,2223,鱼跃医疗,医疗保健,主板,2008-04-18,2988736.8984
002226.SZ,2226,江南化工,化工原料,主板,2008-05-06,727411.1723
002230.SZ,2230,科大讯飞,软件服务,主板,2008-05-12,7446912.3854
002232.SZ,2232,启明信息,软件服务,主板,2008-05-09,657763.0126
002233.SZ,2233,塔牌集团,水泥,主板,2008-05-16,810209.7769
002236.SZ,2236,大华股份,IT设备,主板,2008-05-20,2884684.2668
002237.SZ,2237,恒邦股份,黄金,主板,2008-05-20,834868.3531
002238.SZ,2238,天威视讯,影视音像,主板,2008-05-26,571422.1219
002239.SZ,2239,奥特佳,汽车配件,主板,2008-05-22,765384.142
002240.SZ,2240,盛新锂能,小金属,主板,2008-05-23,1017447.1646
002241.SZ,2241,歌尔股份,元器件,主板,2008-05-22,6019947.524
002242.SZ,2242,九阳股份,家用电器,主板,2008-05-28,726654.7093
002243.SZ,2243,力合科创,广告包装,主板,2008-05-28,674319.6824
002244.SZ,2244,滨江集团,区域地产,主板,2008-05-29,2237083.0192
002245.SZ,2245,蔚蓝锂芯,电气设备,主板,2008-06-05,802398.804
002246.SZ,2246,北化股份,化工原料,主板,2008-06-05,511151.3932
002249.SZ,2249,大洋电机,电气设备,主板,2008-06-19,865765.5773
002252.SZ,2252,上海莱士,生物制药,主板,2008-06-23,4717335.4141
002254.SZ,2254,泰和新材,化纤,主板,2008-06-25,652836.0365
002258.SZ,2258,利尔化学,农药化肥,主板,2008-07-08,584178.9022
002261.SZ,2261,拓维信息,软件服务,主板,2008-07-23,1388920.8231
002262.SZ,2262,恩华药业,化学制药,主板,2008-07-23,2308532.8959
002266.SZ,2266,浙富控股,环境保护,主板,2008-08-06,1371104.2934
002267.SZ,2267,陕天然气,供气供热,主板,2008-08-13,736193.9446
002268.SZ,2268,电科网安,IT设备,主板,2008-08-11,1033018.8036
002270.SZ,2270,华明装备,电气设备,主板,2008-09-05,1377233.5931
002271.SZ,2271,东方雨虹,其他建材,主板,2008-09-10,2036563.276
002273.SZ,2273,水晶光电,元器件,主板,2008-09-19,2328821.5325
002274.SZ,2274,华昌化工,农药化肥,主板,2008-09-25,668686.4297
002275.SZ,2275,桂林三金,中成药,主板,2009-07-10,759178.1071
002276.SZ,2276,万马股份,电气设备,主板,2009-07-10,665365.1684
002281.SZ,2281,光迅科技,通信设备,主板,2009-08-21,2098838.3721
002284.SZ,2284,亚太股份,汽车配件,主板,2009-08-28,500881.7085
002287.SZ,2287,奇正藏药,中成药,主板,2009-08-28,1022501.4514
002292.SZ,2292,奥飞娱乐,影视音像,主板,2009-09-10,576111.1621
002293.SZ,2293,罗莱生活,纺织,主板,2009-09-10,557238.477
002294.SZ,2294,信立泰,化学制药,主板,2009-09-10,3495278.1481
002299.SZ,2299,圣农发展,农业综合,主板,2009-10-21,1484538.0749
002302.SZ,2302,西部建设,水泥,主板,2009-11-03,771298.4797
002304.SZ,2304,洋河股份,白酒,主板,2009-11-06,11685047.828
002311.SZ,2311,海大集团,饲料,主板,2009-11-27,6285993.0466
002312.SZ,2312,川发龙蟒,化工原料,主板,2009-12-03,1116771.0379
002317.SZ,2317,众生药业,中成药,主板,2009-12-11,849203.4077
002318.SZ,2318,久立特材,特种钢,主板,2009-12-11,1813092.8899
002320.SZ,2320,海峡股份,水运,主板,2009-12-16,1056514.3306
002322.SZ,2322,理工能科,软件服务,主板,2009-12-18,567240.5812
002324.SZ,2324,普利特,塑料,主板,2009-12-18,593050.4803
002326.SZ,2326,永太科技,化工原料,主板,2009-12-22,628707.0901
002332.SZ,2332,仙琚制药,化学制药,主板,2010-01-12,1159380.0031
002335.SZ,2335,科华数据,电气设备,主板,2010-01-13,794843.2625
002338.SZ,2338,奥普光电,电器仪表,主板,2010-01-15,599265.018
002340.SZ,2340,格林美,小金属,主板,2010-01-22,2980990.5474
002349.SZ,2349,精华制药,中成药,主板,2010-02-03,561406.7579
002351.SZ,2351,漫步者,IT设备,主板,2010-02-05,526759.3586
002352.SZ,2352,顺丰控股,仓储物流,主板,2010-02-05,17817988.5368
002353.SZ,2353,杰瑞股份,化工机械,主板,2010-02-05,1983225.1439
002368.SZ,2368,太极股份,软件服务,主板,2010-03-12,891251.0875
002371.SZ,2371,北方华创,半导体,主板,2010-03-16,16579650.4451
002372.SZ,2372,伟星新材,其他建材,主板,2010-03-18,1685603.3929
002373.SZ,2373,千方科技,软件服务,主板,2010-03-18,1062125.0711
002378.SZ,2378,章源钨业,小金属,主板,2010-03-31,683591.242
002379.SZ,2379,宏创控股,铝,主板,2010-03-31,553414.0177
002384.SZ,2384,东山精密,元器件,主板,2010-04-09,3124769.1636
002385.SZ,2385,大北农,饲料,主板,2010-04-09,1321759.33
002387.SZ,2387,维信诺,元器件,主板,2010-04-13,916372.4183
002389.SZ,2389,航天彩虹,航空,主板,2010-04-13,1312840.7427
002390.SZ,2390,信邦制药,医药商业,主板,2010-04-16,575862.7354
002396.SZ,2396,星网锐捷,通信设备,主板,2010-06-23,800260.5414
002399.SZ,2399,海普瑞,化学制药,主板,2010-05-06,1223504.8716
002400.SZ,2400,省广集团,广告包装,主板,2010-05-06,809571.2058
002402.SZ,2402,和而泰,元器件,主板,2010-05-11,763733.847
002405.SZ,2405,四维图新,软件服务,主板,2010-05-18,1658035.6506
002407.SZ,2407,多氟多,化工原料,主板,2010-05-18,1078153.9468
002408.SZ,2408,齐翔腾达,化工原料,主板,2010-05-18,1436090.1487
002409.SZ,2409,雅克科技,半导体,主板,2010-05-25,1716519.0836
002410.SZ,2410,广联达,软件服务,主板,2010-05-25,1561366.8784
002414.SZ,2414,高德红外,电器仪表,主板,2010-07-16,2049363.2959
002415.SZ,2415,海康威视,IT设备,主板,2010-05-28,24039836.935
002416.SZ,2416,爱施德,电器连锁,主板,2010-05-28,1170052.5146
002422.SZ,2422,科伦药业,化学制药,主板,2010-06-03,4049000.4786
002423.SZ,2423,中粮资本,多元金融,主板,2010-06-03,1730383.2868
002426.SZ,2426,胜利精密,元器件,主板,2010-06-08,626078.3799
002428.SZ,2428,云南锗业,小金属,主板,2010-06-08,828049.1725
002429.SZ,2429,兆驰股份,家用电器,主板,2010-06-10,2094766.1873
002430.SZ,2430,杭氧股份,化工机械,主板,2010-06-10,1729468.4095
002432.SZ,2432,九安医疗,医疗保健,主板,2010-06-10,1730640.146
002434.SZ,2434,万里扬,汽车配件,主板,2010-06-18,638623.0914
002436.SZ,2436,兴森科技,元器件,主板,2010-06-18,1357873.0727
002439.SZ,2439,启明星辰,软件服务,主板,2010-06-23,933458.5729
002440.SZ,2440,闰土股份,染料涂料,主板,2010-07-06,547942.1088
002444.SZ,2444,巨星科技,轻工机械,主板,2010-07-13,3203231.141
002456.SZ,2456,欧菲光,元器件,主板,2010-08-03,2695025.6936
002458.SZ,2458,益生股份,农业综合,主板,2010-08-10,591606.2809
002459.SZ,2459,晶澳科技,电气设备,主板,2010-08-10,3336745.3001
002460.SZ,2460,赣锋锂业,小金属,主板,2010-08-10,3215199.9774
002461.SZ,2461,珠江啤酒,啤酒,主板,2010-08-18,1927809.1061
002463.SZ,2463,沪电股份,元器件,主板,2010-08-18,6507657.4022
002465.SZ,2465,海格通信,通信设备,主板,2010-08-31,2125333.2969
002466.SZ,2466,天齐锂业,小金属,主板,2010-08-31,3860490.505
002468.SZ,2468,申通快递,仓储物流,主板,2010-09-08,1539791.118
002472.SZ,2472,双环传动,汽车配件,主板,2010-09-10,1597532.6005
002475.SZ,2475,立讯精密,元器件,主板,2010-09-15,27766263.6247
002482.SZ,2482,广田集团,装修装饰,主板,2010-09-29,572639.1896
002484.SZ,2484,江海股份,元器件,主板,2010-09-29,1052351.2602
002487.SZ,2487,大金重工,电气设备,主板,2010-10-15,1272566.1765
002488.SZ,2488,金固股份,汽车配件,主板,2010-10-21,676261.7393
002489.SZ,2489,浙江永强,家居用品,主板,2010-10-21,527995.9841
002493.SZ,2493,荣盛石化,化纤,主板,2010-11-02,8206515.0
002497.SZ,2497,雅化集团,小金属,主板,2010-11-09,909191.1594
002498.SZ,2498,汉缆股份,电气设备,主板,2010-11-09,981404.82
002500.SZ,2500,山西证券,证券,主板,2010-11-15,1726680.1141
002506.SZ,2506,协鑫集成,电气设备,主板,2010-11-18,1076107.6426
002507.SZ,2507,涪陵榨菜,食品,主板,2010-11-23,1369506.1019
002508.SZ,2508,老板电器,家用电器,主板,2010-11-23,1730233.0469
002511.SZ,2511,中顺洁柔,造纸,主板,2010-11-25,804871.6163
002516.SZ,2516,旷达科技,汽车配件,主板,2010-12-07,542432.8934
002517.SZ,2517,恺英网络,互联网,主板,2010-12-07,1715174.9189
002518.SZ,2518,科士达,电气设备,主板,2010-12-07,920707.4019
002519.SZ,2519,银河电子,通信设备,主板,2010-12-07,500812.7156
002531.SZ,2531,天顺风能,电气设备,主板,2010-12-31,1265101.2158
002532.SZ,2532,天山铝业,铝,主板,2010-12-31,2771233.6583
002533.SZ,2533,金杯电工,电气设备,主板,2010-12-31,536075.9035
002534.SZ,2534,西子洁能,专用机械,主板,2011-01-10,718393.2604
002537.SZ,2537,海联金汇,汽车配件,主板,2011-01-10,589356.406
002539.SZ,2539,云图控股,农药化肥,主板,2011-01-18,652640.5043
002541.SZ,2541,鸿路钢构,钢加工,主板,2011-01-18,577544.6515
002543.SZ,2543,万和电气,家用电器,主板,2011-01-28,577586.4056
002544.SZ,2544,普天科技,通信设备,主板,2011-01-28,1119871.3469
002545.SZ,2545,东方铁塔,农药化肥,主板,2011-02-11,687139.5345
002555.SZ,2555,三七互娱,互联网,主板,2011-03-02,2201502.8212
002557.SZ,2557,洽洽食品,食品,主板,2011-03-02,1238597.5725
002558.SZ,2558,巨人网络,互联网,主板,2011-03-02,1805791.3015
002563.SZ,2563,森马服饰,服饰,主板,2011-03-11,984965.2836
002567.SZ,2567,唐人神,饲料,主板,2011-03-25,710031.129
002568.SZ,2568,百润股份,红黄酒,主板,2011-03-25,1189701.4184
002572.SZ,2572,索菲亚,家居用品,主板,2011-04-12,909443.2135
002588.SZ,2588,史丹利,农药化肥,主板,2011-06-10,740199.7251
002590.SZ,2590,万安科技,汽车配件,主板,2011-06-10,521153.363
002594.SZ,2594,比亚迪,汽车整车,主板,2011-06-30,28722000.3053
002595.SZ,2595,豪迈科技,专用机械,主板,2011-06-28,3214824.425
002597.SZ,2597,金禾实业,食品,主板,2011-07-07,1243293.2126
002600.SZ,2600,领益智造,元器件,主板,2011-07-15,5473468.7686
002601.SZ,2601,龙佰集团,化工原料,主板,2011-07-15,3776674.6503
002602.SZ,2602,世纪华通,互联网,主板,2011-07-28,2256931.3125
002603.SZ,2603,以岭药业,中成药,主板,2011-07-28,2109882.4436
002605.SZ,2605,姚记科技,互联网,主板,2011-08-05,669013.7657
002607.SZ,2607,中公教育,文教休闲,主板,2011-08-10,1010777.6073
002608.SZ,2608,江苏国信,火力发电,主板,2011-08-10,2629543.474
002611.SZ,2611,东方精工,轻工机械,主板,2011-08-30,536343.704
002617.SZ,2617,露笑科技,电气设备,主板,2011-09-20,1072454.2831
002624.SZ,2624,完美世界,互联网,主板,2011-10-28,1346760.8318
002625.SZ,2625,光启技术,航空,主板,2011-11-03,3062152.834
002626.SZ,2626,金达威,医疗保健,主板,2011-10-28,829998.7333
002635.SZ,2635,安洁科技,元器件,主板,2011-11-25,535762.9919
002643.SZ,2643,万润股份,化工原料,主板,2011-12-20,762727.2595
002648.SZ,2648,卫星化学,化工原料,主板,2011-12-28,5463649.7365
002653.SZ,2653,海思科,化学制药,主板,2012-01-17,1579340.7218
002654.SZ,2654,万润科技,互联网,主板,2012-02-17,812278.0848
002668.SZ,2668,TCL智家,家用电器,主板,2012-04-16,1004971.2938
002670.SZ,2670,国盛金控,证券,主板,2012-04-16,1454522.1681
002673.SZ,2673,西部证券,证券,主板,2012-05-03,2625775.3545
002675.SZ,2675,东诚药业,化学制药,主板,2012-05-25,871194.773
002681.SZ,2681,奋达科技,元器件,主板,2012-06-05,655832.4498
002683.SZ,2683,广东宏大,化工原料,主板,2012-06-12,1320109.9988
002690.SZ,2690,美亚光电,专用机械,主板,2012-07-31,548315.6798
002698.SZ,2698,博实股份,化工机械,主板,2012-09-11,981114.1078
002701.SZ,2701,奥瑞金,广告包装,主板,2012-10-11,1113202.1802
002703.SZ,2703,浙江世宝,汽车配件,主板,2012-11-02,591221.4896
002705.SZ,2705,新宝股份,家用电器,主板,2014-01-21,1028626.862
002706.SZ,2706,良信股份,电气设备,主板,2014-01-21,525966.8739
002707.SZ,2707,众信旅游,旅游服务,主板,2014-01-23,524831.7951
002709.SZ,2709,天赐材料,化工原料,主板,2014-01-23,1983342.418
002714.SZ,2714,牧原股份,农业综合,主板,2014-01-28,14945632.5407
002716.SZ,2716,湖南白银,小金属,主板,2014-01-28,629986.5401
002726.SZ,2726,龙大美食,食品,主板,2014-06-26,701200.1978
002737.SZ,2737,葵花药业,中成药,主板,2014-12-30,1238080.0
002738.SZ,2738,中矿资源,小金属,主板,2014-12-30,2151448.0506
002739.SZ,2739,万达电影,影视音像,主板,2015-01-22,1953372.6662
002745.SZ,2745,木林森,元器件,主板,2015-02-17,800636.3738
002747.SZ,2747,埃斯顿,机械基件,主板,2015-03-20,946728.4625
002749.SZ,2749,国光股份,农药化肥,主板,2015-03-20,565119.8135
002755.SZ,2755,奥赛康,化学制药,主板,2015-05-15,994050.3379
002756.SZ,2756,永兴材料,小金属,主板,2015-05-15,1252761.0134
002761.SZ,2761,浙江建投,建筑工程,主板,2015-06-10,803437.1885
002773.SZ,2773,康弘药业,化学制药,主板,2015-06-26,1254859.0579
002782.SZ,2782,可立克,元器件,主板,2015-12-22,519404.2135
002797.SZ,2797,第一创业,证券,主板,2016-05-11,2168436.465
002807.SZ,2807,江阴银行,银行,主板,2016-09-02,892424.4383
002812.SZ,2812,恩捷股份,电气设备,主板,2016-09-14,2190869.7846
002815.SZ,2815,崇达技术,元器件,主板,2016-10-12,517800.9339
002819.SZ,2819,东方中科,电器仪表,主板,2016-11-11,568681.8023
002821.SZ,2821,凯莱英,生物制药,主板,2016-11-18,2044879.2211
002827.SZ,2827,高争民爆,化工原料,主板,2016-12-09,669297.2719
002831.SZ,2831,裕同科技,广告包装,主板,2016-12-16,1195679.5592
002832.SZ,2832,比音勒芬,服饰,主板,2016-12-23,697448.1466
002837.SZ,2837,英维克,专用机械,主板,2016-12-29,1420283.1168
002839.SZ,2839,张家港行,银行,主板,2017-01-24,779237.3336
002840.SZ,2840,华统股份,食品,主板,2017-01-10,523039.2032
002841.SZ,2841,视源股份,元器件,主板,2017-01-19,1654255.8708
002847.SZ,2847,盐津铺子,食品,主板,2017-02-08,978528.3629
002850.SZ,2850,科达利,电气设备,主板,2017-03-02,1541034.2244
002851.SZ,2851,麦格米特,电气设备,主板,2017-03-06,999361.2613
002855.SZ,2855,捷荣技术,元器件,主板,2017-03-21,503288.4622
002859.SZ,2859,洁美科技,元器件,主板,2017-04-07,692739.4225
002865.SZ,2865,钧达股份,电气设备,主板,2017-04-25,876223.4956
002867.SZ,2867,周大生,服饰,主板,2017-04-27,1144584.1119
002880.SZ,2880,卫光生物,生物制药,主板,2017-06-16,592404.4483
002884.SZ,2884,凌霄泵业,机械基件,主板,2017-07-11,502375.4079
002891.SZ,2891,中宠股份,饲料,主板,2017-08-21,634109.8638
002895.SZ,2895,川恒股份,化工原料,主板,2017-08-25,989819.0489
002897.SZ,2897,意华股份,元器件,主板,2017-09-07,593197.5781
002901.SZ,2901,大博医疗,医疗保健,主板,2017-09-22,840788.4962
002906.SZ,2906,华阳集团,汽车配件,主板,2017-10-13,1241884.1663
002911.SZ,2911,佛燃能源,供气供热,主板,2017-11-22,1234211.6957
002913.SZ,2913,奥士康,元器件,主板,2017-12-01,610107.296
002916.SZ,2916,深南电路,元器件,主板,2017-12-13,4961517.3348
002920.SZ,2920,德赛西威,汽车配件,主板,2017-12-26,5181461.3937
002922.SZ,2922,伊戈尔,电气设备,主板,2017-12-29,687384.9331
002925.SZ,2925,盈趣科技,元器件,主板,2018-01-15,891495.1986
002926.SZ,2926,华西证券,证券,主板,2018-02-05,1664250.0
002928.SZ,2928,华夏航空,空运,主板,2018-03-02,715815.268
002929.SZ,2929,润建股份,通信设备,主板,2018-03-01,538997.4303
002935.SZ,2935,天奥电子,航空,主板,2018-09-03,503920.3344
002936.SZ,2936,郑州银行,银行,主板,2018-09-19,1132082.4848
002937.SZ,2937,兴瑞科技,元器件,主板,2018-09-26,541031.5278
002938.SZ,2938,鹏鼎控股,元器件,主板,2018-09-18,8107519.0407
002939.SZ,2939,长城证券,证券,主板,2018-10-26,2301831.1516
002941.SZ,2941,新疆交建,建筑工程,主板,2018-11-28,618638.28
002945.SZ,2945,华林证券,证券,主板,2019-01-17,2570400.0
002946.SZ,2946,新乳业,乳制品,主板,2019-01-25,793669.38
002947.SZ,2947,恒铭达,元器件,主板,2019-02-01,571052.8718
002948.SZ,2948,青岛银行,银行,主板,2019-01-16,1001394.2819
002957.SZ,2957,科瑞技术,专用机械,主板,2019-07-26,549023.9651
002958.SZ,2958,青农商行,银行,主板,2019-03-26,1211859.1913
002959.SZ,2959,小熊电器,家用电器,主板,2019-08-23,586423.9705
002960.SZ,2960,青鸟消防,专用机械,主板,2019-08-09,580894.2707
002966.SZ,2966,苏州银行,银行,主板,2019-08-02,2524340.7996
002967.SZ,2967,广电计量,电器仪表,主板,2019-11-08,711970.2668
002978.SZ,2978,安宁股份,小金属,主板,2020-04-17,757367.0
002984.SZ,2984,森麒麟,汽车配件,主板,2020-09-11,1628706.8
002987.SZ,2987,京北方,软件服务,主板,2020-05-07,662924.6661
002992.SZ,2992,宝明科技,元器件,主板,2020-08-03,740116.0083
002993.SZ,2993,奥海科技,元器件,主板,2020-08-17,598385.1475
002997.SZ,2997,瑞鹄模具,专用机械,主板,2020-09-03,566004.8628
003006.SZ,3006,百亚股份,造纸,主板,2020-09-21,974313.2445
003009.SZ,3009,中天火箭,航空,主板,2020-09-25,573865.4036
003012.SZ,3012,东鹏控股,陶瓷,主板,2020-10-19,638173.454
003021.SZ,3021,兆威机电,元器件,主板,2020-12-04,763341.9604
003022.SZ,3022,联泓新科,化工原料,主板,2020-12-08,1758943.056
003031.SZ,3031,中瓷电子,元器件,主板,2021-01-04,613431.5622
003035.SZ,3035,南网能源,新型电力,主板,2021-01-19,912183.0299
003039.SZ,3039,顺控发展,水务,主板,2021-03-08,670625.3408
003816.SZ,3816,中国广核,新型电力,主板,2019-08-26,17661408.7589
300001.SZ,300001,特锐德,电气设备,创业板,2009-10-30,1824604.3186
300002.SZ,300002,神州泰岳,互联网,创业板,2009-10-30,1629463.4088
300003.SZ,300003,乐普医疗,医疗保健,创业板,2009-10-30,1562766.7022
300008.SZ,300008,天海防务,船舶,创业板,2009-10-30,583084.0451
300009.SZ,300009,安科生物,生物制药,创业板,2009-10-30,954186.6603
300012.SZ,300012,华测检测,电器仪表,创业板,2009-10-30,1484745.1665
300014.SZ,300014,亿纬锂能,电气设备,创业板,2009-10-30,6206023.1098
300015.SZ,300015,爱尔眼科,医疗保健,创业板,2009-10-30,7367463.8324
300017.SZ,300017,网宿科技,软件服务,创业板,2009-10-30,1575421.8269
300024.SZ,300024,机器人,专用机械,创业板,2009-10-30,1410323.3437
300026.SZ,300026,红日药业,中成药,创业板,2009-10-30,859480.312
300027.SZ,300027,华谊兄弟,影视音像,创业板,2009-10-30,529279.1895
300031.SZ,300031,宝通科技,互联网,创业板,2009-12-25,528449.1104
300033.SZ,300033,同花顺,软件服务,创业板,2009-12-25,2739271.6433
300034.SZ,300034,钢研高纳,航空,创业板,2009-12-25,1026194.7143
300036.SZ,300036,超图软件,软件服务,创业板,2009-12-25,574516.2215
300037.SZ,300037,新宙邦,化工原料,创业板,2010-01-08,1774639.2369
300045.SZ,300045,华力创通,IT设备,创业板,2010-01-20,825528.9126
300049.SZ,300049,福瑞股份,医疗保健,创业板,2010-01-20,923264.3063
300053.SZ,300053,航宇微,半导体,创业板,2010-02-11,597339.1013
300054.SZ,300054,鼎龙股份,化工原料,创业板,2010-02-11,1414842.9933
300058.SZ,300058,蓝色光标,广告包装,创业板,2010-02-26,1282296.0478
300059.SZ,300059,东方财富,证券,创业板,2010-03-19,13973805.5024
300068.SZ,300068,南都电源,电气设备,创业板,2010-04-21,925345.4297
300070.SZ,300070,碧水源,环境保护,创业板,2010-04-21,1130038.7529
300073.SZ,300073,当升科技,电气设备,创业板,2010-04-27,1566122.3697
300075.SZ,300075,数字政通,软件服务,创业板,2010-04-27,613153.7454
300077.SZ,300077,国民技术,半导体,创业板,2010-04-30,521847.2978
300079.SZ,300079,数码视讯,通信设备,创业板,2010-04-30,548473.2928
300083.SZ,300083,创世纪,机床制造,创业板,2010-05-20,913737.551
300085.SZ,300085,银之杰,软件服务,创业板,2010-05-26,539001.5396
300087.SZ,300087,荃银高科,种植业,创业板,2010-05-26,547397.9972
300088.SZ,300088,长信科技,元器件,创业板,2010-05-26,1331267.2386
300098.SZ,300098,高新兴,软件服务,创业板,2010-07-28,588946.0655
300101.SZ,300101,振芯科技,通信设备,创业板,2010-08-06,729453.8786
300102.SZ,300102,乾照光电,半导体,创业板,2010-08-12,552286.9436
300113.SZ,300113,顺网科技,互联网,创业板,2010-08-27,578639.7217
300114.SZ,300114,中航电测,电器仪表,创业板,2010-08-27,2445157.7054
300115.SZ,300115,长盈精密,元器件,创业板,2010-09-02,1377808.5296
300118.SZ,300118,东方日升,电气设备,创业板,2010-09-02,894387.1672
300122.SZ,300122,智飞生物,生物制药,创业板,2010-09-28,3156735.8131
300124.SZ,300124,汇川技术,电器仪表,创业板,2010-09-28,9585315.2046
300130.SZ,300130,新国都,IT设备,创业板,2010-10-19,682742.6763
300131.SZ,300131,英唐智控,元器件,创业板,2010-10-19,584068.4198
300133.SZ,300133,华策影视,影视音像,创业板,2010-10-26,833147.9233
300134.SZ,300134,大富科技,通信设备,创业板,2010-10-26,581333.0929
300136.SZ,300136,信维通信,元器件,创业板,2010-11-05,1508134.7367
300142.SZ,300142,沃森生物,生物制药,创业板,2010-11-12,1601307.3072
300144.SZ,300144,宋城演艺,旅游景点,创业板,2010-12-09,1798811.9087
300146.SZ,300146,汤臣倍健,食品,创业板,2010-12-15,1238465.8167
300151.SZ,300151,昌红科技,专用机械,创业板,2010-12-22,546040.1356
300166.SZ,300166,东方国信,软件服务,创业板,2011-01-25,571421.2103
300168.SZ,300168,万达信息,软件服务,创业板,2011-01-25,725348.0027
300170.SZ,300170,汉得信息,软件服务,创业板,2011-02-01,616883.7376
300171.SZ,300171,东富龙,医疗保健,创业板,2011-02-01,572717.9994
300180.SZ,300180,华峰超纤,化纤,创业板,2011-02-22,613549.1623
300181.SZ,300181,佐力药业,中成药,创业板,2011-02-22,772992.0448
300182.SZ,300182,捷成股份,影视音像,创业板,2011-02-22,864607.7891
300184.SZ,300184,力源信息,元器件,创业板,2011-02-22,753685.8751
300185.SZ,300185,通裕重工,工程机械,创业板,2011-03-08,661101.5266
300188.SZ,300188,国投智能,软件服务,创业板,2011-03-16,824170.5791
300199.SZ,300199,翰宇药业,化学制药,创业板,2011-04-07,651899.3253
300203.SZ,300203,聚光科技,电器仪表,创业板,2011-04-15,500827.6424
300207.SZ,300207,欣旺达,电气设备,创业板,2011-04-21,2894560.6844
300212.SZ,300212,易华录,软件服务,创业板,2011-05-05,1015638.226
300223.SZ,300223,北京君正,半导体,创业板,2011-05-31,1925501.2588
300224.SZ,300224,正海磁材,矿物制品,创业板,2011-05-31,674786.0065
300229.SZ,300229,拓尔思,软件服务,创业板,2011-06-15,902780.6223
300236.SZ,300236,上海新阳,半导体,创业板,2011-06-29,809641.629
300244.SZ,300244,迪安诊断,医疗保健,创业板,2011-07-19,500982.477
300251.SZ,300251,光线传媒,影视音像,创业板,2011-08-03,1886950.2107
300253.SZ,300253,卫宁健康,软件服务,创业板,2011-08-18,977234.9381
300255.SZ,300255,常山药业,生物制药,创业板,2011-08-19,924152.3414
300257.SZ,300257,开山股份,机械基件,创业板,2011-08-19,745508.7952
300261.SZ,300261,雅本化学,农药化肥,创业板,2011-09-06,500796.1002
300274.SZ,300274,阳光电源,电气设备,创业板,2011-11-02,12084008.7324
300284.SZ,300284,苏交科,建筑工程,创业板,2012-01-10,599609.191
300285.SZ,300285,国瓷材料,陶瓷,创业板,2012-01-13,1222003.7674
300290.SZ,300290,荣科科技,软件服务,创业板,2012-02-16,586166.8894
300294.SZ,300294,博雅生物,生物制药,创业板,2012-03-08,1401769.0764
300296.SZ,300296,利亚德,元器件,创业板,2012-03-15,889149.3514
300298.SZ,300298,三诺生物,医疗保健,创业板,2012-03-19,1049571.8777
300303.SZ,300303,聚飞光电,半导体,创业板,2012-03-19,636269.048
300304.SZ,300304,云意电气,汽车配件,创业板,2012-03-21,500032.1629
300308.SZ,300308,中际旭创,通信设备,创业板,2012-04-10,11749590.0103
300315.SZ,300315,掌趣科技,互联网,创业板,2012-05-11,1084391.048
300316.SZ,300316,晶盛机电,专用机械,创业板,2012-05-11,2807946.3872
300319.SZ,300319,麦捷科技,元器件,创业板,2012-05-23,738439.5931
300327.SZ,300327,中颖电子,半导体,创业板,2012-06-13,602858.0026
300337.SZ,300337,银邦股份,铝,创业板,2012-07-18,658030.139
300339.SZ,300339,润和软件,软件服务,创业板,2012-07-18,1639363.494
300342.SZ,300342,天银机电,家用电器,创业板,2012-07-26,546415.0184
300346.SZ,300346,南大光电,半导体,创业板,2012-08-07,1356284.3803
300347.SZ,300347,泰格医药,医疗保健,创业板,2012-08-17,2826144.9639
300357.SZ,300357,我武生物,生物制药,创业板,2014-01-21,835978.882
300360.SZ,300360,炬华科技,电器仪表,创业板,2014-01-21,714597.6509
300363.SZ,300363,博腾股份,化学制药,创业板,2014-01-29,588610.952
300364.SZ,300364,中文在线,出版业,创业板,2015-01-21,1126961.2633
300373.SZ,300373,扬杰科技,半导体,创业板,2014-01-23,1953358.7396
300379.SZ,300379,东方通,软件服务,创业板,2014-01-28,547703.0666
300383.SZ,300383,光环新网,软件服务,创业板,2014-01-29,1420644.2699
300390.SZ,300390,天华新能,电气设备,创业板,2014-07-31,1116051.8972
300393.SZ,300393,中来股份,塑料,创业板,2014-09-12,522829.5309
300394.SZ,300394,天孚通信,通信设备,创业板,2015-02-17,4046085.9848
300395.SZ,300395,菲利华,玻璃,创业板,2014-09-10,1625824.4776
300398.SZ,300398,飞凯材料,化工原料,创业板,2014-10-09,578766.5088
300401.SZ,300401,花园生物,化学制药,创业板,2014-10-09,667214.2111
300406.SZ,300406,九强生物,医疗保健,创业板,2014-10-30,529504.7502
300408.SZ,300408,三环集团,元器件,创业板,2014-12-03,5772097.3485
300413.SZ,300413,芒果超媒,影视音像,创业板,2015-01-21,1911600.6214
300415.SZ,300415,伊之密,专用机械,创业板,2015-01-23,734235.1677
300416.SZ,300416,苏试试验,电器仪表,创业板,2015-01-22,541008.6285
300418.SZ,300418,昆仑万维,互联网,创业板,2015-01-21,3214202.0909
300428.SZ,300428,立中集团,汽车配件,创业板,2015-03-19,769910.0993
300432.SZ,300432,富临精工,汽车配件,创业板,2015-03-19,818117.7753
300433.SZ,300433,蓝思科技,元器件,创业板,2015-03-18,8383904.1034
300438.SZ,300438,鹏辉能源,电气设备,创业板,2015-04-24,1135302.1283
300442.SZ,300442,润泽科技,软件服务,创业板,2015-04-24,1285865.6747
300450.SZ,300450,先导智能,专用机械,创业板,2015-05-18,2209607.7425
300451.SZ,300451,创业慧康,软件服务,创业板,2015-05-14,502282.2503
300454.SZ,300454,深信服,软件服务,创业板,2018-05-16,1252009.5269
300455.SZ,300455,航天智装,IT设备,创业板,2015-05-15,733424.2213
300456.SZ,300456,赛微电子,半导体,创业板,2015-05-14,899740.8122
300457.SZ,300457,赢合科技,专用机械,创业板,2015-05-14,937991.5214
300458.SZ,300458,全志科技,半导体,创业板,2015-05-15,1090372.6106
300459.SZ,300459,汤姆猫,互联网,创业板,2015-05-15,1102443.5313
300463.SZ,300463,迈克生物,医疗保健,创业板,2015-05-28,583907.7226
300470.SZ,300470,中密控股,机械基件,创业板,2015-06-12,615252.6606
300474.SZ,300474,景嘉微,元器件,创业板,2016-03-31,1800951.8311
300475.SZ,300475,香农芯创,元器件,创业板,2015-06-10,1123934.6782
300476.SZ,300476,胜宏科技,元器件,创业板,2015-06-11,2606676.1572
300482.SZ,300482,万孚生物,医疗保健,创业板,2015-06-30,641022.0166
300487.SZ,300487,蓝晓科技,化工原料,创业板,2015-07-02,1295586.2726
300492.SZ,300492,华图山鼎,建筑工程,创业板,2015-12-23,956853.3472
300496.SZ,300496,中科创达,软件服务,创业板,2015-12-10,1257446.7102
300498.SZ,300498,温氏股份,农业综合,创业板,2015-11-02,9250449.7032
300502.SZ,300502,新易盛,通信设备,创业板,2016-03-03,5538022.0801
300516.SZ,300516,久之洋,电器仪表,创业板,2016-06-02,506340.0
300525.SZ,300525,博思软件,软件服务,创业板,2016-07-26,706457.8808
300527.SZ,300527,中船应急,专用机械,创业板,2016-08-05,657894.2512
300529.SZ,300529,健帆生物,医疗保健,创业板,2016-08-02,1281960.8888
300558.SZ,300558,贝达药业,化学制药,创业板,2016-11-07,1480158.1774
300567.SZ,300567,精测电子,电器仪表,创业板,2016-11-22,1082944.1016
300568.SZ,300568,星源材质,化工原料,创业板,2016-12-01,918910.9412
300570.SZ,300570,太辰光,通信设备,创业板,2016-12-06,536887.4948
300573.SZ,300573,兴齐眼药,化学制药,创业板,2016-12-08,1089195.1666
300576.SZ,300576,容大感光,染料涂料,创业板,2016-12-20,599228.1077
300579.SZ,300579,数字认证,软件服务,创业板,2016-12-23,502788.0609
300580.SZ,300580,贝斯特,汽车配件,创业板,2017-01-11,633721.8897
300595.SZ,300595,欧普康视,医疗保健,创业板,2017-01-17,936561.1588
300596.SZ,300596,利安隆,化工原料,创业板,2017-01-19,538860.3032
300598.SZ,300598,诚迈科技,软件服务,创业板,2017-01-20,667682.7611
300601.SZ,300601,康泰生物,生物制药,创业板,2017-02-07,1234708.1271
300602.SZ,300602,飞荣达,元器件,创业板,2017-01-26,595106.1809
300604.SZ,300604,长川科技,半导体,创业板,2017-04-17,1387971.194
300613.SZ,300613,富瀚微,半导体,创业板,2017-02-20,700600.1071
300618.SZ,300618,寒锐钴业,小金属,创业板,2017-03-06,612833.8127
300620.SZ,300620,光库科技,通信设备,创业板,2017-03-10,796858.1078
300623.SZ,300623,捷捷微电,半导体,创业板,2017-03-14,1231225.0034
300624.SZ,300624,万兴科技,软件服务,创业板,2018-01-18,680480.8004
300627.SZ,300627,华测导航,通信设备,创业板,2017-03-21,1290191.5987
300628.SZ,300628,亿联网络,通信设备,创业板,2017-03-17,2337664.3052
300633.SZ,300633,开立医疗,医疗保健,创业板,2017-04-06,1282126.856
300634.SZ,300634,彩讯股份,软件服务,创业板,2018-03-23,586983.3083
300638.SZ,300638,广和通,通信设备,创业板,2017-04-13,575817.2376
300641.SZ,300641,正丹股份,化工原料,创业板,2017-04-18,948180.2621
300655.SZ,300655,晶瑞电材,半导体,创业板,2017-05-23,609892.8443
300657.SZ,300657,弘信电子,元器件,创业板,2017-05-23,664910.2807
300660.SZ,300660,江苏雷利,电气设备,创业板,2017-06-02,755089.4491
300661.SZ,300661,圣邦股份,半导体,创业板,2017-06-06,3184883.812
300666.SZ,300666,江丰电子,半导体,创业板,2017-06-15,1093718.812
300671.SZ,300671,富满微,半导体,创业板,2017-07-05,571941.3631
300672.SZ,300672,国科微,半导体,创业板,2017-07-12,945659.4744
300674.SZ,300674,宇信科技,软件服务,创业板,2018-11-07,767167.1653
300676.SZ,300676,华大基因,医疗保健,创业板,2017-07-14,1460321.2496
300677.SZ,300677,英科医疗,医疗保健,创业板,2017-07-21,1258141.4062
300678.SZ,300678,中科信息,软件服务,创业板,2017-07-28,607648.1273
300679.SZ,300679,电连技术,元器件,创业板,2017-07-31,1167056.7264
300682.SZ,300682,朗新集团,软件服务,创业板,2017-08-01,884195.5505
300685.SZ,300685,艾德生物,医疗保健,创业板,2017-08-02,743590.4539
300693.SZ,300693,盛弘股份,电气设备,创业板,2017-08-22,507436.3835
300699.SZ,300699,光威复材,化纤,创业板,2017-09-01,2252396.8404
300705.SZ,300705,九典制药,化学制药,创业板,2017-10-10,629598.9333
300709.SZ,300709,精研科技,元器件,创业板,2017-10-19,565739.9948
300722.SZ,300722,新余国科,航空,创业板,2017-11-10,532756.224
300723.SZ,300723,一品红,化学制药,创业板,2017-11-16,616047.165
300724.SZ,300724,捷佳伟创,专用机械,创业板,2018-08-10,1248699.0091
300726.SZ,300726,宏达电子,元器件,创业板,2017-11-21,509796.777
300735.SZ,300735,光弘科技,元器件,创业板,2017-12-29,1432017.4747
300738.SZ,300738,奥飞数据,软件服务,创业板,2018-01-19,864247.5529
300741.SZ,300741,华宝股份,食品,创业板,2018-03-01,952146.0739
300747.SZ,300747,锐科激光,专用机械,创业板,2018-06-25,721131.4771
300748.SZ,300748,金力永磁,矿物制品,创业板,2018-09-21,1212035.081
300750.SZ,300750,宁德时代,电气设备,创业板,2018-06-11,72307973.644
300751.SZ,300751,迈为股份,专用机械,创业板,2018-11-09,1557949.3004
300757.SZ,300757,罗博特科,专用机械,创业板,2019-01-08,1144284.7536
300759.SZ,300759,康龙化成,化学制药,创业板,2019-01-28,2794309.1011
300760.SZ,300760,迈瑞医疗,医疗保健,创业板,2018-10-16,30006687.9298
300761.SZ,300761,立华股份,农业综合,创业板,2019-02-18,1149913.1701
300762.SZ,300762,上海瀚讯,通信设备,创业板,2019-03-14,844613.9633
300763.SZ,300763,锦浪科技,电气设备,创业板,2019-03-19,1836927.1984
300765.SZ,300765,新诺威,食品,创业板,2019-03-22,2948079.234
300768.SZ,300768,迪普科技,软件服务,创业板,2019-04-12,513214.605
300769.SZ,300769,德方纳米,化工原料,创业板,2019-04-15,615270.6407
300770.SZ,300770,新媒股份,影视音像,创业板,2019-04-19,782940.3161
300772.SZ,300772,运达股份,电气设备,创业板,2019-04-26,701795.6518
300773.SZ,300773,拉卡拉,软件服务,创业板,2019-04-25,888545.8497
300775.SZ,300775,三角防务,航空,创业板,2019-05-21,1178830.3119
300776.SZ,300776,帝尔激光,专用机械,创业板,2019-05-17,688044.9175
300777.SZ,300777,中简科技,化纤,创业板,2019-05-16,850028.0247
300779.SZ,300779,惠城环保,环境保护,创业板,2019-05-22,705397.0558
300782.SZ,300782,卓胜微,半导体,创业板,2019-06-18,2852367.0068
300803.SZ,300803,指南针,软件服务,创业板,2019-11-18,1367004.772
300811.SZ,300811,铂科新材,矿物制品,创业板,2019-12-30,913731.8857
300821.SZ,300821,东岳硅材,化工原料,创业板,2020-03-12,776206.0618
300827.SZ,300827,上能电气,电气设备,创业板,2020-04-10,924419.4352
300832.SZ,300832,新产业,医疗保健,创业板,2020-05-12,4405704.1459
300841.SZ,300841,康华生物,生物制药,创业板,2020-06-16,626068.7698
300855.SZ,300855,图南股份,小金属,创业板,2020-07-23,623137.1773
300856.SZ,300856,科思股份,日用化工,创业板,2020-07-22,868967.2065
300857.SZ,300857,协创数据,IT设备,创业板,2020-07-27,1188805.6545
300866.SZ,300866,安克创新,元器件,创业板,2020-08-24,1974925.5665
300896.SZ,300896,爱美客,医疗保健,创业板,2020-09-28,2908285.0168
300910.SZ,300910,瑞丰新材,化工原料,创业板,2020-11-27,783068.6582
300913.SZ,300913,兆龙互连,通信设备,创业板,2020-12-07,583064.5839
300917.SZ,300917,特发服务,房产服务,创业板,2020-12-21,516633.0
300919.SZ,300919,中伟股份,电气设备,创业板,2020-12-23,2600259.2753
300957.SZ,300957,贝泰妮,日用化工,创业板,2021-03-25,1734642.0
300979.SZ,300979,华利集团,服饰,创业板,2021-04-26,7801343.8598
300999.SZ,300999,金龙鱼,食品,创业板,2020-10-15,1392975.098
301004.SZ,301004,嘉益股份,家居用品,创业板,2021-06-25,864807.6267
301015.SZ,301015,百洋医药,医药商业,创业板,2021-06-30,1176848.6063
301029.SZ,301029,怡合达,专用机械,创业板,2021-07-23,704569.7962
301035.SZ,301035,润丰股份,农药化肥,创业板,2021-07-28,1071039.4264
301039.SZ,301039,中集车辆,汽车整车,创业板,2021-07-08,1296682.56
301047.SZ,301047,义翘神州,生物制药,创业板,2021-08-16,686849.7039
301050.SZ,301050,雷电微力,航空,创业板,2021-08-24,766386.96
301091.SZ,301091,深城交,建筑工程,创业板,2021-10-29,542337.9
301219.SZ,301219,腾远钴业,小金属,创业板,2022-03-17,608736.9629
301236.SZ,301236,软通动力,软件服务,创业板,2022-03-15,2325317.9996
301267.SZ,301267,华厦眼科,医疗保健,创业板,2022-11-07,552761.3389
301269.SZ,301269,华大九天,半导体,创业板,2022-07-29,1923865.485
301293.SZ,301293,三博脑科,医疗保健,创业板,2023-05-05,516635.6713
301301.SZ,301301,川宁生物,化学制药,创业板,2022-12-27,681792.8392
301308.SZ,301308,江波龙,半导体,创业板,2022-08-05,809603.0138
301358.SZ,301358,湖南裕能,电气设备,创业板,2023-02-09,1092401.033
600000.SH,600000,浦发银行,银行,主板,1999-11-10,24215546.3344
600004.SH,600004,白云机场,机场,主板,2003-04-28,2118212.8633
600006.SH,600006,东风股份,汽车整车,主板,1999-07-27,1180000.0
600007.SH,600007,中国国贸,园区开发,主板,1999-03-12,2158606.4704
600008.SH,600008,首创环保,水务,主板,2000-04-27,2099408.9336
600009.SH,600009,上海机场,机场,主板,1998-02-18,6239491.4546
600010.SH,600010,包钢股份,普钢,主板,2001-03-09,4472591.2086
600011.SH,600011,华能国际,火力发电,主板,2001-12-06,7522433.5846
600012.SH,600012,皖通高速,路桥,主板,2003-01-07,1820667.2
600015.SH,600015,华夏银行,银行,主板,2003-09-12,9663176.6613
600016.SH,600016,民生银行,银行,主板,2000-12-19,12163508.2621
600017.SH,600017,日照港,港口,主板,2006-10-17,827350.8959
600018.SH,600018,上港集团,港口,主板,2006-10-26,14390851.9577
600019.SH,600019,宝钢股份,普钢,主板,2000-12-12,12830598.4436
600020.SH,600020,中原高速,路桥,主板,2003-08-08,869732.899
600021.SH,600021,上海电力,火力发电,主板,2003-10-29,2245526.881
600022.SH,600022,山东钢铁,普钢,主板,2004-06-29,1315958.4951
600023.SH,600023,浙能电力,火力发电,主板,2013-12-19,8300005.5716
600025.SH,600025,华能水电,水力发电,主板,2017-12-15,19440000.0
600026.SH,600026,中远海能,水运,主板,2002-05-23,5028001.4436
600027.SH,600027,华电国际,火力发电,主板,2005-02-03,4706211.1257
600028.SH,600028,中国石化,石油加工,主板,2001-08-08,63346304.6877
600029.SH,600029,南方航空,空运,主板,2003-07-25,7097070.3171
600030.SH,600030,中信证券,证券,主板,2003-01-06,21733098.5556
600031.SH,600031,三一重工,工程机械,主板,2003-07-03,13864385.541
600032.SH,600032,浙江新能,新型电力,主板,2021-05-25,1692891.4281
600033.SH,600033,福建高速,路桥,主板,2001-02-09,916629.6
600035.SH,600035,楚天高速,路桥,主板,2004-03-10,616674.3901
600036.SH,600036,招商银行,银行,主板,2002-04-09,65228722.2845
600037.SH,600037,歌华有线,影视音像,主板,2001-02-08,794705.1718
600038.SH,600038,中直股份,航空,主板,2000-12-18,2189905.9999
600039.SH,600039,四川路桥,建筑工程,主板,2003-03-25,3620344.5902
600048.SH,600048,保利发展,全国地产,主板,2006-07-31,9444679.8568
600050.SH,600050,中国联通,电信运营,主板,2002-10-09,14460959.6297
600053.SH,600053,九鼎投资,多元金融,主板,1997-04-18,507676.2768
600054.SH,600054,黄山旅游,旅游景点,主板,1997-05-06,550257.6
600055.SH,600055,万东医疗,医疗保健,主板,1997-05-19,668989.6382
600056.SH,600056,中国医药,医药商业,主板,1997-05-15,1501332.8839
600057.SH,600057,厦门象屿,仓储物流,主板,1997-06-04,1131128.7497
600058.SH,600058,五矿发展,商贸代理,主板,1997-05-28,654937.4444
600059.SH,600059,古越龙山,红黄酒,主板,1997-05-16,709179.9973
600060.SH,600060,海信视像,家用电器,主板,1997-04-22,2031592.0059
600061.SH,600061,国投资本,证券,主板,1997-05-19,3662427.1571
600062.SH,600062,华润双鹤,化学制药,主板,1997-05-22,2200546.0754
600063.SH,600063,皖维高新,化纤,主板,1997-05-28,635545.2484
600064.SH,600064,南京高科,园区开发,主板,1997-05-06,991484.616
600066.SH,600066,宇通客车,汽车整车,主板,1997-05-08,4726760.2411
600072.SH,600072,中船科技,船舶,主板,1997-06-03,1288088.0687
600073.SH,600073,光明肉业,食品,主板,1997-07-04,567326.3306
600075.SH,600075,新疆天业,化工原料,主板,1997-06-17,667578.4564
600079.SH,600079,人福医药,化学制药,主板,1997-06-06,3146541.512
600084.SH,600084,中信尼雅,红黄酒,主板,1997-07-11,545007.5126
600085.SH,600085,同仁堂,中成药,主板,1997-06-25,4791917.0954
600088.SH,600088,中视传媒,影视音像,主板,1997-06-16,538892.172
600089.SH,600089,特变电工,电气设备,主板,1997-06-18,6300832.2986
600094.SH,600094,大名城,区域地产,主板,1997-07-03,735343.4027
600095.SH,600095,湘财股份,证券,主板,1997-07-08,1686920.7684
600096.SH,600096,云天化,农药化肥,主板,1997-07-09,3815403.7938
600098.SH,600098,广州发展,火力发电,主板,1997-07-18,2031779.3314
600100.SH,600100,同方股份,IT设备,主板,1997-06-27,1658397.3679
600104.SH,600104,上汽集团,汽车整车,主板,1997-11-25,14156591.2212
600105.SH,600105,永鼎股份,通信设备,主板,1997-09-29,506997.1703
600109.SH,600109,国金证券,证券,主板,1997-08-07,2252488.1083
600110.SH,600110,诺德股份,电气设备,主板,1997-10-07,536167.0673
600111.SH,600111,北方稀土,小金属,主板,1997-09-24,6123921.5363
600114.SH,600114,东睦股份,机械基件,主板,2004-05-11,1026278.4892
600115.SH,600115,中国东航,空运,主板,1997-11-05,5467725.8813
600116.SH,600116,三峡水利,水力发电,主板,1997-08-04,1313642.175
600117.SH,600117,西宁特钢,特种钢,主板,1997-10-15,673808.7754
600118.SH,600118,中国卫星,航空,主板,1997-09-08,2465489.8465
600120.SH,600120,浙江东方,多元金融,主板,1997-12-01,1164645.0888
600123.SH,600123,兰花科创,煤炭开采,主板,1998-12-17,1262352.0
600125.SH,600125,铁龙物流,铁路,主板,1998-05-11,695843.1588
600126.SH,600126,杭钢股份,普钢,主板,1998-03-11,1154998.6664
600129.SH,600129,太极集团,中成药,主板,1997-11-18,1241866.3591
600131.SH,600131,国网信通,通信设备,主板,1998-04-02,2006447.5603
600132.SH,600132,重庆啤酒,啤酒,主板,1997-10-30,2635707.1443
600133.SH,600133,东湖高新,建筑工程,主板,1998-02-12,780487.5885
600138.SH,600138,中青旅,旅游景点,主板,1997-12-03,671723.52
600141.SH,600141,兴发集团,农药化肥,主板,1999-06-16,2170101.7628
600143.SH,600143,金发科技,塑料,主板,2004-06-23,1958526.603
600151.SH,600151,航天机电,汽车配件,主板,1998-06-05,714257.6389
600153.SH,600153,建发股份,仓储物流,主板,1998-06-16,2078969.1411
600155.SH,600155,华创云信,证券,主板,1998-09-18,1329717.1015
600157.SH,600157,永泰能源,火力发电,主板,1998-05-13,2399518.5277
600158.SH,600158,中体产业,文教休闲,主板,1998-03-27,642873.7549
600160.SH,600160,巨化股份,化工原料,主板,1998-06-26,4184606.4256
600161.SH,600161,天坛生物,生物制药,主板,1998-06-16,4729872.4988
600163.SH,600163,中闽能源,新型电力,主板,1998-06-02,888699.1988
600166.SH,600166,福田汽车,汽车整车,主板,1998-06-02,1512294.1708
600167.SH,600167,联美控股,供气供热,主板,1999-01-28,1198974.6049
600169.SH,600169,太原重工,工程机械,主板,1998-09-04,606631.753
600170.SH,600170,上海建工,建筑工程,主板,1998-06-23,1741644.1898
600171.SH,600171,上海贝岭,半导体,主板,1998-09-24,1378855.8243
600176.SH,600176,中国巨石,玻璃,主板,1999-04-22,3859023.8058
600177.SH,600177,雅戈尔,服饰,主板,1998-11-19,3291890.6342
600179.SH,600179,安通控股,水运,主板,1998-11-04,806595.0829
600183.SH,600183,生益科技,元器件,主板,1998-10-28,4178299.1101
600185.SH,600185,格力地产,区域地产,主板,1999-06-11,885952.7237
600186.SH,600186,莲花控股,食品,主板,1998-08-25,578648.1697
600188.SH,600188,兖矿能源,煤炭开采,主板,1998-07-01,8530512.7815
600195.SH,600195,中牧股份,农业综合,主板,1999-01-07,604519.7699
600196.SH,600196,复星医药,化学制药,主板,1998-08-07,4808969.6328
600197.SH,600197,伊力特,白酒,主板,1999-09-16,691489.9488
600199.SH,600199,金种子酒,白酒,主板,1998-08-12,685424.2906
600200.SH,600200,江苏吴中,化学制药,主板,1999-04-01,594295.2453
600201.SH,600201,生物股份,农业综合,主板,1999-01-15,677823.3817
600206.SH,600206,有研新材,半导体,主板,1999-03-19,772903.1921
600208.SH,600208,新湖中宝,全国地产,主板,1999-06-23,1522890.6841
600210.SH,600210,紫江企业,广告包装,主板,1999-08-24,776568.9129
600211.SH,600211,西藏药业,生物制药,主板,1999-07-21,1091050.4785
600216.SH,600216,浙江医药,化学制药,主板,1999-10-21,1393406.9053
600217.SH,600217,中再资环,环境保护,主板,1999-12-16,617953.603
600219.SH,600219,南山铝业,铝,主板,1999-12-23,4355581.6595
600221.SH,600221,海航控股,空运,主板,1999-11-25,3451631.0489
600223.SH,600223,福瑞达,日用化工,主板,2000-01-13,629256.0717
600225.SH,600225,卓朗科技,软件服务,主板,2000-01-27,514732.6377
600226.SH,600226,亨通股份,供气供热,主板,1999-11-16,587342.7212
600233.SH,600233,圆通速递,仓储物流,主板,2000-06-08,5502087.785
600236.SH,600236,桂冠电力,水力发电,主板,2000-03-23,5013192.2821
600246.SH,600246,万通发展,区域地产,主板,2000-09-22,1230189.4345
600248.SH,600248,陕建股份,建筑工程,主板,2000-06-22,1280880.9155
600252.SH,600252,中恒集团,中成药,主板,2000-11-30,691892.1582
600256.SH,600256,广汇能源,石油开采,主板,2000-05-26,4044505.1656
600258.SH,600258,首旅酒店,酒店餐饮,主板,2000-06-01,1319824.8949
600259.SH,600259,广晟有色,小金属,主板,2000-05-25,824053.8472
600266.SH,600266,城建发展,区域地产,主板,1999-02-03,896352.7851
600267.SH,600267,海正药业,化学制药,主板,2000-07-25,881867.0643
600268.SH,600268,国电南自,电气设备,主板,1999-11-18,562320.5595
600269.SH,600269,赣粤高速,路桥,主板,2000-05-18,1011231.2371
600271.SH,600271,航天信息,软件服务,主板,2003-07-11,1484160.595
600273.SH,600273,嘉化能源,化工原料,主板,2003-06-27,1066931.6738
600276.SH,600276,恒瑞医药,化学制药,主板,2000-10-18,28437592.1375
600282.SH,600282,南钢股份,普钢,主板,2000-09-19,2613998.5887
600285.SH,600285,羚锐制药,中成药,主板,2000-10-18,1320811.9669
600295.SH,600295,鄂尔多斯,特种钢,主板,2001-04-26,1774067.4761
600298.SH,600298,安琪酵母,食品,主板,2000-08-18,2765914.1815
600299.SH,600299,安迪苏,饲料,主板,2000-04-20,2746266.9036
600305.SH,600305,恒顺醋业,食品,主板,2001-02-06,777633.6176
600307.SH,600307,酒钢宏兴,普钢,主板,2000-12-20,751602.8909
600309.SH,600309,万华化学,化工原料,主板,2001-01-05,22402092.1765
600310.SH,600310,广西能源,水力发电,主板,2001-02-28,508601.6205
600312.SH,600312,平高电气,电气设备,主板,2001-02-21,2580864.3297
600313.SH,600313,农发种业,种植业,主板,2001-01-19,577894.086
600315.SH,600315,上海家化,日用化工,主板,2001-03-15,976744.3489
600316.SH,600316,洪都航空,航空,主板,2000-12-15,1521716.9945
600320.SH,600320,振华重工,专用机械,主板,2000-12-21,1162699.1814
600323.SH,600323,瀚蓝环境,环境保护,主板,2000-12-25,1611125.9605
600325.SH,600325,华发股份,区域地产,主板,2004-02-25,1450179.7074
600326.SH,600326,西藏天路,水泥,主板,2001-01-16,669250.4068
600328.SH,600328,中盐化工,化工原料,主板,2000-12-22,1086817.5784
600329.SH,600329,达仁堂,中成药,主板,2001-06-06,1598577.3147
600330.SH,600330,天通股份,专用机械,主板,2001-01-18,753628.4282
600331.SH,600331,宏达股份,农药化肥,主板,2001-12-20,1255776.0
600332.SH,600332,白云山,中成药,主板,2001-02-06,3704522.6506
600335.SH,600335,国机汽车,汽车服务,主板,2001-03-05,834650.0901
600338.SH,600338,西藏珠峰,铅锌,主板,2000-12-27,835588.0936
600339.SH,600339,中油工程,石油开采,主板,2000-12-25,1753108.3059
600346.SH,600346,恒力石化,石油加工,主板,2001-08-20,9369041.8152
600348.SH,600348,华阳股份,煤炭开采,主板,2003-08-21,2586577.5
600350.SH,600350,山东高速,路桥,主板,2002-03-18,4512435.3533
600352.SH,600352,浙江龙盛,染料涂料,主板,2003-08-01,3015838.6342
600362.SH,600362,江西铜业,铜,主板,2002-01-11,4121441.3463
600363.SH,600363,联创光电,元器件,主板,2001-03-29,1153542.0505
600366.SH,600366,宁波韵升,矿物制品,主板,2000-10-30,602158.9304
600368.SH,600368,五洲交通,路桥,主板,2000-12-21,540843.6963
600369.SH,600369,西南证券,证券,主板,2001-01-09,2235548.6299
600372.SH,600372,中航机载,航空,主板,2001-07-06,5184913.9598
600373.SH,600373,中文传媒,出版业,主板,2002-03-04,1813075.256
600376.SH,600376,首开股份,区域地产,主板,2001-03-12,559765.6575
600377.SH,600377,宁沪高速,路桥,主板,2001-01-16,5266023.4564
600378.SH,600378,昊华科技,化工原料,主板,2001-01-11,2409018.4379
600380.SH,600380,健康元,化学制药,主板,2001-06-08,1855458.4158
600383.SH,600383,金地集团,全国地产,主板,2001-04-12,1701998.0066
600388.SH,600388,龙净环保,环境保护,主板,2000-12-29,1216244.9723
600389.SH,600389,江山股份,农药化肥,主板,2001-01-10,589129.2
600390.SH,600390,五矿资本,多元金融,主板,2001-01-15,1812720.38
600392.SH,600392,盛和资源,小金属,主板,2003-05-29,1384732.9903
600395.SH,600395,盘江股份,煤炭开采,主板,2001-05-31,1124831.4445
600398.SH,600398,海澜之家,服饰,主板,2000-12-28,2848042.7855
600399.SH,600399,抚顺特钢,特种钢,主板,2000-12-29,1001826.8
600403.SH,600403,大有能源,煤炭开采,主板,2003-10-09,583358.2261
600406.SH,600406,国电南瑞,电气设备,主板,2003-10-16,20232684.2653
600409.SH,600409,三友化工,化纤,主板,2003-06-18,1023917.3262
600415.SH,600415,小商品城,商品城,主板,2002-05-09,4654570.0521
600416.SH,600416,湘电股份,电气设备,主板,2002-07-18,1284318.8452
600418.SH,600418,江淮汽车,汽车整车,主板,2001-08-24,4509980.2184
600420.SH,600420,国药现代,化学制药,主板,2004-06-16,1421643.0535
600422.SH,600422,昆药集团,中成药,主板,2000-12-06,1038570.7386
600426.SH,600426,华鲁恒升,农药化肥,主板,2002-06-20,4736410.325
600428.SH,600428,中远海特,水运,主板,2002-04-18,1238617.4949
600429.SH,600429,三元股份,乳制品,主板,2003-09-15,543613.3456
600435.SH,600435,北方导航,专用机械,主板,2003-07-04,1312941.5665
600436.SH,600436,片仔癀,中成药,主板,2003-06-16,12310687.6701
600438.SH,600438,通威股份,电气设备,主板,2004-03-02,8553758.3159
600446.SH,600446,金证股份,软件服务,主板,2003-12-24,901800.0798
600452.SH,600452,涪陵电力,水力发电,主板,2004-03-03,1412081.78
600456.SH,600456,宝钛股份,小金属,主板,2002-04-12,1277577.1393
600458.SH,600458,时代新材,塑料,主板,2002-12-19,718504.346
600459.SH,600459,贵研铂业,小金属,主板,2003-05-16,908464.7559
600460.SH,600460,士兰微,半导体,主板,2003-03-11,3040259.2608
600461.SH,600461,洪城环境,水务,主板,2004-06-01,1093441.7686
600475.SH,600475,华光环能,环境保护,主板,2003-07-21,801045.5174
600477.SH,600477,杭萧钢构,钢加工,主板,2003-11-10,521172.553
600478.SH,600478,科力远,电气设备,主板,2003-09-18,541300.7977
600480.SH,600480,凌云股份,汽车配件,主板,2003-08-15,711565.1582
600481.SH,600481,双良节能,电气设备,主板,2003-04-22,688409.6552
600482.SH,600482,中国动力,船舶,主板,2004-07-14,4760709.5816
600483.SH,600483,福能股份,火力发电,主板,2004-05-31,2598708.8358
600486.SH,600486,扬农化工,农药化肥,主板,2002-04-25,2099751.0337
600487.SH,600487,亨通光电,通信设备,主板,2003-08-22,3591565.6606
600489.SH,600489,中金黄金,黄金,主板,2003-08-14,6204560.0819
600497.SH,600497,驰宏锌锗,铅锌,主板,2004-04-20,2479458.9936
600498.SH,600498,烽火通信,通信设备,主板,2001-08-23,1628585.2809
600499.SH,600499,科达制造,专用机械,主板,2002-10-10,1363595.894
600500.SH,600500,中化国际,塑料,主板,2000-03-01,1373714.8144
600501.SH,600501,航天晨光,专用机械,主板,2001-06-15,611421.768
600502.SH,600502,安徽建工,建筑工程,主板,2003-04-15,693479.711
600507.SH,600507,方大特钢,特种钢,主板,2003-09-30,851253.1435
600508.SH,600508,上海能源,煤炭开采,主板,2001-08-29,829680.264
600509.SH,600509,天富能源,火力发电,主板,2002-02-28,700548.5644
600511.SH,600511,国药股份,医药商业,主板,2002-11-27,1569843.8049
600515.SH,600515,海南机场,机场,主板,2002-08-06,2771155.7774
600516.SH,600516,方大炭素,矿物制品,主板,2002-08-30,1622466.0583
600517.SH,600517,国网英大,多元金融,主板,2003-10-10,2470364.2414
600518.SH,600518,康美药业,中成药,主板,2001-03-19,2423101.2027
600519.SH,600519,贵州茅台,白酒,主板,2001-08-27,177123889.8
600521.SH,600521,华海药业,化学制药,主板,2003-03-04,2409879.2109
600522.SH,600522,中天科技,通信设备,主板,2002-10-24,4395879.1518
600525.SH,600525,长园集团,电气设备,主板,2002-12-02,550323.9638
600528.SH,600528,中铁工业,运输设备,主板,2001-05-28,1519541.2862
600529.SH,600529,山东药玻,医疗保健,主板,2002-06-03,1646426.6144
600531.SH,600531,豫光金铅,铅锌,主板,2002-07-30,617077.3308
600535.SH,600535,天士力,中成药,主板,2002-08-23,2172203.3073
600536.SH,600536,中国软件,软件服务,主板,2002-05-17,2599672.6957
600546.SH,600546,山煤国际,煤炭开采,主板,2003-07-31,2355157.8943
600547.SH,600547,山东黄金,黄金,主板,2003-08-28,9285504.9584
600548.SH,600548,深高速,路桥,主板,2001-12-25,1330074.8625
600549.SH,600549,厦门钨业,小金属,主板,2002-11-07,2407731.4066
600550.SH,600550,保变电气,电气设备,主板,2001-02-28,988900.7938
600551.SH,600551,时代出版,出版业,主板,2002-09-05,543122.2464
600552.SH,600552,凯盛科技,元器件,主板,2002-11-08,1517038.6718
600556.SH,600556,天下秀,互联网,主板,2001-08-07,636327.17
600557.SH,600557,康缘药业,中成药,主板,2002-09-18,744525.8346
600559.SH,600559,老白干酒,白酒,主板,2002-10-29,1580666.4841
600562.SH,600562,国睿科技,通信设备,主板,2003-01-28,1594369.03
600563.SH,600563,法拉电子,元器件,主板,2002-12-10,1927125.0
600566.SH,600566,济川药业,中成药,主板,2001-08-22,2545779.8848
600567.SH,600567,山鹰国际,造纸,主板,2001-12-18,639292.1453
600570.SH,600570,恒生电子,软件服务,主板,2003-12-16,3060937.9564
600572.SH,600572,康恩贝,中成药,主板,2004-04-12,1058641.0275
600575.SH,600575,淮河能源,火力发电,主板,2003-03-28,1352418.8506
600577.SH,600577,精达股份,电气设备,主板,2002-09-11,925450.3073
600578.SH,600578,京能电力,火力发电,主板,2002-05-10,2236003.419
600580.SH,600580,卧龙电驱,电气设备,主板,2002-06-06,1378938.8468
600582.SH,600582,天地科技,专用机械,主板,2002-05-15,2371411.4351
600583.SH,600583,海油工程,石油开采,主板,2002-02-05,2343318.044
600584.SH,600584,长电科技,半导体,主板,2003-06-03,5548974.5816
600585.SH,600585,海螺水泥,水泥,主板,2002-02-07,8287383.7437
600586.SH,600586,金晶科技,玻璃,主板,2002-08-15,738674.09
600587.SH,600587,新华医疗,医疗保健,主板,2002-09-27,1000601.2697
600588.SH,600588,用友网络,软件服务,主板,2001-05-18,2894196.8054
600595.SH,600595,中孚实业,铝,主板,2002-06-26,953881.4171
600596.SH,600596,新安股份,化工原料,主板,2001-09-06,971021.9029
600597.SH,600597,光明乳业,乳制品,主板,2002-08-28,1051761.442
600598.SH,600598,北大荒,种植业,主板,2002-03-29,2351870.5196
600600.SH,600600,青岛啤酒,啤酒,主板,1993-08-27,4100325.9434
600601.SH,600601,方正科技,元器件,主板,1990-12-19,1163511.8271
600602.SH,600602,云赛智联,软件服务,主板,1990-12-19,1007696.2046
600603.SH,600603,广汇物流,区域地产,主板,1992-01-13,573436.3704
600605.SH,600605,汇通能源,房产服务,主板,1992-03-27,527257.8885
600606.SH,600606,绿地控股,全国地产,主板,1992-03-27,1953536.3456
600611.SH,600611,大众交通,公共交通,主板,1992-08-07,1438251.0549
600612.SH,600612,老凤祥,服饰,主板,1992-08-14,1602672.07
600618.SH,600618,氯碱化工,化工原料,主板,1992-11-13,584125.3413
600621.SH,600621,华鑫股份,证券,主板,1992-12-02,1305967.0285
600623.SH,600623,华谊集团,化工原料,主板,1992-12-04,1128491.2384
600633.SH,600633,浙数文化,互联网,主板,1993-03-04,1035367.5678
600635.SH,600635,大众公用,供气供热,主板,1993-03-04,708705.9608
600637.SH,600637,东方明珠,影视音像,主板,1993-03-16,2084377.8865
600639.SH,600639,浦东金桥,园区开发,主板,1993-03-26,789869.8971
600640.SH,600640,国脉文化,影视音像,主板,1993-04-07,753524.0552
600641.SH,600641,万业企业,区域地产,主板,1993-04-07,888751.5736
600642.SH,600642,申能股份,火力发电,主板,1993-04-16,3746002.4802
600643.SH,600643,爱建集团,多元金融,主板,1993-04-26,624429.0478
600645.SH,600645,中源协和,医疗保健,主板,1993-05-04,801290.2926
600648.SH,600648,外高桥,园区开发,主板,1993-05-04,826355.7956
600649.SH,600649,城投控股,区域地产,主板,1993-05-18,791757.1734
600651.SH,600651,飞乐音响,电器仪表,主板,1990-12-19,694446.7602
600655.SH,600655,豫园股份,百货,主板,1992-09-02,1969305.1753
600657.SH,600657,信达地产,全国地产,主板,1993-05-24,847007.9427
600660.SH,600660,福耀玻璃,汽车配件,主板,1993-06-10,9564259.7353
600663.SH,600663,陆家嘴,园区开发,主板,1993-06-28,2288099.9232
600664.SH,600664,哈药股份,化学制药,主板,1993-06-29,780738.0616
600667.SH,600667,太极实业,半导体,主板,1993-07-28,1105749.8435
600673.SH,600673,东阳光,综合类,主板,1993-09-17,1945009.5367
600674.SH,600674,川投能源,水力发电,主板,1993-09-24,8467192.0602
600675.SH,600675,中华企业,区域地产,主板,1993-09-24,1487349.2914
600682.SH,600682,南京新百,生物制药,主板,1993-10-18,582530.1375
600685.SH,600685,中船防务,船舶,主板,1993-10-28,2028944.8971
600686.SH,600686,金龙汽车,汽车整车,主板,1993-11-08,907064.9825
600688.SH,600688,上海石化,石油加工,主板,1993-11-08,1898162.6965
600690.SH,600690,海尔智家,家用电器,主板,1993-11-19,15884935.5828
600699.SH,600699,均胜电子,汽车配件,主板,1993-12-06,1935839.743
600702.SH,600702,舍得酒业,白酒,主板,1996-05-24,1421781.3659
600703.SH,600703,三安光电,半导体,主板,1996-05-28,5108755.1764
600704.SH,600704,物产中大,仓储物流,主板,1996-06-06,2180015.9629
600705.SH,600705,中航产融,多元金融,主板,1996-05-16,1963386.7378
600707.SH,600707,彩虹股份,元器件,主板,1996-05-20,2400151.0507
600710.SH,600710,苏美达,商贸代理,主板,1996-07-01,1087215.5291
600717.SH,600717,天津港,港口,主板,1996-06-14,1235738.4432
600718.SH,600718,东软集团,软件服务,主板,1996-06-18,1020740.5409
600720.SH,600720,中交设计,建筑工程,主板,1996-07-16,646543.5183
600726.SH,600726,华电能源,火力发电,主板,1996-07-01,546721.622
600728.SH,600728,佳都科技,软件服务,主板,1996-07-16,821459.664
600732.SH,600732,爱旭股份,电气设备,主板,1996-08-16,1288853.7306
600733.SH,600733,北汽蓝谷,汽车整车,主板,1996-08-16,3296584.3257
600734.SH,600734,实达集团,软件服务,主板,1996-08-08,604902.7639
600737.SH,600737,中粮糖业,食品,主板,1996-07-31,1768827.4846
600739.SH,600739,辽宁成大,生物制药,主板,1996-08-19,1208470.7546
600740.SH,600740,山西焦化,焦炭加工,主板,1996-08-08,919801.4943
600741.SH,600741,华域汽车,汽车配件,主板,1996-08-26,4804751.3516
600742.SH,600742,一汽富维,汽车配件,主板,1996-08-26,549862.8312
600744.SH,600744,华银电力,火力发电,主板,1996-09-05,578870.4181
600745.SH,600745,闻泰科技,半导体,主板,1996-08-28,3192778.1039
600746.SH,600746,江苏索普,化工原料,主板,1996-09-18,721804.9728
600750.SH,600750,江中药业,中成药,主板,1996-09-23,1307449.8063
600751.SH,600751,海航科技,水运,主板,1996-09-09,545516.079
600754.SH,600754,锦江酒店,酒店餐饮,主板,1996-10-11,2189135.5309
600755.SH,600755,厦门国贸,仓储物流,主板,1996-10-03,1225864.9463
600757.SH,600757,长江传媒,出版业,主板,1996-10-03,1046034.5028
600759.SH,600759,洲际油气,石油开采,主板,1996-10-08,919898.2432
600760.SH,600760,中航沈飞,航空,主板,1996-10-11,11333018.3009
600761.SH,600761,安徽合力,工程机械,主板,1996-10-09,1515959.0792
600763.SH,600763,通策医疗,医疗保健,主板,1996-10-30,1873246.822
600764.SH,600764,中国海防,船舶,主板,1996-11-04,1466739.0527
600765.SH,600765,中航重机,航空,主板,1996-11-06,2511440.394
600771.SH,600771,广誉远,中成药,主板,1996-11-05,834092.9043
600773.SH,600773,西藏城投,区域地产,主板,1996-11-08,894249.8717
600775.SH,600775,南京熊猫,通信设备,主板,1996-11-18,505894.4123
600776.SH,600776,东方通信,通信设备,主板,1996-11-26,811644.0543
600779.SH,600779,水井坊,白酒,主板,1996-12-06,1574965.5086
600780.SH,600780,通宝能源,火力发电,主板,1996-12-05,592741.8044
600782.SH,600782,新钢股份,普钢,主板,1996-12-25,940549.9926
600783.SH,600783,鲁信创投,多元金融,主板,1996-12-25,769667.51
600787.SH,600787,中储股份,仓储物流,主板,1997-01-21,967855.4936
600789.SH,600789,鲁抗医药,化学制药,主板,1997-02-26,640574.1407
600795.SH,600795,国电电力,火力发电,主板,1997-03-18,9542056.2089
600801.SH,600801,华新水泥,水泥,主板,1994-01-03,1404768.0532
600803.SH,600803,新奥股份,供气供热,主板,1994-01-03,5049281.8991
600808.SH,600808,马钢股份,普钢,主板,1994-01-06,1098066.2182
600809.SH,600809,山西汾酒,白酒,主板,1994-01-06,20696693.0262
600810.SH,600810,神马股份,化纤,主板,1994-01-06,654701.0926
600811.SH,600811,东方集团,农业综合,主板,1994-01-06,578081.6997
600812.SH,600812,华北制药,化学制药,主板,1994-01-14,809824.7346
600816.SH,600816,建元信托,多元金融,主板,1994-01-28,1334469.6522
600817.SH,600817,宇通重工,专用机械,主板,1994-01-28,531672.8693
600820.SH,600820,隧道股份,建筑工程,主板,1994-01-28,1748117.4283
600821.SH,600821,金开新能,新型电力,主板,1994-01-28,1038576.9956
600827.SH,600827,百联股份,超市连锁,主板,1994-02-04,1156808.3923
600835.SH,600835,上海机电,运输设备,主板,1994-02-24,886348.2257
600837.SH,600837,海通证券,证券,主板,1994-02-24,8225745.7654
600839.SH,600839,四川长虹,家用电器,主板,1994-03-11,2441313.1158
600845.SH,600845,宝信软件,软件服务,主板,1994-03-11,6278616.509
600848.SH,600848,上海临港,园区开发,主板,1994-03-24,2001310.6602
600850.SH,600850,电科数字,软件服务,主板,1994-03-24,1027280.9047
600859.SH,600859,王府井,百货,主板,1994-05-06,1318724.2484
600861.SH,600861,北京人力,文教休闲,主板,1994-05-20,508072.7393
600862.SH,600862,中航高科,航空,主板,1994-05-20,2574354.7497
600863.SH,600863,内蒙华电,火力发电,主板,1994-05-20,2839196.1978
600864.SH,600864,哈投股份,证券,主板,1994-08-09,969545.8623
600866.SH,600866,星湖科技,饲料,主板,1994-08-18,558015.1014
600867.SH,600867,通化东宝,生物制药,主板,1994-08-24,1492245.7577
600869.SH,600869,远东股份,电气设备,主板,1995-02-06,861108.8654
600871.SH,600871,石化油服,石油开采,主板,1995-04-11,2456057.5177
600872.SH,600872,中炬高新,食品,主板,1995-01-24,1321473.3463
600873.SH,600873,梅花生物,食品,主板,1995-02-17,2732971.6225
600874.SH,600874,创业环保,环境保护,主板,1995-06-30,601674.4436
600875.SH,600875,东方电气,电气设备,主板,1995-10-10,2705157.5269
600877.SH,600877,电科芯片,半导体,主板,1995-10-13,930277.2671
600879.SH,600879,航天电子,航空,主板,1995-11-15,2308858.7715
600882.SH,600882,妙可蓝多,乳制品,主板,1995-12-06,632898.3077
600884.SH,600884,杉杉股份,电气设备,主板,1996-01-30,1263453.0377
600885.SH,600885,宏发股份,电气设备,主板,1996-02-05,2762048.2684
600886.SH,600886,国投电力,水力发电,主板,1996-01-18,10943387.0281
600887.SH,600887,伊利股份,乳制品,主板,1996-03-12,14003614.1271
600888.SH,600888,新疆众和,铝,主板,1996-02-15,906252.0546
600893.SH,600893,航发动力,航空,主板,1996-04-08,9285294.6569
600894.SH,600894,广日股份,运输设备,主板,1996-03-28,927882.6997
600895.SH,600895,张江高科,园区开发,主板,1996-04-22,2618834.0291
600897.SH,600897,厦门空港,机场,主板,1996-05-31,524502.972
600900.SH,600900,长江电力,水力发电,主板,2003-11-18,69885123.6802
600901.SH,600901,江苏金租,多元金融,主板,2018-03-01,2056627.3446
600903.SH,600903,贵州燃气,供气供热,主板,2017-11-07,721052.6566
600905.SH,600905,三峡能源,新型电力,主板,2021-06-10,12120403.184
600906.SH,600906,财达证券,证券,主板,2021-05-07,1185323.1021
600908.SH,600908,无锡银行,银行,主板,2016-09-23,962763.1141
600909.SH,600909,华安证券,证券,主板,2016-12-06,2048182.5029
600916.SH,600916,中国黄金,服饰,主板,2021-02-05,1401120.0
600917.SH,600917,重庆燃气,供气供热,主板,2014-09-30,819545.874
600918.SH,600918,中泰证券,证券,主板,2020-06-03,2248610.3576
600919.SH,600919,江苏银行,银行,主板,2016-08-02,14148871.161
600925.SH,600925,苏能股份,煤炭开采,主板,2023-03-29,815872.6817
600926.SH,600926,杭州银行,银行,主板,2016-10-27,6751697.7831
600927.SH,600927,永安期货,多元金融,主板,2021-12-23,607173.2226
600928.SH,600928,西安银行,银行,主板,2019-03-01,1357322.3286
600929.SH,600929,雪天盐业,食品,主板,2018-03-26,654161.3572
600933.SH,600933,爱柯迪,汽车配件,主板,2017-11-17,1187934.3139
600938.SH,600938,中国海油,石油开采,主板,2022-04-21,8045282.5958
600941.SH,600941,中国移动,电信运营,主板,2022-01-05,7828229.3646
600956.SH,600956,新天绿能,供气供热,主板,2020-06-29,1485466.7489
600958.SH,600958,东方证券,证券,主板,2015-03-23,6319182.5029
600959.SH,600959,江苏有线,影视音像,主板,2015-04-28,1385198.799
600961.SH,600961,株冶集团,铅锌,主板,2004-08-30,526268.6786
600963.SH,600963,岳阳林纸,造纸,主板,2004-05-25,645027.4024
600966.SH,600966,博汇纸业,造纸,主板,2004-06-08,534737.7152
600967.SH,600967,内蒙一机,运输设备,主板,2004-05-18,1131476.349
600968.SH,600968,海油发展,石油开采,主板,2019-06-26,4411655.2224
600970.SH,600970,中材国际,建筑工程,主板,2005-04-12,1610020.1599
600971.SH,600971,恒源煤电,煤炭开采,主板,2004-08-17,1105204.4982
600976.SH,600976,健民集团,中成药,主板,2004-04-19,669260.4198
600977.SH,600977,中国电影,影视音像,主板,2016-08-09,1816591.0
600983.SH,600983,惠而浦,家用电器,主板,2004-07-27,531908.666
600985.SH,600985,淮北矿业,煤炭开采,主板,2004-04-28,3983329.6306
600986.SH,600986,浙文互联,互联网,主板,2004-04-26,536904.7973
600987.SH,600987,航民股份,纺织,主板,2004-08-09,699845.3601
600988.SH,600988,赤峰黄金,黄金,主板,2004-04-14,2810346.3174
600989.SH,600989,宝丰能源,化工原料,主板,2019-05-16,11359374.64
600993.SH,600993,马应龙,中成药,主板,2004-05-17,1023700.3911
600995.SH,600995,南网储能,水力发电,主板,2004-06-15,1073610.3904
600996.SH,600996,贵广网络,影视音像,主板,2016-12-26,900840.1253
600997.SH,600997,开滦股份,焦炭加工,主板,2004-06-02,1019367.5043
600998.SH,600998,九州通,医药商业,主板,2010-11-02,2344748.6588
600999.SH,600999,招商证券,证券,主板,2009-11-17,11029099.8342
601000.SH,601000,唐山港,港口,主板,2010-07-05,2927408.7353
601001.SH,601001,晋控煤业,煤炭开采,主板,2006-06-23,2426865.0
601003.SH,601003,柳钢股份,普钢,主板,2007-02-27,702205.3368
601005.SH,601005,重庆钢铁,普钢,主板,2007-02-28,871569.407
601006.SH,601006,大秦铁路,铁路,主板,2006-08-01,11108809.5013
601009.SH,601009,南京银行,银行,主板,2007-07-19,9258748.6853
601012.SH,601012,隆基绿能,电气设备,主板,2012-04-11,10237928.2869
601015.SH,601015,陕西黑猫,焦炭加工,主板,2014-11-05,555559.3578
601016.SH,601016,节能风电,新型电力,主板,2014-09-29,1621019.7748
601018.SH,601018,宁波港,港口,主板,2010-09-28,5358714.4884
601019.SH,601019,山东出版,出版业,主板,2017-11-22,2525149.0
601020.SH,601020,华钰矿业,铅锌,主板,2016-03-16,892121.5914
601021.SH,601021,春秋航空,空运,主板,2015-01-21,4869258.8537
601028.SH,601028,玉龙股份,商贸代理,主板,2011-11-07,910658.9589
601038.SH,601038,一拖股份,农用机械,主板,2012-08-08,1126094.4182
601058.SH,601058,赛轮轮胎,汽车配件,主板,2011-06-30,4320563.7403
601059.SH,601059,信达证券,证券,主板,2023-02-01,861042.0
601066.SH,601066,中信建投,证券,主板,2018-06-20,7172983.3179
601068.SH,601068,中铝国际,建筑工程,主板,2018-08-31,975204.0441
601069.SH,601069,西部黄金,黄金,主板,2015-01-22,719560.3835
601077.SH,601077,渝农商行,银行,主板,2019-10-29,4444545.1159
601088.SH,601088,中国神华,煤炭开采,主板,2007-10-09,66260990.5032
601098.SH,601098,中南传媒,出版业,主板,2010-10-28,2327616.0
601099.SH,601099,太平洋,证券,主板,2007-12-28,2113058.0747
601100.SH,601100,恒立液压,工程机械,主板,2011-10-28,6989699.8313
601101.SH,601101,昊华能源,煤炭开采,主板,2010-03-31,1259998.1853
601106.SH,601106,中国一重,工程机械,主板,2010-02-09,1563574.5074
601107.SH,601107,四川成渝,路桥,主板,2009-07-27,1012162.32
601108.SH,601108,财通证券,证券,主板,2017-10-24,2953418.3563
601111.SH,601111,中国国航,空运,主板,2006-08-18,7879000.1139
601117.SH,601117,中国化学,建筑工程,主板,2010-01-07,3956379.9075
601118.SH,601118,海南橡胶,橡胶,主板,2011-01-07,2037007.6314
601126.SH,601126,四方股份,电气设备,主板,2010-12-31,1393776.808
601127.SH,601127,赛力斯,汽车整车,主板,2016-06-15,11300719.7146
601128.SH,601128,常熟银行,银行,主板,2016-09-30,1858031.9062
601136.SH,601136,首创证券,证券,主板,2022-12-22,899411.7384
601137.SH,601137,博威合金,小金属,主板,2011-01-27,1134391.4865
601138.SH,601138,工业富联,通信设备,主板,2018-06-08,38612478.9672
601139.SH,601139,深圳燃气,供气供热,主板,2009-12-25,1878508.5538
601155.SH,601155,新城控股,区域地产,主板,2015-12-04,2363892.7531
601156.SH,601156,东航物流,仓储物流,主板,2021-06-09,1289158.614
601158.SH,601158,重庆水务,水务,主板,2010-03-29,2121600.0
601162.SH,601162,天风证券,证券,主板,2018-10-19,2062450.2764
601163.SH,601163,三角轮胎,汽车配件,主板,2016-09-09,1088000.0
601166.SH,601166,兴业银行,银行,主板,2007-02-05,33986755.2843
601168.SH,601168,西部矿业,铜,主板,2007-07-12,3693650.0
601169.SH,601169,北京银行,银行,主板,2007-09-19,11057780.7743
601179.SH,601179,中国西电,电气设备,主板,2010-01-28,3680383.5287
601186.SH,601186,中国铁建,建筑工程,主板,2008-03-10,8374362.724
601187.SH,601187,厦门银行,银行,主板,2020-10-27,604047.3754
601198.SH,601198,东兴证券,证券,主板,2015-02-26,2579491.525
601200.SH,601200,上海环境,环境保护,主板,2017-03-31,981401.853
601208.SH,601208,东材科技,化工原料,主板,2011-05-20,651961.3602
601211.SH,601211,国泰君安,证券,主板,2015-06-26,10891350.0783
601212.SH,601212,白银有色,铜,主板,2017-02-15,1925241.3729
601216.SH,601216,君正集团,化工原料,主板,2011-02-22,3290826.7821
601222.SH,601222,林洋能源,新型电力,主板,2011-08-08,1481261.6232
601225.SH,601225,陕西煤业,煤炭开采,主板,2014-01-28,23869090.0
601226.SH,601226,华电重工,建筑工程,主板,2014-12-11,544649.16
601228.SH,601228,广州港,港口,主板,2017-03-29,2338804.7188
601229.SH,601229,上海银行,银行,主板,2016-11-16,9790268.5695
601231.SH,601231,环旭电子,元器件,主板,2012-02-20,3394592.3034
601233.SH,601233,桐昆股份,化纤,主板,2011-05-18,2635879.1789
601236.SH,601236,红塔证券,证券,主板,2019-07-05,3127230.2729
601238.SH,601238,广汽集团,汽车整车,主板,2012-03-29,5448064.3806
601279.SH,601279,英利汽车,汽车配件,主板,2021-04-15,526480.947
601288.SH,601288,农业银行,银行,主板,2010-07-15,143021406.4281
601298.SH,601298,青岛港,港口,主板,2019-01-21,4793554.675
601311.SH,601311,骆驼股份,电气设备,主板,2011-06-02,899803.0725
601318.SH,601318,中国平安,保险,主板,2007-03-01,46505443.9001
601319.SH,601319,中国人保,保险,主板,2018-11-16,22044106.838
601326.SH,601326,秦港股份,港口,主板,2017-08-16,1565236.911
601328.SH,601328,交通银行,银行,主板,2007-05-15,27004594.4423
601330.SH,601330,绿色动力,环境保护,主板,2018-06-11,544000.6473
601333.SH,601333,广深铁路,铁路,主板,2006-12-22,1865238.21
601336.SH,601336,新华保险,保险,主板,2011-12-16,6850668.2319
601339.SH,601339,百隆东方,纺织,主板,2012-06-12,687000.0
601360.SH,601360,三六零,互联网,主板,2012-01-16,4951736.6955
601369.SH,601369,陕鼓动力,机械基件,主板,2010-04-28,1280035.2462
601375.SH,601375,中原证券,证券,主板,2017-01-03,1158366.6192
601377.SH,601377,兴业证券,证券,主板,2010-10-13,4430261.4818
601390.SH,601390,中国中铁,建筑工程,主板,2007-12-03,11006083.6152
601398.SH,601398,工商银行,银行,主板,2006-10-27,155296634.4225
601399.SH,601399,国机重装,工程机械,主板,2020-06-08,1825029.6402
601456.SH,601456,国联证券,证券,主板,2020-07-31,2262509.1101
601500.SH,601500,通用股份,汽车配件,主板,2016-09-19,685320.8997
601512.SH,601512,中新集团,园区开发,主板,2019-12-20,980274.06
601519.SH,601519,大智慧,软件服务,主板,2011-01-28,1120160.8704
601528.SH,601528,瑞丰银行,银行,主板,2021-06-25,775976.2042
601555.SH,601555,东吴证券,证券,主板,2011-12-12,3025940.0277
601567.SH,601567,三星医疗,电气设备,主板,2011-06-15,4700069.6377
601568.SH,601568,北元集团,化工原料,主板,2020-10-20,1501500.0007
601577.SH,601577,长沙银行,银行,主板,2018-09-26,2814417.6123
601595.SH,601595,上海电影,影视音像,主板,2016-08-17,850235.4
601598.SH,601598,中国外运,仓储物流,主板,2019-01-18,2449257.2638
601600.SH,601600,中国铝业,铝,主板,2007-04-30,8963077.1231
601601.SH,601601,中国太保,保险,主板,2007-12-25,20227097.4995
601606.SH,601606,长城军工,专用机械,主板,2018-08-06,657599.3872
601607.SH,601607,上海医药,医药商业,主板,1994-03-24,3655909.5169
601608.SH,601608,中信重工,专用机械,主板,2012-07-06,1497099.6561
601609.SH,601609,金田股份,铜,主板,2020-04-22,718538.9841
601611.SH,601611,中国核建,建筑工程,主板,2016-06-06,2159270.6015
601615.SH,601615,明阳智能,电气设备,主板,2019-01-23,1965236.9824
601618.SH,601618,中国中冶,建筑工程,主板,2009-09-21,5052291.2251
601619.SH,601619,嘉泽新能,新型电力,主板,2017-07-20,684052.6968
601628.SH,601628,中国人寿,保险,主板,2007-01-09,71237296.13
601633.SH,601633,长城汽车,汽车整车,主板,2011-09-28,13850130.8692
601636.SH,601636,旗滨集团,玻璃,主板,2011-08-12,1371275.7915
601658.SH,601658,邮储银行,银行,主板,2019-12-10,31077668.9776
601665.SH,601665,齐鲁银行,银行,主板,2021-06-18,2204749.1262
601666.SH,601666,平煤股份,煤炭开采,主板,2006-11-23,2284141.5211
601668.SH,601668,中国建筑,建筑工程,主板,2009-07-29,21156039.9073
601669.SH,601669,中国电建,建筑工程,主板,2011-10-18,6065187.9944
601677.SH,601677,明泰铝业,铝,主板,2011-09-19,1430990.4324
601678.SH,601678,滨化股份,化工原料,主板,2010-02-23,693558.225
601686.SH,601686,友发集团,钢加工,主板,2020-12-04,757395.8847
601688.SH,601688,华泰证券,证券,主板,2010-02-26,9081441.7489
601689.SH,601689,拓普集团,汽车配件,主板,2015-03-19,5567255.0222
601696.SH,601696,中银证券,证券,主板,2020-02-26,2402970.0
601698.SH,601698,中国卫通,电信运营,主板,2019-06-28,6154929.5453
601699.SH,601699,潞安环能,煤炭开采,主板,2006-09-22,4214895.5628
601702.SH,601702,华峰铝业,铝,主板,2020-09-07,1536738.5934
601717.SH,601717,郑煤机,专用机械,主板,2010-08-03,1798165.2412
601718.SH,601718,际华集团,服饰,主板,2010-08-16,1045207.7982
601727.SH,601727,上海电气,电气设备,主板,2008-12-05,4745747.6595
601728.SH,601728,中国电信,电信运营,主板,2021-08-20,12617416.763
601766.SH,601766,中国中车,运输设备,主板,2008-08-18,16834836.2492
601777.SH,601777,力帆科技,摩托车,主板,2010-11-25,1704454.7268
601778.SH,601778,晶科科技,新型电力,主板,2020-05-19,864171.4791
601788.SH,601788,光大证券,证券,主板,2009-08-18,5664713.3166
601799.SH,601799,星宇股份,汽车配件,主板,2011-02-01,3372445.5413
601800.SH,601800,中国交建,建筑工程,主板,2012-03-09,8951393.3939
601801.SH,601801,皖新传媒,出版业,主板,2010-01-18,1288318.7539
601808.SH,601808,中海油服,石油开采,主板,2007-09-28,4283797.196
601811.SH,601811,新华文轩,出版业,主板,2016-08-08,1152220.1745
601816.SH,601816,京沪高铁,铁路,主板,2020-01-16,26468395.2053
601818.SH,601818,光大银行,银行,主板,2010-08-18,14061265.115
601825.SH,601825,沪农商行,银行,主板,2021-08-19,6298010.5197
601827.SH,601827,三峰环境,环境保护,主板,2020-06-05,1344292.668
601828.SH,601828,美凯龙,其他商业,主板,2018-01-17,805798.6897
601838.SH,601838,成都银行,银行,主板,2018-01-31,5207391.0829
601857.SH,601857,中国石油,石油开采,主板,2007-11-05,141034129.7795
601858.SH,601858,中国科传,出版业,主板,2017-01-18,1328040.0
601860.SH,601860,紫金银行,银行,主板,2019-01-03,870992.8142
601865.SH,601865,福莱特,玻璃,主板,2019-02-15,3401115.063
601866.SH,601866,中远海发,水运,主板,2007-12-12,1844557.0727
601868.SH,601868,中国能建,建筑工程,主板,2021-09-28,2972502.7013
601869.SH,601869,长飞光纤,通信设备,主板,2018-07-20,923606.9877
601872.SH,601872,招商轮船,水运,主板,2006-12-01,6026416.7012
601877.SH,601877,正泰电器,电气设备,主板,2010-01-21,3999231.2643
601878.SH,601878,浙商证券,证券,主板,2017-06-26,4216063.631
601880.SH,601880,辽港股份,港口,主板,2010-12-06,2315887.0275
601881.SH,601881,中国银河,证券,主板,2017-01-23,7909812.0443
601882.SH,601882,海天精工,机床制造,主板,2016-11-07,1001718.0
601886.SH,601886,江河集团,装修装饰,主板,2011-08-18,535909.9744
601888.SH,601888,中国中免,旅游服务,主板,2009-10-15,11546940.3672
601890.SH,601890,亚星锚链,船舶,主板,2010-12-28,655270.2
601898.SH,601898,中煤能源,煤炭开采,主板,2008-02-01,12501632.5464
601899.SH,601899,紫金矿业,铜,主板,2008-04-25,31841697.9128
601900.SH,601900,南方传媒,出版业,主板,2016-02-15,1074156.0026
601901.SH,601901,方正证券,证券,主板,2011-08-10,5581364.7458
601908.SH,601908,京运通,电气设备,主板,2011-09-08,552944.0552
601916.SH,601916,浙商银行,银行,主板,2019-11-26,5472286.7346
601918.SH,601918,新集能源,煤炭开采,主板,2007-12-19,2082795.6072
601919.SH,601919,中远海控,水运,主板,2007-06-26,15568298.1464
601928.SH,601928,凤凰传媒,出版业,主板,2011-11-30,2761216.5
601933.SH,601933,永辉超市,超市连锁,主板,2010-12-15,2041883.3234
601939.SH,601939,建设银行,银行,主板,2007-09-25,7022557.3676
601949.SH,601949,中国出版,出版业,主板,2017-08-21,1044292.5
601952.SH,601952,苏垦农发,种植业,主板,2017-05-15,1378000.0
601958.SH,601958,金钼股份,小金属,主板,2008-04-17,3139486.0812
601963.SH,601963,重庆银行,银行,主板,2021-02-05,1268121.0148
601965.SH,601965,中国汽研,汽车服务,主板,2012-06-11,1631334.7801
601966.SH,601966,玲珑轮胎,汽车配件,主板,2016-07-06,2441627.1354
601968.SH,601968,宝钢包装,广告包装,主板,2015-06-11,511000.6675
601969.SH,601969,海南矿业,普钢,主板,2014-12-09,1104473.6789
601975.SH,601975,招商南油,水运,主板,2019-01-08,1459764.269
601985.SH,601985,中国核电,新型电力,主板,2015-06-10,19676382.8314
601988.SH,601988,中国银行,银行,主板,2006-07-05,100324385.0667
601990.SH,601990,南京证券,证券,主板,2018-06-13,2682625.2249
601991.SH,601991,大唐发电,火力发电,主板,2006-12-20,3260171.4349
601992.SH,601992,金隅集团,水泥,主板,2011-03-01,1175116.3152
601995.SH,601995,中金公司,证券,主板,2020-11-02,8089441.9315
601997.SH,601997,贵阳银行,银行,主板,2016-08-16,1809818.0476
601998.SH,601998,中信银行,银行,主板,2007-04-27,23260351.708
603000.SH,603000,人民网,互联网,主板,2012-04-27,1931642.2748
603005.SH,603005,晶方科技,半导体,主板,2014-02-10,1168691.6972
603008.SH,603008,喜临门,家居用品,主板,2012-07-17,530967.6239
603009.SH,603009,北特科技,汽车配件,主板,2014-07-18,534009.3547
603013.SH,603013,亚普股份,汽车配件,主板,2018-05-09,669454.6388
603019.SH,603019,中科曙光,IT设备,主板,2014-11-06,5229122.8871
603025.SH,603025,大豪科技,纺织机械,主板,2015-04-22,1245603.2701
603026.SH,603026,石大胜华,化工原料,主板,2015-05-29,573584.4
603027.SH,603027,千禾味业,食品,主板,2016-03-07,1140033.7117
603033.SH,603033,三维股份,橡胶,主板,2016-12-07,1021643.7972
603039.SH,603039,泛微网络,软件服务,主板,2017-01-13,728646.1921
603043.SH,603043,广州酒家,食品,主板,2017-06-27,815617.3344
603050.SH,603050,科林电气,电气设备,主板,2017-04-14,677194.7255
603053.SH,603053,成都燃气,供气供热,主板,2019-12-17,747556.49
603055.SH,603055,台华新材,纺织,主板,2017-09-21,915091.6506
603056.SH,603056,德邦股份,仓储物流,主板,2018-01-16,1372012.234
603063.SH,603063,禾望电气,电气设备,主板,2017-07-28,538520.805
603067.SH,603067,振华股份,化工原料,主板,2016-09-13,574618.2854
603077.SH,603077,和邦生物,化工原料,主板,2012-07-31,1536637.5397
603083.SH,603083,剑桥科技,通信设备,主板,2017-11-10,696622.9053
603087.SH,603087,甘李药业,生物制药,主板,2020-06-29,2102443.1753
603093.SH,603093,南华期货,多元金融,主板,2019-08-30,573461.9394
603099.SH,603099,长白山,旅游景点,主板,2014-08-22,657074.88
603100.SH,603100,川仪股份,电器仪表,主板,2014-08-05,817523.28
603103.SH,603103,横店影视,影视音像,主板,2017-10-12,656397.0
603108.SH,603108,润达医疗,医药商业,主板,2015-05-27,848588.7605
603118.SH,603118,共进股份,通信设备,主板,2015-02-25,549518.9314
603127.SH,603127,昭衍新药,医疗保健,主板,2017-08-25,830975.4447
603128.SH,603128,华贸物流,仓储物流,主板,2012-05-29,702957.9673
603129.SH,603129,春风动力,摩托车,主板,2017-08-18,2048115.9471
603156.SH,603156,养元饮品,软饮料,主板,2018-02-12,2317118.7816
603160.SH,603160,汇顶科技,半导体,主板,2016-10-17,2825871.8094
603169.SH,603169,兰石重装,专用机械,主板,2014-10-09,570849.5157
603171.SH,603171,税友股份,软件服务,主板,2021-06-30,946129.59
603179.SH,603179,新泉股份,汽车配件,主板,2017-03-17,1847363.296
603181.SH,603181,皇马科技,化工原料,主板,2017-08-24,536305.7
603185.SH,603185,弘元绿能,电气设备,主板,2018-12-28,916679.9727
603195.SH,603195,公牛集团,家用电器,主板,2020-02-06,8286099.4039
603197.SH,603197,保隆科技,汽车配件,主板,2017-05-19,637324.8066
603198.SH,603198,迎驾贡酒,白酒,主板,2015-05-28,4064800.0
603203.SH,603203,快克智能,专用机械,主板,2016-11-08,504037.1623
603218.SH,603218,日月股份,电气设备,主板,2016-12-28,1098736.455
603220.SH,603220,中贝通信,通信设备,主板,2018-11-15,787226.4524
603225.SH,603225,新凤鸣,化纤,主板,2017-04-18,1614725.2825
603227.SH,603227,雪峰科技,化工原料,主板,2015-05-15,694515.8016
603228.SH,603228,景旺电子,元器件,主板,2017-01-06,2380670.6742
603229.SH,603229,奥翔药业,化学制药,主板,2017-05-09,566262.6529
603233.SH,603233,大参林,医药商业,主板,2017-07-31,1503278.9693
603236.SH,603236,移远通信,通信设备,主板,2019-07-16,1131851.4479
603256.SH,603256,宏和科技,玻璃,主板,2019-07-19,643080.8025
603259.SH,603259,药明康德,化学制药,主板,2018-05-08,9692903.1925
603260.SH,603260,合盛硅业,化工原料,主板,2017-10-30,5951229.741
603267.SH,603267,鸿远电子,元器件,主板,2019-05-15,747470.2144
603277.SH,603277,银都股份,专用机械,主板,2017-09-11,1037409.2715
603279.SH,603279,景津装备,环境保护,主板,2019-07-29,983921.4833
603281.SH,603281,江瀚新材,化工原料,主板,2023-01-31,612371.2976
603283.SH,603283,赛腾股份,专用机械,主板,2017-12-25,1147172.9207
603288.SH,603288,海天味业,食品,主板,2014-02-11,20062646.7628
603290.SH,603290,斯达半导,半导体,主板,2020-02-04,1749341.5088
603297.SH,603297,永新光学,元器件,主板,2018-09-10,606036.4065
603298.SH,603298,杭叉集团,工程机械,主板,2016-12-27,2335394.8834
603299.SH,603299,苏盐井神,食品,主板,2015-12-31,763391.3856
603300.SH,603300,华铁应急,多元金融,主板,2015-05-29,892684.7676
603301.SH,603301,振德医疗,医疗保健,主板,2018-04-12,549155.9273
603303.SH,603303,得邦照明,家用电器,主板,2017-03-30,500314.8592
603305.SH,603305,旭升集团,汽车配件,主板,2017-07-10,840826.6546
603306.SH,603306,华懋科技,汽车配件,主板,2014-09-26,626100.7699
603308.SH,603308,应流股份,机械基件,主板,2014-01-22,668850.8944
603317.SH,603317,天味食品,食品,主板,2019-04-16,982975.3848
603323.SH,603323,苏农银行,银行,主板,2016-11-29,718516.8612
603327.SH,603327,福蓉科技,元器件,主板,2019-05-23,892393.6524
603328.SH,603328,依顿电子,元器件,主板,2014-07-01,786772.7775
603337.SH,603337,杰克股份,纺织机械,主板,2017-01-19,1224593.5531
603338.SH,603338,浙江鼎力,工程机械,主板,2015-03-25,2407177.8168
603345.SH,603345,安井食品,食品,主板,2017-02-22,2179176.1438
603348.SH,603348,文灿股份,汽车配件,主板,2018-04-26,560621.3531
603355.SH,603355,莱克电气,家用电器,主板,2015-05-13,1192958.3038
603358.SH,603358,华达科技,汽车配件,主板,2017-01-25,1224043.52
603360.SH,603360,百傲化学,农药化肥,主板,2017-02-06,630488.7466
603367.SH,603367,辰欣药业,化学制药,主板,2017-09-29,568166.7184
603368.SH,603368,柳药集团,医药商业,主板,2014-12-04,553032.0753
603369.SH,603369,今世缘,白酒,主板,2014-07-03,4920149.0
603379.SH,603379,三美股份,化工原料,主板,2019-04-02,1667828.7291
603383.SH,603383,顶点软件,软件服务,主板,2017-05-22,520221.1457
603392.SH,603392,万泰生物,生物制药,主板,2020-04-29,8882521.821
603393.SH,603393,新天然气,供气供热,主板,2016-09-12,1230606.6535
603398.SH,603398,沐邦高科,电气设备,主板,2015-12-09,617071.8887
603408.SH,603408,建霖家居,家居用品,主板,2020-07-30,501729.333
603444.SH,603444,吉比特,互联网,主板,2017-01-04,1404657.3873
603456.SH,603456,九洲药业,医疗保健,主板,2014-10-10,1110060.0394
603477.SH,603477,巨星农牧,农业综合,主板,2017-12-18,907922.941
603486.SH,603486,科沃斯,家用电器,主板,2018-05-28,2390646.09
603496.SH,603496,恒为科技,IT设备,主板,2017-06-07,663153.3423
603501.SH,603501,韦尔股份,半导体,主板,2017-05-04,10633522.9171
603505.SH,603505,金石资源,化工原料,主板,2017-05-03,1397628.6305
603508.SH,603508,思维列控,IT设备,主板,2015-12-24,667230.1598
603515.SH,603515,欧普照明,家用电器,主板,2016-08-19,1068766.5719
603516.SH,603516,淳中科技,IT设备,主板,2018-02-02,522164.6823
603517.SH,603517,绝味食品,食品,主板,2017-03-17,779246.0367
603529.SH,603529,爱玛科技,摩托车,主板,2021-06-15,2675780.9324
603530.SH,603530,神马电力,电气设备,主板,2019-08-05,933245.1747
603533.SH,603533,掌阅科技,互联网,主板,2017-09-21,692579.2056
603556.SH,603556,海兴电力,电器仪表,主板,2016-11-10,2300235.7763
603565.SH,603565,中谷物流,水运,主板,2020-09-25,1701051.1134
603567.SH,603567,珍宝岛,中成药,主板,2015-04-24,1025978.2522
603568.SH,603568,伟明环保,环境保护,主板,2015-05-28,3097863.5771
603583.SH,603583,捷昌驱动,电气设备,主板,2018-09-21,613506.3628
603587.SH,603587,地素时尚,服饰,主板,2018-06-22,502544.6913
603588.SH,603588,高能环境,环境保护,主板,2014-12-29,725059.6015
603589.SH,603589,口子窖,白酒,主板,2015-06-29,2137080.8735
603596.SH,603596,伯特利,汽车配件,主板,2018-04-27,2295591.5706
603599.SH,603599,广信股份,农药化肥,主板,2015-05-13,963064.967
603605.SH,603605,珀莱雅,日用化工,主板,2017-11-15,3734416.5579
603606.SH,603606,东方电缆,电气设备,主板,2014-10-15,3359489.5727
603609.SH,603609,禾丰股份,饲料,主板,2014-08-08,631650.9938
603612.SH,603612,索通发展,矿物制品,主板,2017-07-18,529485.0399
603613.SH,603613,国联股份,互联网,主板,2019-07-30,1389196.9035
603619.SH,603619,中曼石油,石油开采,主板,2017-11-17,800000.2
603626.SH,603626,科森科技,元器件,主板,2017-02-09,550995.5322
603638.SH,603638,艾迪精密,专用机械,主板,2017-01-20,1283490.8896
603650.SH,603650,彤程新材,化工原料,主板,2018-06-27,1584983.8025
603658.SH,603658,安图生物,医疗保健,主板,2016-09-01,2340894.713
603659.SH,603659,璞泰来,化工原料,主板,2017-11-03,2458995.3365
603662.SH,603662,柯力传感,电器仪表,主板,2019-08-06,695615.583
603663.SH,603663,三祥新材,小金属,主板,2016-08-01,637612.183
603668.SH,603668,天马科技,饲料,主板,2017-01-17,568141.7231
603678.SH,603678,火炬电子,元器件,主板,2015-01-26,991847.721
603680.SH,603680,今创集团,运输设备,主板,2018-02-27,554872.887
603688.SH,603688,石英股份,矿物制品,主板,2014-10-31,1294611.1107
603690.SH,603690,至纯科技,半导体,主板,2017-01-13,707903.1601
603693.SH,603693,江苏新能,新型电力,主板,2018-07-03,706992.0
603698.SH,603698,航天工程,专用机械,主板,2015-01-28,703218.88
603699.SH,603699,纽威股份,机械基件,主板,2014-01-17,1420970.614
603707.SH,603707,健友股份,生物制药,主板,2017-07-19,1904833.0991
603712.SH,603712,七一二,通信设备,主板,2018-02-26,1218216.0
603713.SH,603713,密尔克卫,仓储物流,主板,2018-07-13,744268.3406
603728.SH,603728,鸣志电器,电气设备,主板,2017-05-09,1522637.8875
603730.SH,603730,岱美股份,汽车配件,主板,2017-07-28,1502354.6995
603733.SH,603733,仙鹤股份,造纸,主板,2018-04-20,1104851.7373
603737.SH,603737,三棵树,染料涂料,主板,2016-06-03,1487229.2214
603738.SH,603738,泰晶科技,元器件,主板,2016-09-28,503783.667
603766.SH,603766,隆鑫通用,摩托车,主板,2012-08-10,1377926.5814
603786.SH,603786,科博达,汽车配件,主板,2019-10-15,1767288.5352
603799.SH,603799,华友钴业,小金属,主板,2015-01-29,3843157.6086
603806.SH,603806,福斯特,塑料,主板,2014-09-05,3999192.0151
603816.SH,603816,顾家家居,家居用品,主板,2016-10-14,2035003.401
603826.SH,603826,坤彩科技,染料涂料,主板,2017-04-14,2149056.0
603833.SH,603833,欧派家居,家居用品,主板,2017-03-28,2693672.156
603855.SH,603855,华荣股份,专用机械,主板,2017-05-24,562536.8
603858.SH,603858,步长制药,中成药,主板,2016-11-18,1624776.6455
603863.SH,603863,松炀资源,造纸,主板,2019-06-21,523494.7
603866.SH,603866,桃李面包,食品,主板,2015-12-22,859049.1862
603868.SH,603868,飞科电器,家用电器,主板,2016-04-18,1501513.2
603871.SH,603871,嘉友国际,仓储物流,主板,2018-02-06,1702193.6312
603876.SH,603876,鼎胜新材,铝,主板,2018-04-18,791634.0966
603877.SH,603877,太平鸟,服饰,主板,2017-01-09,565533.9764
603881.SH,603881,数据港,软件服务,主板,2017-02-08,770459.3312
603882.SH,603882,金域医学,医疗保健,主板,2017-09-08,1242347.7354
603883.SH,603883,老百姓,医药商业,主板,2015-04-23,1020155.9226
603885.SH,603885,吉祥航空,空运,主板,2015-05-27,2302565.4787
603888.SH,603888,新华网,互联网,主板,2016-10-28,1007435.9878
603893.SH,603893,瑞芯微,半导体,主板,2020-02-07,2150671.9352
603899.SH,603899,晨光股份,文教休闲,主板,2015-01-27,2413963.6615
603915.SH,603915,国茂股份,机械基件,主板,2019-06-14,537125.3686
603919.SH,603919,金徽酒,白酒,主板,2016-03-10,847124.195
603920.SH,603920,世运电路,元器件,主板,2017-04-26,1067191.32
603927.SH,603927,中科软,软件服务,主板,2019-09-09,1309719.04
603939.SH,603939,益丰药房,医药商业,主板,2015-02-17,2314231.323
603977.SH,603977,国泰集团,化工原料,主板,2016-11-11,601362.0895
603979.SH,603979,金诚信,铜,主板,2015-06-30,2418402.9433
603983.SH,603983,丸美股份,日用化工,主板,2019-07-25,849318.0
603986.SH,603986,兆易创新,半导体,主板,2016-08-18,4654477.3548
603992.SH,603992,松霖科技,家居用品,主板,2019-08-26,682925.965
603993.SH,603993,洛阳钼业,小金属,主板,2012-10-09,12896013.9856
603995.SH,603995,甬金股份,特种钢,主板,2019-12-24,595590.295
603997.SH,603997,继峰股份,汽车配件,主板,2015-03-02,1294344.6275
603998.SH,603998,方盛制药,中成药,主板,2014-12-05,522064.3764
605005.SH,605005,合兴股份,汽车配件,主板,2021-01-19,617941.0
605008.SH,605008,长鸿高科,橡胶,主板,2020-08-21,761220.7906
605009.SH,605009,豪悦护理,造纸,主板,2020-09-11,504346.0937
605011.SH,605011,杭州热电,供气供热,主板,2021-06-30,742585.6
605016.SH,605016,百龙创园,食品,主板,2021-04-21,539231.2016
605020.SH,605020,永和股份,化工原料,主板,2021-07-09,583393.6785
605090.SH,605090,九丰能源,供气供热,主板,2021-05-25,705300.4392
605099.SH,605099,共创草坪,文教休闲,主板,2020-09-30,733765.06
605111.SH,605111,新洁能,半导体,主板,2020-09-28,1183282.4834
605116.SH,605116,奥锐特,化学制药,主板,2020-09-21,841876.857
605117.SH,605117,德业股份,电气设备,主板,2021-04-20,5278124.1797
605118.SH,605118,力鼎光电,元器件,主板,2020-07-30,600088.984
605123.SH,605123,派克新材,航空,主板,2020-08-25,571320.7558
605168.SH,605168,三人行,互联网,主板,2020-05-28,531312.3375
605183.SH,605183,确成股份,化工原料,主板,2020-12-07,671235.396
605198.SH,605198,安德利,软饮料,主板,2020-09-18,575159.536
605222.SH,605222,起帆电缆,电气设备,主板,2020-07-31,621002.4498
605333.SH,605333,沪光股份,汽车配件,主板,2020-08-18,1021619.2535
605339.SH,605339,南侨食品,食品,主板,2021-05-18,613099.9401
605358.SH,605358,立昂微,半导体,主板,2020-09-11,1302449.6753
605365.SH,605365,立达信,家用电器,主板,2021-07-20,698299.9105
605368.SH,605368,蓝天燃气,供气供热,主板,2021-01-29,872844.0847
605376.SH,605376,博迁新材,小金属,主板,2020-12-08,527124.0
605377.SH,605377,华旺科技,造纸,主板,2020-12-28,538593.0139
605499.SH,605499,东鹏饮料,软饮料,主板,2021-05-27,9371834.29
605507.SH,605507,国邦医药,化学制药,主板,2021-08-02,570858.3759
605589.SH,605589,圣泉集团,化工原料,主板,2021-08-10,1440727.8416
605599.SH,605599,菜百股份,服饰,主板,2021-09-09,596064.6448
688001.SH,688001,华兴源创,专用机械,科创板,2019-07-22,1017448.8738
688002.SH,688002,睿创微纳,通信设备,科创板,2019-07-22,1121993.1645
688003.SH,688003,天准科技,专用机械,科创板,2019-07-22,608795.257
688005.SH,688005,容百科技,电气设备,科创板,2019-07-22,650779.1924
688006.SH,688006,杭可科技,电气设备,科创板,2019-07-22,924825.7369
688007.SH,688007,光峰科技,元器件,科创板,2019-07-22,635372.5358
688008.SH,688008,澜起科技,半导体,科创板,2019-07-22,6048594.6367
688009.SH,688009,中国通号,运输设备,科创板,2019-07-22,4362235.108
688012.SH,688012,中微公司,半导体,科创板,2019-07-22,8003036.1455
688016.SH,688016,心脉医疗,医疗保健,科创板,2019-07-22,1012721.5533
688017.SH,688017,绿的谐波,机械基件,科创板,2020-08-28,1079919.9913
688018.SH,688018,乐鑫科技,半导体,科创板,2019-07-22,1077348.5385
688019.SH,688019,安集科技,半导体,科创板,2019-07-22,1414756.137
688027.SH,688027,国盾量子,通信设备,科创板,2020-07-09,1199828.5954
688029.SH,688029,南微医学,医疗保健,科创板,2019-07-22,1102852.2146
688032.SH,688032,禾迈股份,电气设备,科创板,2021-12-20,805335.1438
688036.SH,688036,传音控股,通信设备,科创板,2019-09-30,8677834.9868
688037.SH,688037,芯源微,半导体,科创板,2019-12-16,1197725.8425
688041.SH,688041,海光信息,半导体,科创板,2022-08-12,6854860.1235
688047.SH,688047,龙芯中科,半导体,科创板,2022-06-24,2549520.9943
688050.SH,688050,爱博医疗,医疗保健,科创板,2020-07-29,1418930.3366
688052.SH,688052,纳芯微,半导体,科创板,2022-04-22,826997.2996
688055.SH,688055,龙腾光电,元器件,科创板,2020-08-17,920000.0184
688063.SH,688063,派能科技,电气设备,科创板,2020-12-30,1001556.4544
688065.SH,688065,凯赛生物,化工原料,科创板,2020-08-12,2045323.4047
688072.SH,688072,拓荆科技,半导体,科创板,2022-04-20,1866236.8855
688076.SH,688076,诺泰生物,生物制药,科创板,2021-05-20,1276481.4269
688082.SH,688082,盛美上海,半导体,科创板,2021-11-18,632788.2301
688083.SH,688083,中望软件,软件服务,科创板,2021-03-11,747959.2246
688088.SH,688088,虹软科技,软件服务,科创板,2019-07-22,982867.48
688097.SH,688097,博众精工,专用机械,科创板,2021-05-12,929308.9455
688099.SH,688099,晶晨股份,半导体,科创板,2019-08-08,2232247.0387
688100.SH,688100,威胜信息,通信设备,科创板,2020-01-21,1732000.0
688106.SH,688106,金宏气体,化工原料,科创板,2020-06-16,793898.5826
688111.SH,688111,金山办公,软件服务,科创板,2019-11-18,8034995.4702
688114.SH,688114,华大智造,医疗保健,科创板,2022-09-09,807114.3004
688116.SH,688116,天奈科技,化工原料,科创板,2019-09-25,718757.7213
688120.SH,688120,华海清科,半导体,科创板,2022-06-08,2168000.7681
688122.SH,688122,西部超导,小金属,科创板,2019-07-22,2337492.8602
688123.SH,688123,聚辰股份,半导体,科创板,2019-12-23,734342.5116
688126.SH,688126,沪硅产业,半导体,科创板,2020-04-20,3870984.6218
688127.SH,688127,蓝特光学,元器件,科创板,2020-09-21,685497.06
688128.SH,688128,中国电研,专用机械,科创板,2019-11-05,650840.5
688139.SH,688139,海尔生物,医疗保健,科创板,2019-10-25,806963.4653
688161.SH,688161,威高骨科,医疗保健,科创板,2021-06-30,882800.0
688166.SH,688166,博瑞医药,化学制药,科创板,2019-11-08,1059968.6015
688169.SH,688169,石头科技,家用电器,科创板,2020-02-21,4242524.662
688172.SH,688172,燕东微,半导体,科创板,2022-12-16,587354.5861
688177.SH,688177,百奥泰,生物制药,科创板,2020-02-21,824433.28
688180.SH,688180,君实生物-U,生物制药,科创板,2020-07-15,1899139.644
688183.SH,688183,生益电子,元器件,科创板,2021-02-25,1519737.2867
688187.SH,688187,时代电气,运输设备,科创板,2021-09-07,1179092.5756
688188.SH,688188,柏楚电子,专用机械,科创板,2019-08-08,3227045.6846
688198.SH,688198,佰仁医疗,医疗保健,科创板,2019-12-09,1326275.3636
688200.SH,688200,华峰测控,半导体,科创板,2020-02-18,1137013.9897
688208.SH,688208,道通科技,IT设备,科创板,2020-02-13,1073208.0793
688213.SH,688213,思特威-W,半导体,科创板,2022-05-20,1528972.4568
688220.SH,688220,翱捷科技-U,半导体,科创板,2022-01-14,703245.6723
688223.SH,688223,晶科能源,电气设备,科创板,2022-01-26,2216465.9263
688234.SH,688234,天岳先进,半导体,科创板,2022-01-12,1299669.0633
688235.SH,688235,百济神州-U,生物制药,科创板,2021-12-15,1703623.2348
688248.SH,688248,南网科技,电气设备,科创板,2021-12-22,601377.2
688249.SH,688249,晶合集成,半导体,科创板,2023-05-05,1708613.441
688256.SH,688256,寒武纪-U,半导体,科创板,2020-07-20,10048184.0447
688266.SH,688266,泽璟制药-U,生物制药,科创板,2020-01-23,1495865.9591
688268.SH,688268,华特气体,化工原料,科创板,2019-12-26,524533.0406
688271.SH,688271,联影医疗,医疗保健,科创板,2022-08-22,6109792.8548
688276.SH,688276,百克生物,生物制药,科创板,2021-06-25,976645.5889
688278.SH,688278,特宝生物,生物制药,科创板,2020-01-17,2248790.4
688279.SH,688279,峰岹科技,半导体,科创板,2022-04-20,557632.74
688289.SH,688289,圣湘生物,医疗保健,科创板,2020-08-28,1024429.3385
688297.SH,688297,中无人机,航空,科创板,2022-06-29,795852.293
688298.SH,688298,东方生物,医疗保健,科创板,2020-02-05,577180.8
688300.SH,688300,联瑞新材,矿物制品,科创板,2019-11-15,787746.797
688301.SH,688301,奕瑞科技,医疗保健,科创板,2020-09-18,1356491.833
688303.SH,688303,大全能源,电气设备,科创板,2021-07-22,988863.5099
688305.SH,688305,科德数控,机床制造,科创板,2021-07-09,548351.0999
688318.SH,688318,财富趋势,软件服务,科创板,2020-04-27,1597819.6203
688321.SH,688321,微芯生物,化学制药,科创板,2019-08-12,676941.1027
688322.SH,688322,奥比中光-UW,元器件,科创板,2022-07-07,626723.9824
688327.SH,688327,云从科技-UW,软件服务,科创板,2022-05-27,584310.8842
688333.SH,688333,铂力特,机械基件,科创板,2019-07-22,1187627.0165
688336.SH,688336,三生国健,生物制药,科创板,2020-07-22,1010295.1289
688343.SH,688343,云天励飞-U,软件服务,科创板,2023-04-04,581733.0917
688361.SH,688361,中科飞测,半导体,科创板,2023-05-19,1235433.7875
688362.SH,688362,甬矽电子,半导体,科创板,2022-11-16,511480.5448
688363.SH,688363,华熙生物,医疗保健,科创板,2019-11-06,966317.108
688366.SH,688366,昊海生科,医疗保健,科创板,2019-10-30,1171296.9968
688375.SH,688375,国博电子,元器件,科创板,2022-07-22,996848.6592
688385.SH,688385,复旦微电,半导体,科创板,2021-08-04,1427195.4376
688387.SH,688387,信科移动-U,通信设备,科创板,2022-09-26,702906.0747
688389.SH,688389,普门科技,医疗保健,科创板,2019-11-05,559528.4856
688390.SH,688390,固德威,电气设备,科创板,2020-09-04,1079509.4978
688396.SH,688396,华润微,半导体,科创板,2020-02-27,4730249.7723
688408.SH,688408,中信博,电气设备,科创板,2020-08-28,1314690.8163
688409.SH,688409,富创精密,半导体,科创板,2022-10-10,601338.0414
688425.SH,688425,铁建重工,工程机械,科创板,2021-06-22,511373.122
688439.SH,688439,振华风光,元器件,科创板,2022-08-26,523109.8121
688469.SH,688469,芯联集成-U,半导体,科创板,2023-05-10,1569357.72
688472.SH,688472,阿特斯,电气设备,科创板,2023-06-09,1527011.0218
688475.SH,688475,萤石网络,IT设备,科创板,2022-12-28,1047557.7
688484.SH,688484,南芯科技,半导体,科创板,2023-04-07,800619.3395
688503.SH,688503,聚和材料,电气设备,科创板,2022-12-09,517519.2461
688506.SH,688506,百利天恒-U,化学制药,科创板,2023-01-06,1458612.6647
688513.SH,688513,苑东生物,化学制药,科创板,2020-09-02,649638.7021
688516.SH,688516,奥特维,专用机械,科创板,2020-05-21,1009167.4494
688520.SH,688520,神州细胞-U,生物制药,科创板,2020-06-22,1465154.4991
688521.SH,688521,芯原股份,半导体,科创板,2020-08-18,1335272.1867
688525.SH,688525,佰维存储,半导体,科创板,2022-12-30,1334885.7322
688526.SH,688526,科前生物,农业综合,科创板,2020-09-22,563082.6916
688536.SH,688536,思瑞浦,半导体,科创板,2020-09-21,1008699.1845
688538.SH,688538,和辉光电-U,半导体,科创板,2021-05-28,1207969.5023
688556.SH,688556,高测股份,专用机械,科创板,2020-08-07,533649.3621
688559.SH,688559,海目星,专用机械,科创板,2020-09-09,564362.854
688561.SH,688561,奇安信-U,软件服务,科创板,2020-07-22,1078774.1822
688563.SH,688563,航材股份,航空,科创板,2023-07-19,551179.3315
688567.SH,688567,孚能科技,电气设备,科创板,2020-07-17,1140222.9247
688568.SH,688568,中科星图,软件服务,科创板,2020-07-08,1430577.1737
688575.SH,688575,亚辉龙,医疗保健,科创板,2021-05-17,1169292.6986
688578.SH,688578,艾力斯,化学制药,科创板,2020-12-02,2122200.0
688582.SH,688582,芯动联科,电器仪表,科创板,2023-06-30,822831.216
688586.SH,688586,江航装备,航空,科创板,2020-07-31,621201.2375
688596.SH,688596,正帆科技,专用机械,科创板,2020-08-20,748329.9391
688599.SH,688599,天合光能,电气设备,科创板,2020-06-10,3678768.461
688608.SH,688608,恒玄科技,半导体,科创板,2020-12-16,1753865.617
688617.SH,688617,惠泰医疗,医疗保健,科创板,2021-01-07,3387039.282
688630.SH,688630,芯碁微装,专用机械,科创板,2021-04-01,700200.8902
688639.SH,688639,华恒生物,化学制药,科创板,2021-04-22,683449.1167
688658.SH,688658,悦康药业,化学制药,科创板,2020-12-24,859950.0
688668.SH,688668,鼎通科技,通信设备,科创板,2020-12-21,503866.0743
688676.SH,688676,金盘科技,电气设备,科创板,2021-03-09,1411980.6603
688686.SH,688686,奥普特,电器仪表,科创板,2020-12-31,593575.3695
688690.SH,688690,纳微科技,化工原料,科创板,2021-06-23,599261.1113
688698.SH,688698,伟创电气,电气设备,科创板,2020-12-29,507089.2823
688700.SH,688700,东威科技,专用机械,科创板,2021-06-15,580987.4479
688728.SH,688728,格科微,半导体,科创板,2021-08-18,1545962.6136
688766.SH,688766,普冉股份,半导体,科创板,2021-08-23,677592.0598
688772.SH,688772,珠海冠宇,电气设备,科创板,2021-10-15,1115953.6836
688777.SH,688777,中控技术,专用机械,科创板,2020-11-24,3093584.1815
688778.SH,688778,厦钨新能,电气设备,科创板,2021-08-05,1161748.7338
688779.SH,688779,五矿新能,电气设备,科创板,2021-08-11,872006.7091
688789.SH,688789,宏华数科,专用机械,科创板,2021-07-08,1109727.0371
688798.SH,688798,艾为电子,半导体,科创板,2021-08-16,590920.263
688819.SH,688819,天能股份,电气设备,科创板,2021-01-18,2547874.1
688981.SH,688981,中芯国际,半导体,科创板,2020-07-16,9129916.0297
689009.SH,689009,九号公司-WD,摩托车,科创板,2020-10-29,2475385.9788
