l1_code,l1_name,l2_code,l2_name,l3_code,l3_name,ts_code,name,in_date,out_date,is_new,PC10,PC20,PC60
801210.SI,社会服务,801218.SI,专业服务,852182.SI,检测服务,300416.SZ,苏试试验,20220729,,Y,0.01189,0.06323,0.23258
801210.SI,社会服务,801218.SI,专业服务,852181.SI,人力资源服务,600662.SH,外服控股,20220729,,Y,0.08197,0.07975,0.24528
801210.SI,社会服务,801218.SI,专业服务,852182.SI,检测服务,002057.SZ,中钢天源,20230704,,Y,0.19688,0.17688,0.298
801210.SI,社会服务,801218.SI,专业服务,852183.SI,会展服务,600826.SH,兰生股份,20210730,,Y,0.06761,-0.06188,0.40892
801210.SI,社会服务,801218.SI,专业服务,852182.SI,检测服务,603060.SH,国检集团,20210730,,Y,0.0543,0.05113,0.22632
801210.SI,社会服务,801218.SI,专业服务,852182.SI,检测服务,300012.SZ,华测检测,20210730,,Y,-0.0108,0.00274,0.26621
801210.SI,社会服务,801218.SI,专业服务,852182.SI,检测服务,002967.SZ,广电计量,20210730,,Y,0.04452,0.11928,0.41946
801210.SI,社会服务,801218.SI,专业服务,852181.SI,人力资源服务,600861.SH,北京人力,20240730,,Y,0.09038,0.16051,0.34304
