l1_code,l1_name,l2_code,l2_name,l3_code,l3_name,ts_code,name,in_date,out_date,is_new,PC10,PC20,PC60
801200.SI,商贸零售,801204.SI,专业连锁Ⅱ,852041.SI,专业连锁Ⅲ,002416.SZ,爱施德,20100510,,Y,0.81869,0.90597,0.97363
801200.SI,商贸零售,801204.SI,专业连锁Ⅱ,852041.SI,专业连锁Ⅲ,000829.SZ,天音控股,20060901,,Y,0.15957,0.48588,0.7662
801200.SI,商贸零售,801204.SI,专业连锁Ⅱ,852041.SI,专业连锁Ⅲ,300755.SZ,华致酒行,20181221,,Y,0.04665,0.08107,0.45351
801200.SI,商贸零售,801204.SI,专业连锁Ⅱ,852041.SI,专业连锁Ⅲ,301078.SZ,孩子王,20210917,,Y,0.02498,0.0522,1.18027
