l1_code,l1_name,l2_code,l2_name,l3_code,l3_name,ts_code,name,in_date,out_date,is_new,PC10,PC20,PC60
801010.SI,农林牧渔,801012.SI,农产品加工,850154.SI,其他农产品加工,000930.SZ,中粮科技,20110110,,Y,-0.00341,0.05415,0.15873
801010.SI,农林牧渔,801012.SI,农产品加工,850154.SI,其他农产品加工,600737.SH,中粮糖业,20170629,,Y,0.00908,-0.02534,0.18343
801010.SI,农林牧渔,801012.SI,农产品加工,850152.SI,粮油加工,300999.SZ,金龙鱼,20200921,,Y,0.01785,-0.05886,0.28357
801010.SI,农林牧渔,801012.SI,农产品加工,850151.SI,果蔬加工,605198.SH,安德利,20200909,,Y,0.05628,0.05004,0.18444
801010.SI,农林牧渔,801012.SI,农产品加工,850151.SI,果蔬加工,600251.SH,冠农股份,20170522,,Y,0.00134,-0.01318,0.05791
801010.SI,农林牧渔,801012.SI,农产品加工,850154.SI,其他农产品加工,002481.SZ,双塔食品,20210730,,Y,0.07069,0.10515,0.17312
