l1_code,l1_name,l2_code,l2_name,l3_code,l3_name,ts_code,name,in_date,out_date,is_new,PC10,PC20,PC60
801010.SI,农林牧渔,801018.SI,动物保健Ⅱ,850181.SI,动物保健Ⅲ,600201.SH,生物股份,19980115,,Y,0.03438,0.02065,0.03284
801010.SI,农林牧渔,801018.SI,动物保健Ⅱ,850181.SI,动物保健Ⅲ,600195.SH,中牧股份,19990107,,Y,0.02928,0.03994,0.07822
801010.SI,农林牧渔,801018.SI,动物保健Ⅱ,850181.SI,动物保健Ⅲ,300119.SZ,瑞普生物,20100906,,Y,0.30748,0.28063,0.4239
801010.SI,农林牧渔,801018.SI,动物保健Ⅱ,850181.SI,动物保健Ⅲ,688526.SH,科前生物,20200909,,Y,0.10232,0.08655,0.13105
