l1_code,l1_name,l2_code,l2_name,l3_code,l3_name,ts_code,name,in_date,out_date,is_new,PC10,PC20,PC60
801120.SI,食品饮料,801129.SI,调味发酵品Ⅱ,851242.SI,调味发酵品Ⅲ,603317.SH,天味食品,20190404,,Y,0.06705,0.16811,0.4355
801120.SI,食品饮料,801129.SI,调味发酵品Ⅱ,851242.SI,调味发酵品Ⅲ,002507.SZ,涪陵榨菜,20210730,,Y,0.05724,0.06237,0.25348
801120.SI,食品饮料,801129.SI,调味发酵品Ⅱ,851242.SI,调味发酵品Ⅲ,600872.SH,中炬高新,19950124,,Y,0.03496,0.09504,0.22911
801120.SI,食品饮料,801129.SI,调味发酵品Ⅱ,851242.SI,调味发酵品Ⅲ,603288.SH,海天味业,20140122,,Y,0.0348,-0.02487,0.30344
801120.SI,食品饮料,801129.SI,调味发酵品Ⅱ,851242.SI,调味发酵品Ⅲ,600298.SH,安琪酵母,20210730,,Y,0.04728,0.02102,0.28537
801120.SI,食品饮料,801129.SI,调味发酵品Ⅱ,851242.SI,调味发酵品Ⅲ,603027.SH,千禾味业,20160304,,Y,0.00392,-0.01005,-0.07246
801120.SI,食品饮料,801129.SI,调味发酵品Ⅱ,851242.SI,调味发酵品Ⅲ,600305.SH,恒顺醋业,20010206,,Y,0.03439,0.0201,0.12
801120.SI,食品饮料,801129.SI,调味发酵品Ⅱ,851242.SI,调味发酵品Ⅲ,600186.SH,莲花控股,19980825,,Y,0.09813,0.26344,0.43293
