l1_code,l1_name,l2_code,l2_name,l3_code,l3_name,ts_code,name,in_date,out_date,is_new,PC10,PC20,PC60
801130.SI,纺织服饰,801133.SI,饰品,851331.SI,钟表珠宝,600612.SH,老凤祥,19920814,,Y,-0.13426,-0.1604,-0.01628
801130.SI,纺织服饰,801133.SI,饰品,851331.SI,钟表珠宝,002867.SZ,周大生,20170419,,Y,-0.0401,-0.02462,0.03607
801130.SI,纺织服饰,801133.SI,饰品,851331.SI,钟表珠宝,600916.SH,中国黄金,20210125,,Y,-0.01528,0.03204,0.0344
801130.SI,纺织服饰,801133.SI,饰品,851331.SI,钟表珠宝,605599.SH,菜百股份,20210820,,Y,0.0093,-0.01004,-0.01274
