l1_code,l1_name,l2_code,l2_name,l3_code,l3_name,ts_code,name,in_date,out_date,is_new
801750.SI,计算机,801103.SI,IT服务Ⅱ,852226.SI,IT服务Ⅲ,688327.SH,云从科技-UW,20220429,,Y
801750.SI,计算机,801103.SI,IT服务Ⅱ,852226.SI,IT服务Ⅲ,301316.SZ,慧博云通,20220916,,Y
801750.SI,计算机,801103.SI,IT服务Ⅱ,852226.SI,IT服务Ⅲ,300017.SZ,网宿科技,20091012,,Y
801750.SI,计算机,801103.SI,IT服务Ⅱ,852226.SI,IT服务Ⅲ,301236.SZ,软通动力,20220225,,Y
801750.SI,计算机,801103.SI,IT服务Ⅱ,852226.SI,IT服务Ⅲ,600845.SH,宝信软件,20020430,,Y
801750.SI,计算机,801103.SI,IT服务Ⅱ,852226.SI,IT服务Ⅲ,600728.SH,佳都科技,20000901,,Y
801750.SI,计算机,801103.SI,IT服务Ⅱ,852226.SI,IT服务Ⅲ,002421.SZ,达实智能,20100520,,Y
801750.SI,计算机,801103.SI,IT服务Ⅱ,852226.SI,IT服务Ⅲ,300287.SZ,飞利信,20120116,,Y
801750.SI,计算机,801103.SI,IT服务Ⅱ,852226.SI,IT服务Ⅲ,603171.SH,税友股份,20210615,,Y
801750.SI,计算机,801103.SI,IT服务Ⅱ,852226.SI,IT服务Ⅲ,688158.SH,优刻得-W,20200106,,Y
801750.SI,计算机,801103.SI,IT服务Ⅱ,852226.SI,IT服务Ⅲ,600571.SH,信雅达,20021031,,Y
801750.SI,计算机,801103.SI,IT服务Ⅱ,852226.SI,IT服务Ⅲ,002195.SZ,岩山科技,20071211,,Y
801750.SI,计算机,801103.SI,IT服务Ⅱ,852226.SI,IT服务Ⅲ,600446.SH,金证股份,20031219,,Y
801750.SI,计算机,801103.SI,IT服务Ⅱ,852226.SI,IT服务Ⅲ,002657.SZ,中科金财,20120220,,Y
801750.SI,计算机,801103.SI,IT服务Ⅱ,852226.SI,IT服务Ⅲ,600225.SH,卓朗科技,20220729,,Y
801750.SI,计算机,801103.SI,IT服务Ⅱ,852226.SI,IT服务Ⅲ,300895.SZ,铜牛信息,20200909,,Y
801750.SI,计算机,801103.SI,IT服务Ⅱ,852226.SI,IT服务Ⅲ,600756.SH,浪潮软件,20010831,,Y
801750.SI,计算机,801103.SI,IT服务Ⅱ,852226.SI,IT服务Ⅲ,002065.SZ,东华软件,20060808,,Y
801750.SI,计算机,801103.SI,IT服务Ⅱ,852226.SI,IT服务Ⅲ,002373.SZ,千方科技,20100301,,Y
801750.SI,计算机,801103.SI,IT服务Ⅱ,852226.SI,IT服务Ⅲ,300532.SZ,今天国际,20160804,,Y
801750.SI,计算机,801103.SI,IT服务Ⅱ,852226.SI,IT服务Ⅲ,002232.SZ,启明信息,20080417,,Y
801750.SI,计算机,801103.SI,IT服务Ⅱ,852226.SI,IT服务Ⅲ,688343.SH,云天励飞-U,20230317,,Y
801750.SI,计算机,801103.SI,IT服务Ⅱ,852226.SI,IT服务Ⅲ,688066.SH,航天宏图,20190711,,Y
801750.SI,计算机,801103.SI,IT服务Ⅱ,852226.SI,IT服务Ⅲ,300079.SZ,数码视讯,20100422,,Y
801750.SI,计算机,801103.SI,IT服务Ⅱ,852226.SI,IT服务Ⅲ,600410.SH,华胜天成,20040423,,Y
801750.SI,计算机,801103.SI,IT服务Ⅱ,852226.SI,IT服务Ⅲ,300687.SZ,赛意信息,20170726,,Y
801750.SI,计算机,801103.SI,IT服务Ⅱ,852226.SI,IT服务Ⅲ,688088.SH,虹软科技,20190708,,Y
801750.SI,计算机,801103.SI,IT服务Ⅱ,852226.SI,IT服务Ⅲ,002368.SZ,太极股份,20100222,,Y
801750.SI,计算机,801103.SI,IT服务Ⅱ,852226.SI,IT服务Ⅲ,300682.SZ,朗新集团,20170726,,Y
801750.SI,计算机,801103.SI,IT服务Ⅱ,852226.SI,IT服务Ⅲ,002530.SZ,金财互联,20210730,,Y
801750.SI,计算机,801103.SI,IT服务Ⅱ,852226.SI,IT服务Ⅲ,600718.SH,东软集团,19960618,,Y
801750.SI,计算机,801103.SI,IT服务Ⅱ,852226.SI,IT服务Ⅲ,002777.SZ,久远银海,20151231,,Y
801750.SI,计算机,801103.SI,IT服务Ⅱ,852226.SI,IT服务Ⅲ,600850.SH,电科数字,19940324,,Y
801750.SI,计算机,801103.SI,IT服务Ⅱ,852226.SI,IT服务Ⅲ,300339.SZ,润和软件,20120710,,Y
801750.SI,计算机,801103.SI,IT服务Ⅱ,852226.SI,IT服务Ⅲ,300212.SZ,易华录,20110425,,Y
801750.SI,计算机,801103.SI,IT服务Ⅱ,852226.SI,IT服务Ⅲ,600271.SH,航天信息,20030707,,Y
801750.SI,计算机,801103.SI,IT服务Ⅱ,852226.SI,IT服务Ⅲ,000158.SZ,常山北明,20170629,,Y
801750.SI,计算机,801103.SI,IT服务Ⅱ,852226.SI,IT服务Ⅲ,000938.SZ,紫光股份,19991104,,Y
801750.SI,计算机,801103.SI,IT服务Ⅱ,852226.SI,IT服务Ⅲ,002401.SZ,中远海科,20100505,,Y
801750.SI,计算机,801103.SI,IT服务Ⅱ,852226.SI,IT服务Ⅲ,603636.SH,南威软件,20140120,,Y
801750.SI,计算机,801103.SI,IT服务Ⅱ,852226.SI,IT服务Ⅲ,300166.SZ,东方国信,20110114,,Y
801750.SI,计算机,801103.SI,IT服务Ⅱ,852226.SI,IT服务Ⅲ,300168.SZ,万达信息,20110114,,Y
801750.SI,计算机,801103.SI,IT服务Ⅱ,852226.SI,IT服务Ⅲ,600131.SH,国网信通,20210730,,Y
801750.SI,计算机,801103.SI,IT服务Ⅱ,852226.SI,IT服务Ⅲ,300170.SZ,汉得信息,20110124,,Y
801750.SI,计算机,801103.SI,IT服务Ⅱ,852226.SI,IT服务Ⅲ,000555.SZ,神州信息,20090601,,Y
801750.SI,计算机,801103.SI,IT服务Ⅱ,852226.SI,IT服务Ⅲ,300271.SZ,华宇软件,20111010,,Y
801750.SI,计算机,801103.SI,IT服务Ⅱ,852226.SI,IT服务Ⅲ,688568.SH,中科星图,20200624,,Y
801750.SI,计算机,801103.SI,IT服务Ⅱ,852226.SI,IT服务Ⅲ,000034.SZ,神州数码,19931018,,Y
801750.SI,计算机,801103.SI,IT服务Ⅱ,852226.SI,IT服务Ⅲ,300290.SZ,荣科科技,20120208,,Y
801750.SI,计算机,801103.SI,IT服务Ⅱ,852226.SI,IT服务Ⅲ,300872.SZ,天阳科技,20200807,,Y
801750.SI,计算机,801103.SI,IT服务Ⅱ,852226.SI,IT服务Ⅲ,300634.SZ,彩讯股份,20180323,,Y
801750.SI,计算机,801103.SI,IT服务Ⅱ,852226.SI,IT服务Ⅲ,300523.SZ,辰安科技,20160718,,Y
801750.SI,计算机,801103.SI,IT服务Ⅱ,852226.SI,IT服务Ⅲ,300496.SZ,中科创达,20151210,,Y
801750.SI,计算机,801103.SI,IT服务Ⅱ,852226.SI,IT服务Ⅲ,300674.SZ,宇信科技,20181030,,Y
801750.SI,计算机,801103.SI,IT服务Ⅱ,852226.SI,IT服务Ⅲ,300678.SZ,中科信息,20170712,,Y
801750.SI,计算机,801103.SI,IT服务Ⅱ,852226.SI,IT服务Ⅲ,603887.SH,城地香江,20210730,,Y
801750.SI,计算机,801103.SI,IT服务Ⅱ,852226.SI,IT服务Ⅲ,002649.SZ,博彦科技,20111226,,Y
801750.SI,计算机,801103.SI,IT服务Ⅱ,852226.SI,IT服务Ⅲ,600536.SH,中国软件,20020508,,Y
801750.SI,计算机,801103.SI,IT服务Ⅱ,852226.SI,IT服务Ⅲ,600797.SH,浙大网新,19970325,,Y
801750.SI,计算机,801103.SI,IT服务Ⅱ,852226.SI,IT服务Ⅲ,600589.SH,广东榕泰,20240723,,Y
801750.SI,计算机,801103.SI,IT服务Ⅱ,852226.SI,IT服务Ⅲ,000815.SZ,美利云,20240730,,Y
