l1_code,l1_name,l2_code,l2_name,l3_code,l3_name,ts_code,name,in_date,out_date,is_new
801980.SI,美容护理,801981.SI,个护用品,859812.SI,洗护用品,000523.SZ,红棉股份,19931108,,Y
801980.SI,美容护理,801981.SI,个护用品,859811.SI,生活用纸,002511.SZ,中顺洁柔,20100115,,Y
801980.SI,美容护理,801981.SI,个护用品,859811.SI,生活用纸,003006.SZ,百亚股份,20200904,,Y
801980.SI,美容护理,801981.SI,个护用品,859811.SI,生活用纸,605009.SH,豪悦护理,20200831,,Y
801980.SI,美容护理,801981.SI,个护用品,859811.SI,生活用纸,300888.SZ,稳健医疗,20210730,,Y
