l1_code,l1_name,l2_code,l2_name,l3_code,l3_name,ts_code,name,in_date,out_date,is_new
801880.SI,汽车,801096.SI,商用车,850912.SI,商用载货车,000800.SZ,一汽解放,19970618,,Y
801880.SI,汽车,801096.SI,商用车,850912.SI,商用载货车,600418.SH,江淮汽车,20170629,,Y
801880.SI,汽车,801096.SI,商用车,850912.SI,商用载货车,000951.SZ,中国重汽,19991125,,Y
801880.SI,汽车,801096.SI,商用车,850913.SI,商用载客车,000957.SZ,中通客车,20000113,,Y
801880.SI,汽车,801096.SI,商用车,850912.SI,商用载货车,000550.SZ,江铃汽车,19931201,,Y
801880.SI,汽车,801096.SI,商用车,850913.SI,商用载客车,600066.SH,宇通客车,19970508,,Y
801880.SI,汽车,801096.SI,商用车,850912.SI,商用载货车,600006.SH,东风股份,19990727,,Y
801880.SI,汽车,801096.SI,商用车,850912.SI,商用载货车,600166.SH,福田汽车,19980602,,Y
801880.SI,汽车,801096.SI,商用车,850912.SI,商用载货车,301039.SZ,中集车辆,20210630,,Y
801880.SI,汽车,801096.SI,商用车,850913.SI,商用载客车,600686.SH,金龙汽车,19931108,,Y
