l1_code,l1_name,l2_code,l2_name,l3_code,l3_name,ts_code,name,in_date,out_date,is_new
801210.SI,社会服务,801993.SI,旅游及景区,852111.SI,人工景区,002059.SZ,云南旅游,20210730,,Y
801210.SI,社会服务,801993.SI,旅游及景区,852112.SI,自然景区,600054.SH,黄山旅游,20050701,,Y
801210.SI,社会服务,801993.SI,旅游及景区,852112.SI,自然景区,603099.SH,长白山,20140207,,Y
801210.SI,社会服务,801993.SI,旅游及景区,852112.SI,自然景区,000888.SZ,峨眉山A,19971021,,Y
801210.SI,社会服务,801993.SI,旅游及景区,852111.SI,人工景区,600138.SH,中青旅,20210730,,Y
801210.SI,社会服务,801993.SI,旅游及景区,852112.SI,自然景区,300859.SZ,西域旅游,20200722,,Y
801210.SI,社会服务,801993.SI,旅游及景区,852131.SI,旅游综合,000524.SZ,岭南控股,20180713,,Y
801210.SI,社会服务,801993.SI,旅游及景区,852131.SI,旅游综合,002707.SZ,众信旅游,20140108,,Y
801210.SI,社会服务,801993.SI,旅游及景区,852111.SI,人工景区,300144.SZ,宋城演艺,20100129,,Y
