l1_code,l1_name,l2_code,l2_name,l3_code,l3_name,ts_code,name,in_date,out_date,is_new
801030.SI,基础化工,801037.SI,橡胶,850363.SI,炭黑,002068.SZ,黑猫股份,20060915,,Y
801030.SI,基础化工,801037.SI,橡胶,850362.SI,其他橡胶制品,603033.SH,三维股份,20161201,,Y
801030.SI,基础化工,801037.SI,橡胶,850363.SI,炭黑,605183.SH,确成股份,20201125,,Y
801030.SI,基础化工,801037.SI,橡胶,850364.SI,橡胶助剂,603650.SH,彤程新材,20210730,,Y
801030.SI,基础化工,801037.SI,橡胶,850362.SI,其他橡胶制品,300320.SZ,海达股份,20120130,,Y
