l1_code,l1_name,l2_code,l2_name,l3_code,l3_name,ts_code,name,in_date,out_date,is_new
801960.SI,石油石化,801962.SI,油服工程,859622.SI,油气及炼化工程,600583.SH,海油工程,20020205,,Y
801960.SI,石油石化,801962.SI,油服工程,859621.SI,油田服务,601808.SH,中海油服,20070927,,Y
801960.SI,石油石化,801962.SI,油服工程,859621.SI,油田服务,603619.SH,中曼石油,20170807,,Y
801960.SI,石油石化,801962.SI,油服工程,859621.SI,油田服务,600968.SH,海油发展,20190614,,Y
801960.SI,石油石化,801962.SI,油服工程,859621.SI,油田服务,600871.SH,石化油服,20150701,,Y
801960.SI,石油石化,801962.SI,油服工程,859622.SI,油气及炼化工程,600339.SH,中油工程,20170629,,Y
