l1_code,l1_name,l2_code,l2_name,l3_code,l3_name,ts_code,name,in_date,out_date,is_new
801970.SI,环保,801972.SI,环保设备Ⅱ,859721.SI,环保设备Ⅲ,000967.SZ,盈峰环境,20000328,,Y
801970.SI,环保,801972.SI,环保设备Ⅱ,859721.SI,环保设备Ⅲ,300203.SZ,聚光科技,20220729,,Y
801970.SI,环保,801972.SI,环保设备Ⅱ,859721.SI,环保设备Ⅲ,000551.SZ,创元科技,20150701,,Y
801970.SI,环保,801972.SI,环保设备Ⅱ,859721.SI,环保设备Ⅲ,603279.SH,景津装备,20190711,,Y
801970.SI,环保,801972.SI,环保设备Ⅱ,859721.SI,环保设备Ⅲ,301030.SZ,仕净科技,20210705,,Y
801970.SI,环保,801972.SI,环保设备Ⅱ,859721.SI,环保设备Ⅲ,600388.SH,龙净环保,20220729,,Y
801970.SI,环保,801972.SI,环保设备Ⅱ,859721.SI,环保设备Ⅲ,600817.SH,宇通重工,20220729,,Y
801970.SI,环保,801972.SI,环保设备Ⅱ,859721.SI,环保设备Ⅲ,300210.SZ,森远股份,20210730,,Y
