l1_code,l1_name,l2_code,l2_name,l3_code,l3_name,ts_code,name,in_date,out_date,is_new
801010.SI,农林牧渔,801016.SI,种植业,850111.SI,种子,000998.SZ,隆平高科,20000629,,Y
801010.SI,农林牧渔,801016.SI,种植业,850113.SI,其他种植业,600108.SH,亚盛集团,19970818,,Y
801010.SI,农林牧渔,801016.SI,种植业,850111.SI,种子,002041.SZ,登海种业,20050324,,Y
801010.SI,农林牧渔,801016.SI,种植业,850111.SI,种子,300087.SZ,荃银高科,20100112,,Y
801010.SI,农林牧渔,801016.SI,种植业,850112.SI,粮食种植,600598.SH,北大荒,20110110,,Y
801010.SI,农林牧渔,801016.SI,种植业,850113.SI,其他种植业,601118.SH,海南橡胶,20100128,,Y
801010.SI,农林牧渔,801016.SI,种植业,850112.SI,粮食种植,601952.SH,苏垦农发,20170504,,Y
801010.SI,农林牧渔,801016.SI,种植业,850111.SI,种子,600313.SH,农发种业,20110110,,Y
801010.SI,农林牧渔,801016.SI,种植业,850114.SI,食用菌,300972.SZ,万辰集团,20210730,,Y
