l1_code,l1_name,l2_code,l2_name,l3_code,l3_name,ts_code,name,in_date,out_date,is_new
801230.SI,综合,801231.SI,综合Ⅱ,852311.SI,综合Ⅲ,600770.SH,综艺股份,19961120,,Y
801230.SI,综合,801231.SI,综合Ⅱ,852311.SI,综合Ⅲ,000652.SZ,泰达股份,20060901,,Y
801230.SI,综合,801231.SI,综合Ⅱ,852311.SI,综合Ⅲ,600881.SH,亚泰集团,20210730,,Y
801230.SI,综合,801231.SI,综合Ⅱ,852311.SI,综合Ⅲ,000025.SZ,特力A,20230704,,Y
801230.SI,综合,801231.SI,综合Ⅱ,852311.SI,综合Ⅲ,600673.SH,东阳光,20230704,,Y
801230.SI,综合,801231.SI,综合Ⅱ,852311.SI,综合Ⅲ,600682.SH,南京新百,20230704,,Y
801230.SI,综合,801231.SI,综合Ⅱ,852311.SI,综合Ⅲ,000523.SZ,红棉股份,20240730,,Y
