l1_code,l1_name,l2_code,l2_name,l3_code,l3_name,ts_code,name,in_date,out_date,is_new
801720.SI,建筑装饰,801722.SI,装修装饰Ⅱ,857221.SI,装修装饰Ⅲ,002081.SZ,金螳螂,20061120,,Y
801720.SI,建筑装饰,801722.SI,装修装饰Ⅱ,857221.SI,装修装饰Ⅲ,002482.SZ,广田集团,20100908,,Y
801720.SI,建筑装饰,801722.SI,装修装饰Ⅱ,857221.SI,装修装饰Ⅲ,002375.SZ,亚厦股份,20100305,,Y
801720.SI,建筑装饰,801722.SI,装修装饰Ⅱ,857221.SI,装修装饰Ⅲ,601886.SH,江河集团,20110809,,Y
801720.SI,建筑装饰,801722.SI,装修装饰Ⅱ,857221.SI,装修装饰Ⅲ,002163.SZ,海南发展,20220729,,Y
