l1_code,l1_name,l2_code,l2_name,l3_code,l3_name,ts_code,name,in_date,out_date,is_new
801200.SI,商贸零售,801202.SI,贸易Ⅱ,852021.SI,贸易Ⅲ,600710.SH,苏美达,19960701,,Y
801200.SI,商贸零售,801202.SI,贸易Ⅱ,852021.SI,贸易Ⅲ,600278.SH,东方创业,20000712,,Y
801200.SI,商贸零售,801202.SI,贸易Ⅱ,852021.SI,贸易Ⅲ,600058.SH,五矿发展,19970528,,Y
801200.SI,商贸零售,801202.SI,贸易Ⅱ,852021.SI,贸易Ⅲ,600981.SH,汇鸿集团,20040628,,Y
801200.SI,商贸零售,801202.SI,贸易Ⅱ,852021.SI,贸易Ⅲ,002091.SZ,江苏国泰,20070702,,Y
801200.SI,商贸零售,801202.SI,贸易Ⅱ,852021.SI,贸易Ⅲ,600811.SH,东方集团,20220729,,Y
801200.SI,商贸零售,801202.SI,贸易Ⅱ,852021.SI,贸易Ⅲ,601028.SH,玉龙股份,20210916,,Y
801200.SI,商贸零售,801202.SI,贸易Ⅱ,852021.SI,贸易Ⅲ,002183.SZ,怡亚通,20240730,,Y
