l1_code,l1_name,l2_code,l2_name,l3_code,l3_name,ts_code,name,in_date,out_date,is_new
801030.SI,基础化工,801039.SI,非金属材料Ⅱ,850523.SI,非金属材料Ⅲ,603826.SH,坤彩科技,20170405,,Y
801030.SI,基础化工,801039.SI,非金属材料Ⅱ,850523.SI,非金属材料Ⅲ,301071.SZ,力量钻石,20211213,,Y
801030.SI,基础化工,801039.SI,非金属材料Ⅱ,850523.SI,非金属材料Ⅲ,688300.SH,联瑞新材,20191101,,Y
801030.SI,基础化工,801039.SI,非金属材料Ⅱ,850523.SI,非金属材料Ⅲ,603688.SH,石英股份,20140108,,Y
801030.SI,基础化工,801039.SI,非金属材料Ⅱ,850523.SI,非金属材料Ⅲ,603612.SH,索通发展,20170712,,Y
