l1_code,l1_name,l2_code,l2_name,l3_code,l3_name,ts_code,name,in_date,out_date,is_new
801010.SI,农林牧渔,801014.SI,饲料,850142.SI,畜禽饲料,002385.SZ,大北农,20100129,,Y
801010.SI,农林牧渔,801014.SI,饲料,850142.SI,畜禽饲料,002100.SZ,天康生物,20150701,,Y
801010.SI,农林牧渔,801014.SI,饲料,850143.SI,水产饲料,603668.SH,天马科技,20161201,,Y
801010.SI,农林牧渔,801014.SI,饲料,850144.SI,宠物食品,002891.SZ,中宠股份,20170825,,Y
801010.SI,农林牧渔,801014.SI,饲料,850142.SI,畜禽饲料,603609.SH,禾丰股份,20140207,,Y
801010.SI,农林牧渔,801014.SI,饲料,850144.SI,宠物食品,301498.SZ,乖宝宠物,20230731,,Y
801010.SI,农林牧渔,801014.SI,饲料,850142.SI,畜禽饲料,002567.SZ,唐人神,20110117,,Y
801010.SI,农林牧渔,801014.SI,饲料,850143.SI,水产饲料,002311.SZ,海大集团,20090112,,Y
