ts_code,name
688443.SH,智翔金泰
688062.SH,迈威生物
688212.SH,澳华内镜
688351.SH,微电生理
002850.SZ,科达利
688563.SH,航材股份
603193.SH,润本股份
688082.SH,盛美上海
688331.SH,荣昌生物
605296.SH,神农集团
688658.SH,悦康药业
301498.SZ,乖宝宠物
688281.SH,华秦科技
300347.SZ,泰格医药
300705.SZ,九典制药
688072.SH,拓荆科技
688652.SH,京仪装备
688766.SH,普冉股份
688223.SH,晶科能源
688120.SH,华海清科
603296.SH,华勤技术
688628.SH,优利德
300633.SZ,开立医疗
300502.SZ,新易盛
688239.SH,航宇科技
688332.SH,中科蓝讯
688349.SH,三一重能
301061.SZ,匠心家居
300661.SZ,圣邦股份
001301.SZ,尚太科技
688099.SH,晶晨股份
688506.SH,百利天恒
688041.SH,海光信息
688336.SH,三生国健
301015.SZ,百洋医药
688012.SH,中微公司
002273.SZ,水晶光电
688981.SH,中芯国际
301035.SZ,润丰股份
603097.SH,江苏华辰
688692.SH,达梦数据
688187.SH,时代电气
688197.SH,首药控股
688235.SH,百济神州
688279.SH,峰岹科技
300855.SZ,图南股份
002541.SZ,鸿路钢构
688114.SH,华大智造
300037.SZ,新宙邦
688008.SH,澜起科技
000528.SZ,柳工
301345.SZ,涛涛车业
689009.SH,九号公司
688232.SH,新点软件
688192.SH,迪哲医药
688702.SH,盛科通信
300395.SZ,菲利华
300181.SZ,佐力药业
688548.SH,广钢气体
688337.SH,普源精电
301327.SZ,华宝新能
688220.SH,翱捷科技
002840.SZ,华统股份
300274.SZ,阳光电源
301363.SZ,美好医疗
688253.SH,英诺特
002463.SZ,沪电股份
605368.SH,蓝天燃气
603477.SH,巨星农牧
688617.SH,惠泰医疗
688428.SH,诺诚健华
688789.SH,宏华数科
603986.SH,兆易创新
300285.SZ,国瓷材料
688169.SH,石头科技
301589.SZ,诺瓦星云
002832.SZ,比音勒芬
688303.SH,大全能源
300049.SZ,福瑞股份
000526.SZ,学大教育
301358.SZ,湖南裕能
688426.SH,康为世纪
300354.SZ,东华测试
003000.SZ,劲仔食品
688596.SH,正帆科技
300567.SZ,精测电子
300218.SZ,安利股份
688630.SH,芯碁微装
300308.SZ,中际旭创
688052.SH,纳芯微
688502.SH,茂莱光学
688776.SH,国光电气
688153.SH,唯捷创芯
688266.SH,泽璟制药
300298.SZ,三诺生物
002025.SZ,航天电器
600729.SH,重庆百货
603998.SH,方盛制药
300454.SZ,深信服
688050.SH,爱博医疗
301030.SZ,仕净科技
601058.SH,赛轮轮胎
603325.SH,博隆技术
605289.SH,罗曼股份
688019.SH,安集科技
688798.SH,艾为电子
688498.SH,源杰科技
002653.SZ,海思科
688639.SH,华恒生物
688112.SH,鼎阳科技
834058.BJ,华洋赛车
002422.SZ,科伦药业
301257.SZ,普蕊斯
600285.SH,羚锐制药
301031.SZ,中熔电气
688270.SH,臻镭科技
688608.SH,恒玄科技
605266.SH,健之佳
688390.SH,固德威
688378.SH,奥来德
600941.SH,中国移动
300818.SZ,耐普矿机
688076.SH,诺泰生物
002922.SZ,伊戈尔
300014.SZ,亿纬锂能
002028.SZ,思源电气
688627.SH,精智达
000403.SZ,派林生物
300628.SZ,亿联网络
603596.SH,伯特利
688385.SH,复旦微电
603129.SH,春风动力
600426.SH,华鲁恒升
688293.SH,奥浦迈
600060.SH,海信视像
002567.SZ,唐人神
688612.SH,威迈斯
688408.SH,中信博
002149.SZ,西部材料
002884.SZ,凌霄泵业
301349.SZ,信德新材
002138.SZ,顺络电子
688037.SH,芯源微
300677.SZ,英科医疗
688183.SH,生益电子
300910.SZ,瑞丰新材
688409.SH,富创精密
300604.SZ,长川科技
002223.SZ,鱼跃医疗
301413.SZ,安培龙
605555.SH,德昌股份
688376.SH,美埃科技
300442.SZ,润泽科技
300679.SZ,电连技术
603179.SH,新泉股份
300476.SZ,胜宏科技
688256.SH,寒武纪
833394.BJ,民士达
301096.SZ,百诚医药
301188.SZ,力诺特玻
688213.SH,思特威
000596.SZ,古井贡酒
688122.SH,西部超导
600975.SH,新五丰
002727.SZ,一心堂
301187.SZ,欧圣电气
301068.SZ,大地海洋
688333.SH,铂力特
000423.SZ,东阿阿胶
603997.SH,继峰股份
688226.SH,威腾电气
300002.SZ,神州泰岳
603801.SH,志邦家居
300759.SZ,康龙化成
688002.SH,睿创微纳
688083.SH,中望软件
833533.BJ,骏创科技
688301.SH,奕瑞科技
600559.SH,老白干酒
300811.SZ,铂科新材
000933.SZ,神火股份
688377.SH,迪威尔
002709.SZ,天赐材料
600325.SH,华发股份
000680.SZ,山推股份
688525.SH,佰维存储
600584.SH,长电科技
300782.SZ,卓胜微
002003.SZ,伟星股份
001328.SZ,登康口腔
601033.SH,永兴股份
688361.SH,中科飞测
605305.SH,中际联合
688687.SH,凯因科技
300662.SZ,科锐国际
301269.SZ,华大九天
601156.SH,东航物流
600422.SH,昆药集团
603283.SH,赛腾股份
300763.SZ,锦浪科技
300394.SZ,天孚通信
688032.SH,禾迈股份
300573.SZ,兴齐眼药
002444.SZ,巨星科技
688536.SH,思瑞浦
300017.SZ,网宿科技
688210.SH,统联精密
300593.SZ,新雷能
603259.SH,药明康德
603606.SH,东方电缆
002833.SZ,弘亚数控
300482.SZ,万孚生物
300751.SZ,迈为股份
688676.SH,金盘科技
600993.SH,马应龙
002126.SZ,银轮股份
002517.SZ,恺英网络
002384.SZ,东山精密
688382.SH,益方生物
002332.SZ,仙琚制药
002327.SZ,富安娜
600761.SH,安徽合力
000975.SZ,山金国际
688046.SH,药康生物
301087.SZ,可孚医疗
002262.SZ,恩华药业
002180.SZ,纳思达
688728.SH,格科微
002984.SZ,森麒麟
002155.SZ,湖南黄金
688141.SH,杰华特
002756.SZ,永兴材料
603035.SH,常熟汽饰
600529.SH,山东药玻
688363.SH,华熙生物
002452.SZ,长高电新
002353.SZ,杰瑞股份
301280.SZ,珠城科技
300415.SZ,伊之密
688677.SH,海泰新光
600461.SH,洪城环境
688691.SH,灿芯股份
301459.SZ,丰茂股份
603279.SH,景津装备
688023.SH,安恒信息
688598.SH,金博股份
688123.SH,聚辰股份
300054.SZ,鼎龙股份
603507.SH,振江股份
300529.SZ,健帆生物
002100.SZ,天康生物
603383.SH,顶点软件
603199.SH,九华旅游
603173.SH,福斯达
300833.SZ,浩洋股份
688599.SH,天合光能
002371.SZ,北方华创
600079.SH,人福医药
688621.SH,阳光诺和
832651.BJ,天罡股份
600522.SH,中天科技
430418.BJ,苏轴股份
301033.SZ,迈普医学
688521.SH,芯原股份
002409.SZ,雅克科技
001215.SZ,千味央厨
002568.SZ,百润股份
688606.SH,奥泰生物
002821.SZ,凯莱英
603816.SH,顾家家居
688777.SH,中控技术
000568.SZ,泸州老窖
300012.SZ,华测检测
688582.SH,芯动联科
688575.SH,亚辉龙
600114.SH,东睦股份
600976.SH,健民集团
300487.SZ,蓝晓科技
301122.SZ,采纳股份
002991.SZ,甘源食品
300577.SZ,开润股份
002475.SZ,立讯精密
000733.SZ,振华科技
301261.SZ,恒工精密
600861.SH,北京人力
002179.SZ,中航光电
600399.SH,抚顺特钢
002940.SZ,昂利康
301239.SZ,普瑞眼科
002154.SZ,报喜鸟
603882.SH,金域医学
002318.SZ,久立特材
600129.SH,太极集团
001283.SZ,豪鹏科技
688190.SH,云路股份
300122.SZ,智飞生物
688486.SH,龙迅股份
300253.SZ,卫宁健康
300832.SZ,新产业
600988.SH,赤峰黄金
002410.SZ,广联达
688488.SH,艾迪药业
301179.SZ,泽宇智能
002048.SZ,宁波华翔
601028.SH,玉龙股份
688126.SH,沪硅产业
688234.SH,天岳先进
300286.SZ,安科瑞
600765.SH,中航重机
000425.SZ,徐工机械
002790.SZ,瑞尔特
002572.SZ,索菲亚
688005.SH,容百科技
688273.SH,麦澜德
603100.SH,川仪股份
002043.SZ,兔宝宝
600763.SH,通策医疗
300360.SZ,炬华科技
002078.SZ,太阳纸业
601899.SH,紫金矿业
835179.BJ,凯德石英
300498.SZ,温氏股份
002738.SZ,中矿资源
603181.SH,皇马科技
300142.SZ,沃森生物
300260.SZ,新莱应材
601567.SH,三星医疗
688117.SH,圣诺生物
603369.SH,今世缘
601918.SH,新集能源
837242.BJ,建邦科技
603885.SH,吉祥航空
688257.SH,新锐股份
000400.SZ,许继电气
300203.SZ,聚光科技
000338.SZ,潍柴动力
605166.SH,聚合顺
001332.SZ,锡装股份
300761.SZ,立华股份
301160.SZ,翔楼新材
002928.SZ,华夏航空
688271.SH,联影医疗
605090.SH,九丰能源
605117.SH,德业股份
300396.SZ,迪瑞医疗
688475.SH,萤石网络
300896.SZ,爱美客
002487.SZ,大金重工
603345.SH,安井食品
600862.SH,中航高科
688095.SH,福昕软件
688111.SH,金山办公
688107.SH,安路科技
301367.SZ,怡和嘉业
688084.SH,晶品特装
300858.SZ,科拓生物
688200.SH,华峰测控
003006.SZ,百亚股份
688772.SH,珠海冠宇
603009.SH,北特科技
600938.SH,中国海油
300408.SZ,三环集团
301004.SZ,嘉益股份
002533.SZ,金杯电工
301291.SZ,明阳电气
301308.SZ,江波龙
000860.SZ,顺鑫农业
603558.SH,健盛集团
002068.SZ,黑猫股份
600486.SH,扬农化工
002027.SZ,分众传媒
603712.SH,七一二
300575.SZ,中旗股份
600961.SH,株冶集团
002937.SZ,兴瑞科技
603659.SH,璞泰来
002150.SZ,通润装备
688389.SH,普门科技
002831.SZ,裕同科技
300294.SZ,博雅生物
603713.SH,密尔克卫
301227.SZ,森鹰窗业
600563.SH,法拉电子
300124.SZ,汇川技术
601128.SH,常熟银行
688372.SH,伟测科技
688087.SH,英科再生
002472.SZ,双环传动
300750.SZ,宁德时代
300470.SZ,中密控股
000100.SZ,TCL科技
300724.SZ,捷佳伟创
688244.SH,永信至诚
600487.SH,亨通光电
688552.SH,航天南湖
002311.SZ,海大集团
300003.SZ,乐普医疗
600690.SH,海尔智家
603338.SH,浙江鼎力
603518.SH,锦泓集团
301012.SZ,扬电科技
300059.SZ,东方财富
600276.SH,恒瑞医药
603209.SH,兴通股份
300416.SZ,苏试试验
688180.SH,君实生物
601799.SH,星宇股份
300223.SZ,北京君正
688297.SH,中无人机
688507.SH,索辰科技
300496.SZ,中科创达
600161.SH,天坛生物
002432.SZ,九安医疗
300196.SZ,长海股份
603063.SH,禾望电气
688543.SH,国科军工
300161.SZ,华中数控
002050.SZ,三花智控
002532.SZ,天山铝业
600873.SH,梅花生物
300760.SZ,迈瑞医疗
301333.SZ,诺思格
688236.SH,春立医疗
300207.SZ,欣旺达
002011.SZ,盾安环境
603308.SH,应流股份
688029.SH,南微医学
300795.SZ,米奥会展
002947.SZ,恒铭达
688347.SH,华虹公司
688110.SH,东芯股份
688503.SH,聚和材料
603855.SH,华荣股份
603678.SH,火炬电子
601059.SH,信达证券
600809.SH,山西汾酒
605098.SH,行动教育
601233.SH,桐昆股份
601001.SH,晋控煤业
000683.SZ,远兴能源
000521.SZ,长虹美菱
300193.SZ,佳士科技
603208.SH,江山欧派
300776.SZ,帝尔激光
000028.SZ,国药一致
688516.SH,奥特维
688326.SH,经纬恒润
300087.SZ,荃银高科
603611.SH,诺力股份
600511.SH,国药股份
688036.SH,传音控股
600066.SH,宇通客车
300627.SZ,华测导航
300666.SZ,江丰电子
300568.SZ,星源材质
603871.SH,嘉友国际
300866.SZ,安克创新
002139.SZ,拓邦股份
002315.SZ,焦点科技
000661.SZ,长春高新
601126.SH,四方股份
000880.SZ,潍柴重机
002271.SZ,东方雨虹
300015.SZ,爱尔眼科
002920.SZ,德赛西威
603979.SH,金诚信
002351.SZ,漫步者
300699.SZ,光威复材
600489.SH,中金黄金
300969.SZ,恒帅股份
603599.SH,广信股份
688568.SH,中科星图
000543.SZ,皖能电力
000603.SZ,盛达资源
688302.SH,海创药业
603699.SH,纽威股份
002843.SZ,泰嘉股份
600479.SH,千金药业
688484.SH,南芯科技
603018.SH,华设集团
688369.SH,致远互联
688059.SH,华锐精密
600887.SH,伊利股份
688075.SH,安旭生物
000426.SZ,兴业银锡
603501.SH,韦尔股份
688352.SH,颀中科技
002459.SZ,晶澳科技
002851.SZ,麦格米特
600435.SH,北方导航
600755.SH,厦门国贸
688047.SH,龙芯中科
603799.SH,华友钴业
000999.SZ,华润三九
000552.SZ,甘肃能化
603456.SH,九洲药业
600048.SH,保利发展
688147.SH,微导纳米
603806.SH,福斯特
600782.SH,新钢股份
001914.SZ,招商积余
688800.SH,瑞可达
601021.SH,春秋航空
300693.SZ,盛弘股份
603236.SH,移远通信
300073.SZ,当升科技
001286.SZ,陕西能源
600026.SH,中远海能
688577.SH,浙海德曼
300775.SZ,三角防务
002049.SZ,紫光国微
002949.SZ,华阳国际
832982.BJ,锦波生物
605377.SH,华旺科技
688538.SH,和辉光电
300938.SZ,信测标准
002916.SZ,深南电路
688188.SH,柏楚电子
002322.SZ,理工能科
688049.SH,炬芯科技
688018.SH,乐鑫科技
002296.SZ,辉煌科技
600933.SH,爱柯迪
605196.SH,华通线缆
600901.SH,江苏金租
000921.SZ,海信家电
603899.SH,晨光股份
002847.SZ,盐津铺子
688143.SH,长盈通
002436.SZ,兴森科技
300973.SZ,立高食品
601717.SH,郑煤机
688717.SH,艾罗能源
871694.BJ,中裕科技
605589.SH,圣泉集团
605319.SH,无锡振华
002299.SZ,圣农发展
000807.SZ,云铝股份
688116.SH,天奈科技
688191.SH,智洋创新
688522.SH,纳睿雷达
688425.SH,铁建重工
688017.SH,绿的谐波
002812.SZ,恩捷股份
600660.SH,福耀玻璃
300035.SZ,中科电气
688501.SH,青达环保
300144.SZ,宋城演艺
600970.SH,中材国际
601838.SH,成都银行
603348.SH,文灿股份
300118.SZ,东方日升
002906.SZ,华阳集团
430047.BJ,诺思兰德
300251.SZ,光线传媒
688139.SH,海尔生物
300244.SZ,迪安诊断
300406.SZ,九强生物
001380.SZ,华纬科技
002801.SZ,微光股份
688300.SH,联瑞新材
300384.SZ,三联虹普
300151.SZ,昌红科技
001309.SZ,德明利
603901.SH,永创智能
688290.SH,景业智能
300685.SZ,艾德生物
301529.SZ,福赛科技
688031.SH,星环科技
688286.SH,敏芯股份
600150.SH,中国船舶
600971.SH,恒源煤电
688295.SH,中复神鹰
600323.SH,瀚蓝环境
603727.SH,博迈科
600985.SH,淮北矿业
002938.SZ,鹏鼎控股
688208.SH,道通科技
300034.SZ,钢研高纳
600587.SH,新华医疗
000682.SZ,东方电子
002182.SZ,宝武镁业
688063.SH,派能科技
002557.SZ,洽洽食品
603119.SH,浙江荣泰
603886.SH,元祖股份
688696.SH,极米科技
300733.SZ,西菱动力
002460.SZ,赣锋锂业
603198.SH,迎驾贡酒
002594.SZ,比亚迪
601333.SH,广深铁路
688085.SH,三友医疗
600750.SH,江中药业
002609.SZ,捷顺科技
000333.SZ,美的集团
600885.SH,宏发股份
600398.SH,海澜之家
300638.SZ,广和通
688401.SH,路维光电
605376.SH,博迁新材
300136.SZ,信维通信
300783.SZ,三只松鼠
002130.SZ,沃尔核材
688439.SH,振华风光
600546.SH,山煤国际
603368.SH,柳药集团
688373.SH,盟科药业
603309.SH,维力医疗
301073.SZ,君亭酒店
002044.SZ,美年健康
002837.SZ,英维克
300146.SZ,汤臣倍健
688108.SH,赛诺医疗
601689.SH,拓普集团
300413.SZ,芒果超媒
000888.SZ,峨眉山A
601865.SH,福莱特
603393.SH,新天然气
000726.SZ,鲁泰A
688518.SH,联赢激光
600258.SH,首旅酒店
600820.SH,隧道股份
601666.SH,平煤股份
688103.SH,国力股份
000915.SZ,华特达因
603995.SH,甬金股份
000811.SZ,冰轮环境
603187.SH,海容冷链
000738.SZ,航发控制
688283.SH,坤恒顺维
833429.BJ,康比特
688166.SH,博瑞医药
603197.SH,保隆科技
000630.SZ,铜陵有色
601168.SH,西部矿业
300033.SZ,同花顺
600030.SH,中信证券
688768.SH,容知日新
000600.SZ,建投能源
002465.SZ,海格通信
600600.SH,青岛啤酒
002252.SZ,上海莱士
688610.SH,埃科光电
600612.SH,老凤祥
600547.SH,山东黄金
300390.SZ,天华新能
300580.SZ,贝斯特
603337.SH,杰克股份
002595.SZ,豪迈科技
002035.SZ,华帝股份
600282.SH,南钢股份
002073.SZ,软控股份
688539.SH,高华科技
002241.SZ,歌尔股份
300806.SZ,斯迪克
688398.SH,赛特新材
603876.SH,鼎胜新材
603878.SH,武进不锈
002270.SZ,华明装备
000039.SZ,中集集团
002402.SZ,和而泰
603893.SH,瑞芯微
600031.SH,三一重工
601607.SH,上海医药
300737.SZ,科顺股份
688595.SH,芯海科技
600312.SH,平高电气
601975.SH,招商南油
603612.SH,索通发展
600183.SH,生益科技
301283.SZ,聚胶股份
601939.SH,建设银行
300893.SZ,松原股份
688416.SH,恒烁股份
688310.SH,迈得医疗
002555.SZ,三七互娱
600837.SH,海通证券
002123.SZ,梦网科技
300373.SZ,扬杰科技
603225.SH,新凤鸣
002714.SZ,牧原股份
688308.SH,欧科亿
600997.SH,开滦股份
002993.SZ,奥海科技
300418.SZ,昆仑万维
300450.SZ,先导智能
688700.SH,东威科技
601965.SH,中国汽研
600309.SH,万华化学
300320.SZ,海达股份
002317.SZ,众生药业
600894.SH,广日股份
300474.SZ,景嘉微
000951.SZ,中国重汽
600085.SH,同仁堂
601000.SH,唐山港
002380.SZ,科远智慧
002240.SZ,盛新锂能
688510.SH,航亚科技
688600.SH,皖仪科技
688720.SH,艾森股份
300559.SZ,佳发教育
002244.SZ,滨江集团
688246.SH,嘉和美康
600373.SH,中文传媒
688105.SH,诺唯赞
688767.SH,博拓生物
600685.SH,中船防务
605111.SH,新洁能
301080.SZ,百普赛斯
600872.SH,中炬高新
301393.SZ,昊帆生物
603667.SH,五洲新春
300009.SZ,安科生物
001308.SZ,康冠科技
603556.SH,海兴电力
301101.SZ,明月镜片
001979.SZ,招商蛇口
430476.BJ,海能技术
603589.SH,口子窖
603055.SH,台华新材
600197.SH,伊力特
301525.SZ,儒竞科技
603267.SH,鸿远电子
300001.SZ,特锐德
688125.SH,安达智能
000858.SZ,五粮液
600038.SH,中直股份
688073.SH,毕得医药
600057.SH,厦门象屿
600757.SH,长江传媒
002056.SZ,横店东磁
300986.SZ,志特新材
001323.SZ,慕思股份
600233.SH,圆通速递
301162.SZ,国能日新
688006.SH,杭可科技
301276.SZ,嘉曼服饰
603889.SH,新澳股份
300636.SZ,同和药业
301095.SZ,广立微
603237.SH,五芳斋
833075.BJ,柏星龙
002986.SZ,宇新股份
300919.SZ,中伟股份
601600.SH,中国铝业
603027.SH,千禾味业
002304.SZ,洋河股份
603896.SH,寿仙谷
002385.SZ,大北农
688396.SH,华润微
002281.SZ,光迅科技
000651.SZ,格力电器
001316.SZ,润贝航科
603707.SH,健友股份
832978.BJ,开特股份
600256.SH,广汇能源
300673.SZ,佩蒂股份
600416.SH,湘电股份
605020.SH,永和股份
605108.SH,同庆楼
600089.SH,特变电工
002749.SZ,国光股份
002531.SZ,天顺风能
300740.SZ,水羊股份
688217.SH,睿昂基因
603737.SH,三棵树
000887.SZ,中鼎股份
300558.SZ,贝达药业
000650.SZ,仁和药业
603300.SH,华铁应急
301520.SZ,万邦医药
600893.SH,航发动力
688556.SH,高测股份
002156.SZ,通富微电
688016.SH,心脉医疗
300357.SZ,我武生物
002230.SZ,科大讯飞
301108.SZ,洁雅股份
301093.SZ,华兰股份
603444.SH,吉比特
688312.SH,燕麦科技
000983.SZ,山西焦煤
688550.SH,瑞联新材
688553.SH,汇宇制药
300130.SZ,新国都
601077.SH,渝农商行
002706.SZ,良信股份
000768.SZ,中航西飞
601688.SH,华泰证券
688375.SH,国博电子
603867.SH,新化股份
605598.SH,上海港湾
688719.SH,爱科赛博
688631.SH,莱斯信息
002841.SZ,视源股份
002215.SZ,诺普信
000729.SZ,燕京啤酒
832491.BJ,奥迪威
603565.SH,中谷物流
688289.SH,圣湘生物
002466.SZ,天齐锂业
300601.SZ,康泰生物
300652.SZ,雷迪克
688025.SH,杰普特
300676.SZ,华大基因
300316.SZ,晶盛机电
300857.SZ,协创数据
603786.SH,科博达
002063.SZ,远光软件
300820.SZ,英杰电气
002407.SZ,多氟多
600760.SH,中航沈飞
002558.SZ,巨人网络
600027.SH,华电国际
600702.SH,舍得酒业
002780.SZ,三夫户外
000923.SZ,河钢资源
688071.SH,华依科技
002507.SZ,涪陵榨菜
688348.SH,昱能科技
000657.SZ,中钨高新
003028.SZ,振邦智能
600699.SH,均胜电子
300451.SZ,创业慧康
688157.SH,松井股份
600754.SH,锦江酒店
688106.SH,金宏气体
600801.SH,华新水泥
601728.SH,中国电信
300827.SZ,上能电气
601311.SH,骆驼股份
300791.SZ,仙乐健康
603301.SH,振德医疗
688561.SH,奇安信
600131.SH,国网信通
603681.SH,永冠新材
600123.SH,兰花科创
688698.SH,伟创电气
688472.SH,阿特斯
600132.SH,重庆啤酒
601702.SH,华峰铝业
600273.SH,嘉化能源
601872.SH,招商轮船
605088.SH,冠盛股份
002605.SZ,姚记科技
600557.SH,康缘药业
301362.SZ,民爆光电
000739.SZ,普洛药业
603993.SH,洛阳钼业
300433.SZ,蓝思科技
002120.SZ,韵达股份
688319.SH,欧林生物
301550.SZ,斯菱股份
688603.SH,天承科技
300687.SZ,赛意信息
000977.SZ,浪潮信息
603298.SH,杭叉集团
002648.SZ,卫星化学
600459.SH,贵研铂业
600301.SH,华锡有色
300383.SZ,光环新网
300999.SZ,金龙鱼
300856.SZ,科思股份
600062.SH,华润双鹤
603019.SH,中科曙光
002074.SZ,国轩高科
600395.SH,盘江股份
301207.SZ,华兰疫苗
600673.SH,东阳光
603728.SH,鸣志电器
600153.SH,建发股份
002508.SZ,老板电器
301039.SZ,中集车辆
603087.SH,甘李药业
000589.SZ,贵州轮胎
300853.SZ,申昊科技
000404.SZ,长虹华意
688697.SH,纽威数控
000932.SZ,华菱钢铁
688296.SH,和达科技
603057.SH,紫燕食品
688261.SH,东微半导
688048.SH,长光华芯
836239.BJ,长虹能源
603883.SH,老百姓
603323.SH,苏农银行
600420.SH,国药现代
688268.SH,华特气体
002007.SZ,华兰生物
002601.SZ,龙佰集团
601098.SH,中南传媒
601966.SH,玲珑轮胎
000063.SZ,中兴通讯
600521.SH,华海药业
300769.SZ,德方纳米
301045.SZ,天禄科技
600298.SH,安琪酵母
603151.SH,邦基科技
300101.SZ,振芯科技
603919.SH,金徽酒
300595.SZ,欧普康视
300996.SZ,普联软件
000513.SZ,丽珠集团
301171.SZ,易点天下
688403.SH,汇成股份
603228.SH,景旺电子
301486.SZ,致尚科技
000786.SZ,北新建材
688779.SH,五矿新能
002965.SZ,祥鑫科技
600694.SH,大商股份
605016.SH,百龙创园
301272.SZ,英华特
688629.SH,华丰科技
603613.SH,国联股份
603186.SH,华正新材
301155.SZ,海力风电
603588.SH,高能环境
688298.SH,东方生物
605033.SH,美邦股份
601318.SH,中国平安
002966.SZ,苏州银行
002746.SZ,仙坛股份
833171.BJ,国航远洋
688383.SH,新益昌
002236.SZ,大华股份
601339.SH,百隆东方
601615.SH,明阳智能
000725.SZ,京东方A
600195.SH,中牧股份
002340.SZ,格林美
688661.SH,和林微纳
301097.SZ,天益医疗
301117.SZ,佳缘科技
002791.SZ,坚朗五金
600549.SH,厦门钨业
688132.SH,邦彦技术
600879.SH,航天电子
603920.SH,世运电路
301267.SZ,华厦眼科
601117.SH,中国化学
601012.SH,隆基绿能
688515.SH,裕太微
300430.SZ,诚益通
830839.BJ,万通液压
831087.BJ,秋乐种业
688778.SH,厦钨新能
839493.BJ,并行科技
601985.SH,中国核电
002997.SZ,瑞鹄模具
002185.SZ,华天科技
002675.SZ,东诚药业
000830.SZ,鲁西化工
600926.SH,杭州银行
301106.SZ,骏成科技
001270.SZ,铖昌科技
002345.SZ,潮宏基
603307.SH,扬州金泉
000422.SZ,湖北宜化
000157.SZ,中联重科
601377.SH,兴业证券
603939.SH,益丰药房
002324.SZ,普利特
002439.SZ,启明星辰
832471.BJ,美邦科技
600845.SH,宝信软件
000762.SZ,西藏矿业
000035.SZ,中国天楹
000998.SZ,隆平高科
600418.SH,江淮汽车
002096.SZ,易普力
600570.SH,恒生电子
002737.SZ,葵花药业
301103.SZ,何氏眼科
601699.SH,潞安环能
001205.SZ,盛航股份
688357.SH,建龙微纳
600483.SH,福能股份
002739.SZ,万达电影
688625.SH,呈和科技
301236.SZ,软通动力
002930.SZ,宏川智慧
600160.SH,巨化股份
688065.SH,凯赛生物
688278.SH,特宝生物
000906.SZ,浙商中拓
688611.SH,杭州柯林
688088.SH,虹软科技
002615.SZ,哈尔斯
002646.SZ,天佑德酒
688508.SH,芯朋微
600266.SH,城建发展
603605.SH,珀莱雅
002192.SZ,融捷股份
688248.SH,南网科技
600585.SH,海螺水泥
605333.SH,沪光股份
600201.SH,生物股份
001228.SZ,永泰运
000002.SZ,万科A
603201.SH,常润股份
002853.SZ,皮阿诺
603590.SH,康辰药业
601208.SH,东材科技
300900.SZ,广联航空
603239.SH,浙江仙通
600199.SH,金种子酒
002389.SZ,航天彩虹
603127.SH,昭衍新药
003020.SZ,立方制药
002129.SZ,TCL中环
600155.SH,华创云信
002128.SZ,电投能源
002292.SZ,奥飞娱乐
002429.SZ,兆驰股份
601677.SH,明泰铝业
603520.SH,司太立
002659.SZ,凯文教育
300191.SZ,潜能恒信
301165.SZ,锐捷网络
688668.SH,鼎通科技
603833.SH,欧派家居
300841.SZ,康华生物
000902.SZ,新洋丰
002588.SZ,史丹利
002897.SZ,意华股份
600661.SH,昂立教育
688636.SH,智明达
600176.SH,中国巨石
603966.SH,法兰泰克
000690.SZ,宝新能源
300192.SZ,科德教育
301381.SZ,赛维时代
603160.SH,汇顶科技
688100.SH,威胜信息
601111.SH,中国国航
001289.SZ,龙源电力
002225.SZ,濮耐股份
002142.SZ,宁波银行
002697.SZ,红旗连锁
688368.SH,晶丰明源
601555.SH,东吴证券
300972.SZ,万辰集团
003021.SZ,兆威机电
600348.SH,华阳股份
002233.SZ,塔牌集团
002859.SZ,洁美科技
000598.SZ,兴蓉环境
301129.SZ,瑞纳智能
600919.SH,江苏银行
688513.SH,苑东生物
002415.SZ,海康威视
000960.SZ,锡业股份
688009.SH,中国通号
301548.SZ,崇德科技
300861.SZ,美畅股份
688152.SH,麒麟信安
002597.SZ,金禾实业
603008.SH,喜临门
002550.SZ,千红制药
600482.SH,中国动力
002867.SZ,周大生
601211.SH,国泰君安
603112.SH,华翔股份
600958.SH,东方证券
002960.SZ,青鸟消防
601601.SH,中国太保
600064.SH,南京高科
001322.SZ,箭牌家居
301011.SZ,华立科技
002873.SZ,新天药业
600745.SH,闻泰科技
688305.SH,科德数控
300174.SZ,元力股份
000922.SZ,佳电股份
002372.SZ,伟星新材
002918.SZ,蒙娜丽莎
688237.SH,超卓航科
603600.SH,永艺股份
838670.BJ,恒进感应
688010.SH,福光股份
603136.SH,天目湖
600378.SH,昊华科技
002643.SZ,万润股份
600707.SH,彩虹股份
603517.SH,绝味食品
603277.SH,银都股份
600566.SH,济川药业
600295.SH,鄂尔多斯
688578.SH,艾力斯
002497.SZ,雅化集团
600998.SH,九州通
600674.SH,川投能源
300888.SZ,稳健医疗
600438.SH,通威股份
300525.SZ,博思软件
836208.BJ,青矩技术
000799.SZ,酒鬼酒
300031.SZ,宝通科技
600741.SH,华域汽车
600011.SH,华能国际
603619.SH,中曼石油
603658.SH,安图生物
300363.SZ,博腾股份
002255.SZ,海陆重工
688252.SH,天德钰
002020.SZ,京新药业
002019.SZ,亿帆医药
600886.SH,国投电力
603486.SH,科沃斯
600415.SH,小商品城
000848.SZ,承德露露
600582.SH,天地科技
000963.SZ,华东医药
000519.SZ,中兵红箭
300331.SZ,苏大维格
600383.SH,金地集团
002752.SZ,昇兴股份
002159.SZ,三特索道
688519.SH,南亚新材
601136.SH,首创证券
601101.SH,昊华能源
834599.BJ,同力股份
600588.SH,用友网络
301301.SZ,川宁生物
002823.SZ,凯中精密
600875.SH,东方电气
601900.SH,南方传媒
300114.SZ,中航电测
000792.SZ,盐湖股份
688007.SH,光峰科技
300725.SZ,药石科技
300315.SZ,掌趣科技
688311.SH,盟升电子
000550.SZ,江铃汽车
600109.SH,国金证券
688198.SH,佰仁医疗
603269.SH,海鸥股份
003019.SZ,宸展光电
688131.SH,皓元医药
688329.SH,艾隆科技
688737.SH,中自科技
002170.SZ,芭田股份
002865.SZ,钧达股份
601099.SH,太平洋
601225.SH,陕西煤业
002876.SZ,三利谱
300718.SZ,长盛轴承
000852.SZ,石化机械
603722.SH,阿科力
688170.SH,德龙激光
601500.SH,通用股份
603701.SH,德宏股份
601888.SH,中国中免
600918.SH,中泰证券
600703.SH,三安光电
688410.SH,山外山
688448.SH,磁谷科技
603096.SH,新经典
603915.SH,国茂股份
300296.SZ,利亚德
688315.SH,诺禾致源
688690.SH,纳微科技
601108.SH,财通证券
603566.SH,普莱柯
600519.SH,贵州茅台
000061.SZ,农产品
300596.SZ,利安隆
832469.BJ,富恒新材
600196.SH,复星医药
000819.SZ,岳阳兴长
603508.SH,思维列控
601577.SH,长沙银行
000625.SZ,长安汽车
600460.SH,士兰微
688045.SH,必易微
301312.SZ,智立方
002690.SZ,美亚光电
601989.SH,中国重工
002001.SZ,新和成
002294.SZ,信立泰
601137.SH,博威合金
301018.SZ,申菱环境
688160.SH,步科股份
834062.BJ,科润智控
000938.SZ,紫光股份
688258.SH,卓易信息
600036.SH,招商银行
000429.SZ,粤高速A
601877.SH,正泰电器
603568.SH,伟明环保
603661.SH,恒林股份
601668.SH,中国建筑
601083.SH,锦江航运
000529.SZ,广弘控股
600989.SH,宝丰能源
688269.SH,凯立新材
002430.SZ,杭氧股份
688322.SH,奥比中光
301029.SZ,怡合达
600096.SH,云天化
002153.SZ,石基信息
688362.SH,甬矽电子
002896.SZ,中大力德
603062.SH,麦加芯彩
838971.BJ,天马新材
002797.SZ,第一创业
603305.SH,旭升集团
600795.SH,国电电力
601636.SH,旗滨集团
600502.SH,安徽建工
600867.SH,通化东宝
300458.SZ,全志科技
300113.SZ,顺网科技
301193.SZ,家联科技
002970.SZ,锐明技术
603167.SH,渤海轮渡
300592.SZ,华凯易佰
002705.SZ,新宝股份
836720.BJ,吉冈精密
002734.SZ,利民股份
300389.SZ,艾比森
300682.SZ,朗新集团
301383.SZ,天键股份
605499.SH,东鹏饮料
605189.SH,富春染织
600583.SH,海油工程
601928.SH,凤凰传媒
603529.SH,爱玛科技
600497.SH,驰宏锌锗
301319.SZ,唯特偶
688146.SH,中船特气
688633.SH,星球石墨
601222.SH,林洋能源
688392.SH,骄成超声
603317.SH,天味食品
600388.SH,龙净环保
300133.SZ,华策影视
605369.SH,拱东医疗
688707.SH,振华新材
600909.SH,华安证券
000997.SZ,新大陆
688325.SH,赛微微电
688327.SH,云从科技
600380.SH,健康元
688249.SH,晶合集成
300571.SZ,平治信息
603067.SH,振华股份
600572.SH,康恩贝
688150.SH,莱特光电
002968.SZ,新大正
600177.SH,雅戈尔
300908.SZ,仲景食品
601901.SH,方正证券
600900.SH,长江电力
603725.SH,天安新材
601162.SH,天风证券
688320.SH,禾川科技
300777.SZ,中简科技
600436.SH,片仔癀
601919.SH,中远海控
603773.SH,沃格光电
002468.SZ,申通快递
600863.SH,内蒙华电
688567.SH,孚能科技
601328.SH,交通银行
002446.SZ,盛路通信
839167.BJ,同享科技
002458.SZ,益生股份
000801.SZ,四川九洲
601100.SH,恒立液压
002674.SZ,兴业科技
600406.SH,国电南瑞
001201.SZ,东瑞股份
600050.SH,中国联通
688066.SH,航天宏图
688323.SH,瑞华泰
002624.SZ,完美世界
603496.SH,恒为科技
688733.SH,壹石通
600480.SH,凌云股份
300119.SZ,瑞普生物
000581.SZ,威孚高科
000776.SZ,广发证券
301260.SZ,格力博
301328.SZ,维峰电子
603278.SH,大业股份
688670.SH,金迪克
002039.SZ,黔源电力
688601.SH,力芯微
000408.SZ,藏格矿业
301266.SZ,宇邦新材
301339.SZ,通行宝
002773.SZ,康弘药业
688551.SH,科威尔
600732.SH,爱旭股份
601038.SH,一拖股份
601669.SH,中国电建
600316.SH,洪都航空
688657.SH,浩辰软件
301371.SZ,敷尔佳
600029.SH,南方航空
688121.SH,卓然股份
000913.SZ,钱江摩托
688682.SH,霍莱沃
688209.SH,英集芯
873593.BJ,鼎智科技
601198.SH,东兴证券
600999.SH,招商证券
600332.SH,白云山
001218.SZ,丽臣实业
002540.SZ,亚太科技
688172.SH,燕东微
601166.SH,兴业银行
300138.SZ,晨光生物
688799.SH,华纳药厂
001311.SZ,多利科技
002030.SZ,达安基因
300729.SZ,乐歌股份
601169.SH,北京银行
688167.SH,炬光科技
002111.SZ,威海广泰
603379.SH,三美股份
000719.SZ,中原传媒
002956.SZ,西麦食品
600019.SH,宝钢股份
300702.SZ,天宇股份
605123.SH,派克新材
603583.SH,捷昌驱动
600115.SH,中国东航
002600.SZ,领益智造
000728.SZ,国元证券
002635.SZ,安洁科技
688321.SH,微芯生物
837006.BJ,晟楠科技
688255.SH,凯尔达
000957.SZ,中通客车
000009.SZ,中国宝安
002237.SZ,恒邦股份
300656.SZ,民德电子
600372.SH,中航机载
000893.SZ,亚钾国际
834033.BJ,康普化学
835368.BJ,连城数控
688590.SH,新致软件
301005.SZ,超捷股份
603662.SH,柯力传感
688739.SH,成大生物
002267.SZ,陕天然气
600562.SH,国睿科技
600456.SH,宝钛股份
300115.SZ,长盈精密
600967.SH,内蒙一机
300803.SZ,指南针
000538.SZ,云南白药
605358.SH,立昂微
601375.SH,中原证券
603218.SH,日月股份
688380.SH,中微半导
301219.SZ,腾远钴业
603281.SH,江瀚新材
600642.SH,申能股份
002548.SZ,金新农
001234.SZ,泰慕士
300304.SZ,云意电气
605128.SH,上海沿浦
301102.SZ,兆讯传媒
002735.SZ,王子新材
601006.SH,大秦铁路
601921.SH,浙版传媒
300723.SZ,一品红
002768.SZ,国恩股份
001338.SZ,永顺泰
002955.SZ,鸿合科技
688531.SH,日联科技
000750.SZ,国海证券
603185.SH,弘元绿能
688618.SH,三旺通信
300994.SZ,久祺股份
600641.SH,万业企业
301220.SZ,亚香股份
600012.SH,皖通高速
601990.SH,南京证券
002655.SZ,共达电声
605365.SH,立达信
000612.SZ,焦作万方
002416.SZ,爱施德
002891.SZ,中宠股份
601868.SH,中国能建
002582.SZ,好想你
300092.SZ,科新机电
600188.SH,兖矿能源
600219.SH,南山铝业
002174.SZ,游族网络
300494.SZ,盛天网络
603836.SH,海程邦达
603191.SH,望变电气
600779.SH,水井坊
002014.SZ,永新股份
301309.SZ,万得凯
605507.SH,国邦医药
600054.SH,黄山旅游
002034.SZ,旺能环境
603005.SH,晶方科技
601009.SH,南京银行
688265.SH,南模生物
603203.SH,快克智能
688678.SH,福立旺
002075.SZ,沙钢股份
002992.SZ,宝明科技
000778.SZ,新兴铸管
600350.SH,山东高速
600498.SH,烽火通信
300762.SZ,上海瀚讯
301338.SZ,凯格精机
688136.SH,科兴制药
605060.SH,联德股份
688480.SH,赛恩斯
688127.SH,蓝特光学
839273.BJ,一致魔芋
603439.SH,贵州三力
300547.SZ,川环科技
002276.SZ,万马股份
300955.SZ,嘉亨家化
603668.SH,天马科技
601390.SH,中国中铁
002478.SZ,常宝股份
601118.SH,海南橡胶
000988.SZ,华工科技
002343.SZ,慈文传媒
603931.SH,格林达
601878.SH,浙商证券
600764.SH,中国海防
002500.SZ,山西证券
835985.BJ,海泰新能
000090.SZ,天健集团
300083.SZ,创世纪
300979.SZ,华利集团
603866.SH,桃李面包
003023.SZ,彩虹集团
601788.SH,光大证券
688262.SH,国芯科技
688177.SH,百奥泰
605599.SH,菜百股份
600369.SH,西南证券
603085.SH,天成自控
002759.SZ,天际股份
600515.SH,海南机场
300747.SZ,锐科激光
688533.SH,上声电子
002045.SZ,国光电器
688148.SH,芳源股份
300036.SZ,超图软件
603150.SH,万朗磁塑
300226.SZ,上海钢联
300570.SZ,太辰光
300770.SZ,新媒股份
688058.SH,宝兰德
002673.SZ,西部证券
002152.SZ,广电运通
003012.SZ,东鹏控股
601138.SH,工业富联
601696.SH,中银证券
300748.SZ,金力永磁
873576.BJ,天力复合
603059.SH,倍加洁
688276.SH,百克生物
300743.SZ,天地数码
601229.SH,上海银行
002942.SZ,新农股份
600389.SH,江山股份
603730.SH,岱美股份
832225.BJ,利通科技
600906.SH,财达证券
002818.SZ,富森美
688458.SH,美芯晟
688388.SH,嘉元科技
300953.SZ,震裕科技
688205.SH,德科立
600536.SH,中国软件
002668.SZ,TCL智家
688651.SH,盛邦安全
600866.SH,星湖科技
001368.SZ,通达创智
601997.SH,贵阳银行
600363.SH,联创光电
601179.SH,中国西电
688021.SH,奥福环保
836221.BJ,易实精密
430685.BJ,新芝生物
605183.SH,确成股份
301356.SZ,天振股份
000019.SZ,深粮控股
688711.SH,宏微科技
603809.SH,豪能股份
300515.SZ,三德科技
603313.SH,梦百合
300491.SZ,通合科技
603290.SH,斯达半导
603056.SH,德邦股份
000516.SZ,国际医学
688665.SH,四方光电
301050.SZ,雷电微力
603579.SH,荣泰健康
301238.SZ,瑞泰新材
601595.SH,上海电影
002926.SZ,华西证券
000591.SZ,太阳能
002683.SZ,广东宏大
002352.SZ,顺丰控股
600125.SH,铁龙物流
600352.SH,浙江龙盛
600737.SH,中粮糖业
688155.SH,先惠技术
000735.SZ,罗牛山
603099.SH,长白山
002234.SZ,民和股份
300957.SZ,贝泰妮
002645.SZ,华宏科技
000783.SZ,长江证券
300765.SZ,新诺威
601825.SH,沪农商行
002268.SZ,电科网安
301511.SZ,德福科技
688089.SH,嘉必优
301391.SZ,卡莱特
601089.SH,福元医药
835174.BJ,五新隧装
688680.SH,海优新材
600023.SH,浙能电力
836826.BJ,盖世食品
839680.BJ,广道数字
600458.SH,时代新材
688162.SH,巨一科技
601665.SH,齐鲁银行
300726.SZ,宏达电子
002368.SZ,太极股份
300100.SZ,双林股份
002151.SZ,北斗星通
600580.SH,卧龙电驱
300303.SZ,聚飞光电
002438.SZ,江苏神通
003031.SZ,中瓷电子
832149.BJ,利尔达
301185.SZ,鸥玛软件
603195.SH,公牛集团
600808.SH,马钢股份
688581.SH,安杰思
002335.SZ,科华数据
001330.SZ,博纳影业
688137.SH,近岸蛋白
603297.SH,永新光学
600111.SH,北方稀土
688366.SH,昊海生科
000066.SZ,中国长城
603711.SH,香飘飘
002602.SZ,世纪华通
002405.SZ,四维图新
832419.BJ,路斯股份
601881.SH,中国银河
002006.SZ,精工科技
603983.SH,丸美股份
600710.SH,苏美达
688206.SH,概伦电子
601456.SH,国联证券
300379.SZ,东方通
002839.SZ,张家港行
600859.SH,王府井
600968.SH,海油发展
002065.SZ,东华软件
600007.SH,中国国贸
603987.SH,康德莱
000021.SZ,深科技
301059.SZ,金三江
002008.SZ,大族激光
002901.SZ,大博医疗
688520.SH,神州细胞
603489.SH,八方股份
301368.SZ,丰立智能
002249.SZ,大洋电机
600141.SH,兴发集团
002807.SZ,江阴银行
002563.SZ,森马服饰
688469.SH,芯联集成
000928.SZ,中钢国际
688334.SH,西高院
600361.SH,创新新材
835670.BJ,数字人
300773.SZ,拉卡拉
000876.SZ,新希望
002543.SZ,万和电气
600055.SH,万东医疗
605155.SH,西大门
300887.SZ,谱尼测试
600009.SH,上海机场
002971.SZ,和远气体
603351.SH,威尔药业
600925.SH,苏能股份
002713.SZ,东易日盛
003043.SZ,华亚智能
002483.SZ,润邦股份
000878.SZ,云南铜业
600576.SH,祥源文旅
600869.SH,远东股份
300457.SZ,赢合科技
688020.SH,方邦股份
300952.SZ,恒辉安防
601598.SH,中国外运
002033.SZ,丽江股份
601916.SH,浙商银行
300369.SZ,绿盟科技
603766.SH,隆鑫通用
002919.SZ,名臣健康
601766.SH,中国中车
002381.SZ,双箭股份
873693.BJ,阿为特
601886.SH,江河集团
605116.SH,奥锐特
002088.SZ,鲁阳节能
830809.BJ,安达科技
600215.SH,派斯林
301032.SZ,新柴股份
300624.SZ,万兴科技
831961.BJ,创远信科
000166.SZ,申万宏源
001965.SZ,招商公路
300757.SZ,罗博特科
002176.SZ,江特电机
688092.SH,爱科科技
300088.SZ,长信科技
601890.SH,亚星锚链
002506.SZ,协鑫集成
301487.SZ,盟固利
002603.SZ,以岭药业
002373.SZ,千方科技
002755.SZ,奥赛康
601069.SH,西部黄金
688080.SH,映翰通
001282.SZ,三联锻造
600535.SH,天士力
301116.SZ,益客食品
600575.SH,淮河能源
002261.SZ,拓维信息
300438.SZ,鹏辉能源
688033.SH,天宜上佳
300552.SZ,万集科技
001288.SZ,运机集团
600637.SH,东方明珠
600864.SH,哈投股份
601155.SH,新城控股
002707.SZ,众信旅游
300622.SZ,博士眼镜
002064.SZ,华峰化学
300453.SZ,三鑫医疗
601187.SH,厦门银行
002793.SZ,罗欣药业
603416.SH,信捷电气
300463.SZ,迈克生物
300998.SZ,宁波方正
300123.SZ,亚光科技
600633.SH,浙数文化
002939.SZ,长城证券
688056.SH,莱伯泰科
002745.SZ,木林森
002206.SZ,海利得
002985.SZ,北摩高科
301195.SZ,北路智控
600481.SH,双良节能
300426.SZ,唐德影视
300871.SZ,回盛生物
430510.BJ,丰光精密
688400.SH,凌云光
600362.SH,江西铜业
601898.SH,中煤能源
301456.SZ,盘古智能
600039.SH,四川路桥
301285.SZ,鸿日达
300132.SZ,青松股份
300533.SZ,冰川网络
301322.SZ,绿通科技
688026.SH,洁特生物
688478.SH,晶升股份
688338.SH,赛科希德
688580.SH,伟思医疗
600377.SH,宁沪高速
002996.SZ,顺博合金
301421.SZ,波长光电
600033.SH,福建高速
002932.SZ,明德生物
300145.SZ,中金环境
600598.SH,北大荒
002148.SZ,北纬科技
601991.SH,大唐发电
688173.SH,希荻微
688579.SH,山大地纬
603977.SH,国泰集团
601336.SH,新华保险
601231.SH,环旭电子
002098.SZ,浔兴股份
600061.SH,国投资本
301559.SZ,中集环科
688432.SH,有研硅
835185.BJ,贝特瑞
601882.SH,海天精工
605186.SH,健麾信息
000803.SZ,山高环能
300772.SZ,运达股份
000032.SZ,深桑达A
300545.SZ,联得装备
600021.SH,上海电力
002202.SZ,金风科技
873726.BJ,卓兆点胶
301088.SZ,戎美股份
430139.BJ,华岭股份
301003.SZ,江苏博云
301268.SZ,铭利达
300257.SZ,开山股份
002625.SZ,光启技术
300785.SZ,值得买
688387.SH,信科移动
601827.SH,三峰环境
300045.SZ,华力创通
601908.SH,京运通
603551.SH,奥普科技
603989.SH,艾华集团
688786.SH,悦安新材
600621.SH,华鑫股份
600004.SH,白云机场
603868.SH,飞科电器
300148.SZ,天舟文化
688178.SH,万德斯
603040.SH,新坐标
688133.SH,泰坦科技
688227.SH,品高股份
000818.SZ,航锦科技
002250.SZ,联化科技
002612.SZ,朗姿股份
603538.SH,美诺华
603061.SH,金海通
601127.SH,赛力斯
688317.SH,之江生物
002943.SZ,宇晶股份
603233.SH,大参林
300707.SZ,威唐工业
688602.SH,康鹏科技
688181.SH,八亿时空
301153.SZ,中科江南
300070.SZ,碧水源
600329.SH,达仁堂
601019.SH,山东出版
600597.SH,光明乳业
301149.SZ,隆华新材
688291.SH,金橙子
002736.SZ,国信证券
601778.SH,晶科科技
300467.SZ,迅游科技
001223.SZ,欧克科技
300327.SZ,中颖电子
834682.BJ,球冠电缆
600601.SH,方正科技
300105.SZ,龙源技术
300926.SZ,博俊科技
002959.SZ,小熊电器
603688.SH,石英股份
688569.SH,铁科轨道
603929.SH,亚翔集成
300981.SZ,中红医疗
000712.SZ,锦龙股份
600235.SH,民丰特纸
300566.SZ,激智科技
301191.SZ,菲菱科思
002670.SZ,国盛金控
300052.SZ,中青宝
600610.SH,中毅达
688549.SH,中巨芯
002484.SZ,江海股份
002443.SZ,金洲管道
600803.SH,新奥股份
002219.SZ,新里程
601866.SH,中远海发
600016.SH,民生银行
601216.SH,君正集团
688616.SH,西力科技
600821.SH,金开新能
001207.SZ,联科科技
603408.SH,建霖家居
002895.SZ,川恒股份
603970.SH,中农立华
600987.SH,航民股份
600802.SH,福建水泥
601958.SH,金钼股份
001296.SZ,长江材料
603081.SH,大丰实业
000551.SZ,创元科技
600015.SH,华夏银行
835640.BJ,富士达
300129.SZ,泰胜风能
300166.SZ,东方国信
603330.SH,天洋新材
600206.SH,有研新材
300514.SZ,友讯达
002979.SZ,雷赛智能
002687.SZ,乔治白
603306.SH,华懋科技
002376.SZ,新北洋
600392.SH,盛和资源
603303.SH,得邦照明
300081.SZ,恒信东方
300051.SZ,琏升科技
605080.SH,浙江自然
300378.SZ,鼎捷软件
300409.SZ,道氏技术
002425.SZ,凯撒文化
601066.SH,中信建投
002245.SZ,蔚蓝锂芯
600138.SH,中青旅
603162.SH,海通发展
600326.SH,西藏天路
002879.SZ,长缆科技
002398.SZ,垒知集团
600733.SH,北汽蓝谷
832662.BJ,方盛股份
603128.SH,华贸物流
600603.SH,ST广物
300700.SZ,岱勒新材
603927.SH,中科软
300809.SZ,华辰装备
002469.SZ,三维化学
688328.SH,深科达
601801.SH,皖新传媒
003816.SZ,中国广核
601186.SH,中国铁建
688233.SH,神工股份
000060.SZ,中金岭南
002414.SZ,高德红外
688526.SH,科前生物
300233.SZ,金城医药
600452.SH,涪陵电力
600908.SH,无锡银行
601633.SH,长城汽车
300058.SZ,蓝色光标
603367.SH,辰欣药业
688433.SH,华曙高科
300854.SZ,中兰环保
688686.SH,奥普特
000700.SZ,模塑科技
831689.BJ,克莱特
600499.SH,科达制造
600170.SH,上海建工
000049.SZ,德赛电池
300873.SZ,海晨股份
000758.SZ,中色股份
600508.SH,上海能源
600269.SH,赣粤高速
830799.BJ,艾融软件
837403.BJ,康农种业
603897.SH,长城科技
002617.SZ,露笑科技
688053.SH,思科瑞
688663.SH,新风光
002948.SZ,青岛银行
601369.SH,陕鼓动力
002216.SZ,三全食品
002212.SZ,天融信
603365.SH,水星家纺
002988.SZ,豪美新材
300850.SZ,新强联
000155.SZ,川能动力
002378.SZ,章源钨业
600409.SH,三友化工
002110.SZ,三钢闽光
000895.SZ,双汇发展
833346.BJ,威贸电子
300435.SZ,中泰股份
600419.SH,天润乳业
002195.SZ,岩山科技
600010.SH,包钢股份
300497.SZ,富祥药业
836077.BJ,吉林碳谷
301028.SZ,东亚机械
600966.SH,博汇纸业
838171.BJ,邦德股份
600704.SH,物产中大
300366.SZ,创意信息
688381.SH,帝奥微
000862.SZ,银星能源
002106.SZ,莱宝高科
832885.BJ,星辰科技
603258.SH,电魂网络
300346.SZ,南大光电
001326.SZ,联域股份
000034.SZ,神州数码
001206.SZ,依依股份
300768.SZ,迪普科技
600916.SH,中国黄金
301067.SZ,显盈科技
832278.BJ,鹿得医疗
603392.SH,万泰生物
688429.SH,时创能源
839725.BJ,惠丰钻石
688027.SH,国盾量子
301190.SZ,善水科技
003035.SZ,南网能源
688138.SH,清溢光电
002488.SZ,金固股份
603757.SH,大元泵业
300182.SZ,捷成股份
601995.SH,中金公司
300393.SZ,中来股份
000708.SZ,中信特钢
300562.SZ,乐心医疗
833509.BJ,同惠电子
002634.SZ,棒杰股份
600995.SH,南网储能
603380.SH,易德龙
688557.SH,兰剑智能
300224.SZ,正海磁材
600905.SH,三峡能源
603025.SH,大豪科技
832566.BJ,梓橦宫
301263.SZ,泰恩康
301063.SZ,海锅股份
600315.SH,上海家化
603808.SH,歌力思
301172.SZ,君逸数码
000875.SZ,吉电股份
002036.SZ,联创电子
688819.SH,天能股份
688419.SH,耐科装备
300767.SZ,震安科技
605009.SH,豪悦护理
601088.SH,中国神华
688343.SH,云天励飞
300492.SZ,华图山鼎
002080.SZ,中材科技
600104.SH,上汽集团
002729.SZ,好利科技
300299.SZ,富春股份
600157.SH,永泰能源
603048.SH,浙江黎明
603703.SH,盛洋科技
600739.SH,辽宁成大
688158.SH,优刻得
002057.SZ,中钢天源
601611.SH,中国核建
601816.SH,京沪高铁
300170.SZ,汉得信息
688576.SH,西山科技
600353.SH,旭光电子
601528.SH,瑞丰银行
688358.SH,祥生医疗
600577.SH,精达股份
301348.SZ,蓝箭电子
600366.SH,宁波韵升
301128.SZ,强瑞技术
002032.SZ,苏泊尔
000737.SZ,北方铜业
605077.SH,华康股份
300631.SZ,久吾高科
300443.SZ,金雷股份
688179.SH,阿拉丁
000001.SZ,平安银行
600718.SH,东软集团
600008.SH,首创环保
301377.SZ,鼎泰高科
301017.SZ,漱玉平民
300376.SZ,ST易事特
002958.SZ,青农商行
301169.SZ,零点有数
601298.SH,青岛港
300674.SZ,宇信科技
688151.SH,华强科技
301580.SZ,爱迪特
600595.SH,中孚实业
603978.SH,深圳新星
002265.SZ,建设工业
002519.SZ,银河电子
603324.SH,盛剑科技
688260.SH,昀冢科技
600716.SH,凤凰股份
300077.SZ,国民技术
688299.SH,长阳科技
600211.SH,西藏药业
603156.SH,养元饮品
688607.SH,康众医疗
831832.BJ,科达自控
603155.SH,新亚强
688356.SH,键凯科技
600880.SH,博瑞传播
002777.SZ,久远银海
300840.SZ,酷特智能
603666.SH,亿嘉和
601963.SH,重庆银行
603113.SH,金能科技
600143.SH,金发科技
603858.SH,步长制药
002367.SZ,康力电梯
600216.SH,浙江医药
301056.SZ,森赫股份
000401.SZ,冀东水泥
001313.SZ,粤海饲料
000636.SZ,风华高科
301205.SZ,联特科技
001236.SZ,弘业期货
600623.SH,华谊集团
301316.SZ,慧博云通
601236.SH,红塔证券
002396.SZ,星网锐捷
300456.SZ,赛微电子
600200.SH,江苏吴中
688118.SH,普元信息
000825.SZ,太钢不锈
300345.SZ,华民股份
000831.SZ,中国稀土
600548.SH,深高速
300323.SZ,华灿光电
000883.SZ,湖北能源
688591.SH,泰凌微
002835.SZ,同为股份
600740.SH,山西焦化
600662.SH,外服控股
605056.SH,咸亨国际
600877.SH,电科芯片
688535.SH,华海诚科
605099.SH,共创草坪
002171.SZ,楚江新材
601952.SH,苏垦农发
834021.BJ,流金科技
601360.SH,三六零
301387.SZ,光大同创
688039.SH,当虹科技
300428.SZ,立中集团
601818.SH,光大银行
300229.SZ,拓尔思
688176.SH,亚虹医药
603158.SH,腾龙股份
601139.SH,深圳燃气
000501.SZ,武商集团
000703.SZ,恒逸石化
832089.BJ,禾昌聚合
300212.SZ,易华录
600163.SH,中闽能源
300349.SZ,金卡智能
603533.SH,掌阅科技
300475.SZ,香农芯创
002264.SZ,新华都
300842.SZ,帝科股份
688292.SH,浩瀚深度
301109.SZ,军信股份
688013.SH,天臣医疗
833575.BJ,康乐卫士
000503.SZ,国新健康
688091.SH,上海谊众
000065.SZ,北方国际
000156.SZ,华数传媒
002701.SZ,奥瑞金
600848.SH,上海临港
301222.SZ,浙江恒威
000560.SZ,我爱我家
301565.SZ,中仑新材
300188.SZ,国投智能
002026.SZ,山东威达
835305.BJ,云创数据
600550.SH,保变电气
600391.SH,航发科技
600528.SH,中铁工业
603105.SH,芯能科技
300441.SZ,鲍斯股份
002917.SZ,金奥博
871753.BJ,天纺标
688077.SH,大地熊
001211.SZ,双枪科技
688586.SH,江航装备
600059.SH,古越龙山
688068.SH,热景生物
300339.SZ,润和软件
600892.SH,大晟文化
300790.SZ,宇瞳光学
300364.SZ,中文在线
301503.SZ,智迪科技
001227.SZ,兰州银行
600507.SH,方大特钢
300445.SZ,康斯特
000869.SZ,张裕A
300236.SZ,上海新阳
301071.SZ,力量钻石
605488.SH,福莱新材
603916.SH,苏博特
002870.SZ,香山股份
603108.SH,润达医疗
300602.SZ,飞荣达
300043.SZ,星辉娱乐
000789.SZ,万年青
001366.SZ,播恩集团
000795.SZ,英洛华
002607.SZ,中公教育
603103.SH,横店影视
603132.SH,金徽股份
603171.SH,税友股份
600210.SH,紫江企业
002545.SZ,东方铁塔
002338.SZ,奥普光电
300432.SZ,富临精工
002661.SZ,克明食品
002066.SZ,瑞泰科技
300246.SZ,宝莱特
600118.SH,中国卫星
601618.SH,中国中冶
000623.SZ,吉林敖东
688523.SH,航天环宇
300275.SZ,梅安森
601020.SH,华钰矿业
600649.SH,城投控股
688367.SH,工大高科
300684.SZ,中石科技
000539.SZ,粤电力A
600271.SH,航天信息
603650.SH,彤程新材
831195.BJ,三祥科技
002053.SZ,云南能投
688371.SH,菲沃泰
301305.SZ,朗坤环境
688097.SH,博众精工
600663.SH,陆家嘴
600063.SH,皖维高新
688189.SH,南新制药
300556.SZ,丝路视觉
603288.SH,海天味业
601678.SH,滨化股份
000877.SZ,天山股份
603165.SH,荣晟环保
600095.SH,湘财股份
600166.SH,福田汽车
603848.SH,好太太
002539.SZ,云图控股
002518.SZ,科士达
605122.SH,四方新材
002283.SZ,天润工业
600310.SH,广西能源
300623.SZ,捷捷微电
601860.SH,紫金银行
301325.SZ,曼恩斯特
001209.SZ,洪兴股份
600000.SH,浦发银行
000563.SZ,陕国投A
600895.SH,张江高科
688418.SH,震有科技
002864.SZ,盘龙药业
601608.SH,中信重工
600267.SH,海正药业
601011.SH,宝泰隆
603909.SH,建发合诚
000050.SZ,深天马A
600100.SH,同方股份
301234.SZ,五洲医疗
603026.SH,石大胜华
603086.SH,先达股份
002038.SZ,双鹭药业
300439.SZ,美康生物
605168.SH,三人行
603083.SH,剑桥科技
300042.SZ,朗科科技
601133.SH,柏诚股份
688511.SH,天微电子
002209.SZ,达意隆
600839.SH,四川长虹
000685.SZ,中山公用
300703.SZ,创源股份
000777.SZ,中核科技
688175.SH,高凌信息
600655.SH,豫园股份
301110.SZ,青木科技
002583.SZ,海能达
688699.SH,明微电子
600720.SH,中交设计
300348.SZ,长亮科技
605136.SH,丽人丽妆
300535.SZ,达威股份
300886.SZ,华业香料
301157.SZ,华塑科技
603212.SH,赛伍技术
603690.SH,至纯科技
300990.SZ,同飞股份
300655.SZ,晶瑞电材
601800.SH,中国交建
600959.SH,江苏有线
300909.SZ,汇创达
002925.SZ,盈趣科技
688588.SH,凌志软件
600397.SH,安源煤业
300143.SZ,盈康生命
300653.SZ,正海生物
688201.SH,信安世纪
003033.SZ,征和工业
300005.SZ,探路者
601808.SH,中海油服
600496.SH,精工钢构
000723.SZ,美锦能源
003025.SZ,思进智能
301043.SZ,绿岛风
688496.SH,清越科技
301526.SZ,国际复材
600509.SH,天富能源
603859.SH,能科科技
873122.BJ,中纺标
000766.SZ,通化金马
301000.SZ,肇民科技
688231.SH,隆达股份
688028.SH,沃尔德
000937.SZ,冀中能源
002913.SZ,奥士康
603299.SH,苏盐井神
601016.SH,节能风电
430425.BJ,乐创技术
300358.SZ,楚天科技
603890.SH,春秋电子
603182.SH,嘉华股份
600827.SH,百联股份
301066.SZ,万事利
001872.SZ,招商港口
301293.SZ,三博脑科
000415.SZ,渤海租赁
603002.SH,宏昌电子
301052.SZ,果麦文化
603515.SH,欧普照明
688003.SH,天准科技
601163.SH,三角轮胎
000949.SZ,新乡化纤
002387.SZ,维信诺
600346.SH,恒力石化
600602.SH,云赛智联
688566.SH,吉贝尔
301078.SZ,孩子王
603629.SH,利通电子
688093.SH,世华科技
300630.SZ,普利制药
600238.SH,海南椰岛
002885.SZ,京泉华
600711.SH,ST盛屯
603505.SH,金石资源
603238.SH,诺邦股份
301489.SZ,思泉新材
603729.SH,龙韵股份
835579.BJ,机科股份
600618.SH,氯碱化工
833819.BJ,颖泰生物
000837.SZ,秦川机床
301070.SZ,开勒股份
300672.SZ,国科微
600223.SH,福瑞达
600977.SH,中国电影
603818.SH,曲美家居
600116.SH,三峡水利
688202.SH,美迪西
872808.BJ,曙光数创
301515.SZ,港通医疗
430718.BJ,合肥高科
300583.SZ,赛托生物
600986.SH,浙文互联
603530.SH,神马电力
002004.SZ,华邦健康
600073.SH,光明肉业
301297.SZ,富乐德
000059.SZ,华锦股份
002203.SZ,海亮股份
600516.SH,方大炭素
000950.SZ,重药控股
601238.SH,广汽集团
688203.SH,海正生材
600449.SH,宁夏建材
300586.SZ,美联新材
002282.SZ,博深股份
603214.SH,爱婴室
000628.SZ,高新发展
301159.SZ,三维天地
000048.SZ,京基智农
601107.SH,四川成渝
002401.SZ,中远海科
001696.SZ,宗申动力
002393.SZ,力生制药
000970.SZ,中科三环
301026.SZ,浩通科技
301509.SZ,金凯生科
002903.SZ,宇环数控
002606.SZ,大连电瓷
600882.SH,妙可蓝多
603328.SH,依顿电子
002900.SZ,哈三联
688659.SH,元琛科技
301053.SZ,远信工业
601579.SH,会稽山
002254.SZ,泰和新材
301113.SZ,雅艺科技
301075.SZ,多瑞医药
837023.BJ,芭薇股份
601658.SH,邮储银行
301273.SZ,瑞晨环保
002961.SZ,瑞达期货
001213.SZ,中铁特货
300902.SZ,国安达
000619.SZ,海螺新材
002660.SZ,茂硕电源
600835.SH,上海机电
000610.SZ,西安旅游
688584.SH,上海合晶
688011.SH,新光光电
300771.SZ,智莱科技
603373.SH,安邦护卫
301376.SZ,致欧科技
300314.SZ,戴维医疗
603013.SH,亚普股份
603192.SH,汇得科技
600884.SH,杉杉股份
300611.SZ,美力科技
688102.SH,斯瑞新材
830879.BJ,基康仪器
002534.SZ,西子洁能
600158.SH,中体产业
301510.SZ,固高科技
001203.SZ,大中矿业
603093.SH,南华期货
300183.SZ,东软载波
603043.SH,广州酒家
000978.SZ,桂林旅游
000709.SZ,河钢股份
603111.SH,康尼机电
300620.SZ,光库科技
605222.SH,起帆电缆
688159.SH,有方科技
601992.SH,金隅集团
301051.SZ,信濠光电
603050.SH,科林电气
601616.SH,广电电气
601811.SH,新华文轩
300870.SZ,欧陆通
000829.SZ,天音控股
300606.SZ,金太阳
002461.SZ,珠江啤酒
002400.SZ,省广集团
600850.SH,电科数字
300452.SZ,山河药辅
301528.SZ,多浦乐
002496.SZ,辉丰股份
000301.SZ,东方盛虹
600749.SH,西藏旅游
603153.SH,上海建科
300024.SZ,机器人
000030.SZ,富奥股份
300859.SZ,西域旅游
300848.SZ,美瑞新材
605338.SH,巴比食品
000681.SZ,视觉中国
300634.SZ,彩讯股份
838227.BJ,美登科技
002774.SZ,快意电梯
600305.SH,恒顺醋业
301429.SZ,森泰股份
002419.SZ,天虹股份
000069.SZ,华侨城A
002441.SZ,众业达
002453.SZ,华软科技
002763.SZ,汇洁股份
300949.SZ,奥雅股份
301081.SZ,严牌股份
002084.SZ,海鸥住工
003038.SZ,鑫铂股份
688339.SH,亿华通
600556.SH,天下秀
300455.SZ,航天智装
000969.SZ,安泰科技
603039.SH,泛微网络
301175.SZ,中科环保
603733.SH,仙鹤股份
002935.SZ,天奥电子
301323.SZ,新莱福
600025.SH,华能水电
688435.SH,英方软件
600817.SH,宇通重工
838262.BJ,太湖雪
603163.SH,圣晖集成
002314.SZ,南山控股
301262.SZ,海看股份
301578.SZ,辰奕智能
002998.SZ,优彩资源
600475.SH,华光环能
002467.SZ,二六三
003041.SZ,真爱美家
300341.SZ,麦克奥迪
300047.SZ,天源迪科
300527.SZ,中船应急
002163.SZ,海南发展
601279.SH,英利汽车
601718.SH,际华集团
002941.SZ,新疆交建
300660.SZ,江苏雷利
300008.SZ,天海防务
002559.SZ,亚威股份
600617.SH,国新能源
688182.SH,灿勤科技
600288.SH,大恒科技
600696.SH,岩石股份
300292.SZ,吴通控股
600780.SH,通宝能源
605366.SH,宏柏新材
000756.SZ,新华制药
002287.SZ,奇正藏药
002303.SZ,美盈森
603032.SH,德新科技
300951.SZ,博硕科技
002987.SZ,京北方
002581.SZ,未名医药
300307.SZ,慈星股份
300342.SZ,天银机电
000597.SZ,东北制药
002579.SZ,中京电子
600797.SH,浙大网新
002421.SZ,达实智能
300741.SZ,华宝股份
603178.SH,圣龙股份
300639.SZ,凯普生物
603466.SH,风语筑
600106.SH,重庆路桥
603610.SH,麒盛科技
000572.SZ,海马汽车
000881.SZ,中广核技
600523.SH,贵航股份
002009.SZ,天奇股份
600088.SH,中视传媒
600657.SH,信达地产
300401.SZ,花园生物
300287.SZ,飞利信
000886.SZ,海南高速
603693.SH,江苏新能
000966.SZ,长源电力
002334.SZ,英威腾
001269.SZ,欧晶科技
300271.SZ,华宇软件
300708.SZ,聚灿光电
603719.SH,良品铺子
001389.SZ,广合科技
002301.SZ,齐心集团
002194.SZ,武汉凡谷
600259.SH,广晟有色
002537.SZ,海联金汇
600300.SH,维维股份
605118.SH,力鼎光电
002516.SZ,旷达科技
300589.SZ,江龙船艇
301047.SZ,义翘神州
002275.SZ,桂林三金
300377.SZ,赢时胜
300184.SZ,力源信息
002724.SZ,海洋王
002093.SZ,国脉科技
000821.SZ,京山轻机
600927.SH,永安期货
600477.SH,杭萧钢构
300659.SZ,中孚信息
603068.SH,博通集成
000045.SZ,深纺织A
300766.SZ,每日互动
300075.SZ,数字政通
002326.SZ,永太科技
300185.SZ,通裕重工
002649.SZ,博彦科技
600058.SH,五矿发展
300065.SZ,海兰信
300079.SZ,数码视讯
600963.SH,岳阳林纸
600846.SH,同济科技
601388.SH,怡球资源
600619.SH,海立股份
300109.SZ,新开源
600488.SH,津药药业
002658.SZ,雪迪龙
002108.SZ,沧州明珠
600022.SH,山东钢铁
002217.SZ,*ST合泰
002284.SZ,亚太股份
600410.SH,华胜天成
002121.SZ,科陆电子
301123.SZ,奕东电子
600810.SH,神马股份
002140.SZ,东华科技
600525.SH,长园集团
002741.SZ,光华科技
002651.SZ,利君股份
300219.SZ,鸿利智汇
300085.SZ,银之杰
600639.SH,浦东金桥
000488.SZ,晨鸣纸业
300025.SZ,华星创业
002489.SZ,浙江永强
002556.SZ,辉隆股份
600609.SH,金杯汽车
600151.SH,航天机电
002662.SZ,京威股份
605018.SH,长华集团
000935.SZ,四川双马
002055.SZ,得润电子
300781.SZ,因赛集团
688313.SH,仕佳光子
600770.SH,综艺股份
601519.SH,大智慧
600990.SH,四创电子
600037.SH,歌华有线
002285.SZ,世联行
300696.SZ,爱乐达
600955.SH,维远股份
000029.SZ,深深房A
002642.SZ,荣联科技
300678.SZ,中科信息
000791.SZ,甘肃能源
000536.SZ,华映科技
600675.SH,中华企业
002258.SZ,利尔化学
600742.SH,一汽富维
002640.SZ,跨境通
600586.SH,金晶科技
603229.SH,奥翔药业
002636.SZ,金安国纪
002967.SZ,广电计量
600640.SH,国脉文化
002079.SZ,苏州固锝
600773.SH,西藏城投
300102.SZ,乾照光电
001337.SZ,四川黄金
601106.SH,中国一重
002146.SZ,荣盛发展
000676.SZ,智度股份
603327.SH,福蓉科技
300758.SZ,七彩化学
002017.SZ,东信和平
002302.SZ,西部建设
000413.SZ,ST旭电
600162.SH,香江控股
002654.SZ,万润科技
300026.SZ,红日药业
603918.SH,金桥信息
000553.SZ,安道麦A
000402.SZ,金融街
600268.SH,国电南自
002239.SZ,奥特佳
002929.SZ,润建股份
000968.SZ,蓝焰控股
688559.SH,海目星
002238.SZ,天威视讯
300232.SZ,洲明科技
300319.SZ,麦捷科技
600330.SH,天通股份
002183.SZ,怡亚通
002101.SZ,广东鸿图
002428.SZ,云南锗业
000158.SZ,常山北明
000544.SZ,中原环保
600648.SH,外高桥
000885.SZ,城发环境
003022.SZ,联泓新科
002782.SZ,可立克
002440.SZ,闰土股份
301389.SZ,隆扬电子
002664.SZ,信质集团
002354.SZ,天娱数科
300398.SZ,飞凯材料
002975.SZ,博杰股份
600248.SH,陕建股份
002375.SZ,亚厦股份
000901.SZ,航天科技
603053.SH,成都燃气
300613.SZ,富瀚微
300459.SZ,汤姆猫
000031.SZ,大悦城
002051.SZ,中工国际
000718.SZ,苏宁环球
300997.SZ,欢乐家
300397.SZ,天和防务
600500.SH,中化国际
000567.SZ,海德股份
002434.SZ,万里扬
600664.SH,哈药股份
002127.SZ,南极电商
002041.SZ,登海种业
002010.SZ,传化智联
601858.SH,中国科传
688318.SH,财富趋势
002060.SZ,广东建工
002449.SZ,国星光电
688161.SH,威高骨科
300821.SZ,东岳硅材
600171.SH,上海贝岭
603071.SH,物产环能
000008.SZ,神州高铁
002590.SZ,万安科技
600335.SH,国机汽车
600252.SH,中恒集团
600771.SH,广誉远
603881.SH,数据港
601869.SH,长飞光纤
000828.SZ,东莞控股
600874.SH,创业环保
002399.SZ,海普瑞
001287.SZ,中电港
600110.SH,诺德股份
603877.SH,太平鸟
002022.SZ,科华生物
300351.SZ,永贵电器
002191.SZ,劲嘉股份
002291.SZ,遥望科技
300280.SZ,紫天科技
300041.SZ,回天新材
002911.SZ,佛燃能源
002978.SZ,安宁股份
002167.SZ,东方锆业
002455.SZ,百川股份
603738.SH,泰晶科技
002097.SZ,山河智能
000498.SZ,山东路桥
603421.SH,鼎信通讯
000917.SZ,电广传媒
000062.SZ,深圳华强
603429.SH,集友股份
601949.SH,中国出版
600017.SH,日照港
002131.SZ,利欧股份
000898.SZ,鞍钢股份
600826.SH,兰生股份
002081.SZ,金螳螂
600208.SH,衢州发展
601158.SH,重庆水务
002382.SZ,蓝帆医疗
600682.SH,南京新百
002390.SZ,信邦制药
600246.SH,万通发展
002611.SZ,东方精工
603888.SH,新华网
300284.SZ,苏交科
000823.SZ,超声电子
002408.SZ,齐翔腾达
603220.SH,中贝通信
300098.SZ,高新兴
002815.SZ,崇达技术
002204.SZ,大连重工
000927.SZ,中国铁物
603595.SH,东尼电子
600490.SH,鹏欣资源
002362.SZ,汉王科技
002945.SZ,华林证券
600888.SH,新疆众和
002950.SZ,奥美医疗
600020.SH,中原高速
600328.SH,中盐化工
600126.SH,杭钢股份
601969.SH,海南矿业
603357.SH,设计总院
000627.SZ,天茂集团
300738.SZ,奥飞数据
603118.SH,共进股份
603906.SH,龙蟠科技
600567.SH,山鹰国际
601200.SH,上海环境
002641.SZ,公元股份
002214.SZ,大立科技
600185.SH,格力地产
000601.SZ,韶能股份
300068.SZ,南都电源
002626.SZ,金达威
300618.SZ,寒锐钴业
000990.SZ,诚志股份
002855.SZ,捷荣技术
300551.SZ,古鳌科技
002423.SZ,中粮资本
002023.SZ,海特高新
600284.SH,浦东建设
002677.SZ,浙江美大
002099.SZ,海翔药业
002585.SZ,双星新材
002498.SZ,汉缆股份
300134.SZ,大富科技
688626.SH,翔宇医疗
603985.SH,恒润股份
002125.SZ,湘潭电化
002866.SZ,传艺科技
002015.SZ,协鑫能科
600776.SH,东方通信
000547.SZ,航天发展
000959.SZ,首钢股份
600338.SH,西藏珠峰
600606.SH,绿地控股
000541.SZ,佛山照明
000088.SZ,盐田港
601609.SH,金田股份
600956.SH,新天绿能
601228.SH,广州港
601515.SH,东峰集团
600686.SH,金龙汽车
600789.SH,鲁抗医药
000537.SZ,中绿电
601566.SH,九牧王
600643.SH,爱建集团
000967.SZ,盈峰环境
002312.SZ,川发龙蟒
000930.SZ,中粮科技
000012.SZ,南玻A
300149.SZ,睿智医药
600167.SH,联美控股
002061.SZ,浙江交科
603960.SH,克来机电
600368.SH,五洲交通
600596.SH,新安股份
002222.SZ,福晶科技
000958.SZ,电投产融
603060.SH,国检集团
600006.SH,东风股份
000555.SZ,神州信息
601326.SH,秦港股份
002274.SZ,华昌化工
000688.SZ,国城矿业
600517.SH,国网英大
600552.SH,凯盛科技
000810.SZ,创维数字
000686.SZ,东北证券
002845.SZ,同兴达
002266.SZ,浙富控股
601698.SH,中国卫通
600098.SH,广州发展
002608.SZ,江苏国信
300709.SZ,精研科技
600186.SH,莲花控股
600331.SH,宏达股份
002145.SZ,中核钛白
600351.SH,亚宝药业
600688.SH,上海石化
000899.SZ,赣能股份
002242.SZ,九阳股份
000517.SZ,荣安地产
600551.SH,时代出版
000559.SZ,万向钱潮
002490.SZ,ST墨龙
002614.SZ,奥佳华
002226.SZ,江南化工
600056.SH,中国医药
600320.SH,振华重工
000096.SZ,广聚能源
600871.SH,石化油服
300206.SZ,理邦仪器
300171.SZ,东富龙
600787.SH,中储股份
600578.SH,京能电力
603355.SH,莱克电气
600446.SH,金证股份
000987.SZ,越秀资本
600339.SH,中油工程
600299.SH,安迪苏
002229.SZ,鸿博股份
600035.SH,楚天高速
601212.SH,白银有色
600072.SH,中船科技
000099.SZ,中信海直
600717.SH,天津港
600705.SH,中航产融
002091.SZ,江苏国泰
603077.SH,和邦生物
002320.SZ,海峡股份
600531.SH,豫光金铅
601018.SH,宁波港
002803.SZ,吉宏股份
300735.SZ,光弘科技
600236.SH,桂冠电力
600645.SH,中源协和
600667.SH,太极实业
600928.SH,西安银行
000629.SZ,钒钛股份
603826.SH,坤彩科技
601880.SH,辽港股份
000089.SZ,深圳机场
000727.SZ,冠捷科技
000582.SZ,北部湾港
603000.SH,人民网
002511.SZ,中顺洁柔
002544.SZ,普天科技
600428.SH,中远海特
600777.SH,ST新潮
000800.SZ,一汽解放
002085.SZ,万丰奥威
000617.SZ,中油资本
002456.SZ,欧菲光
603260.SH,合盛硅业
600221.SH,海航控股
000027.SZ,深圳能源
002221.SZ,东华能源
002158.SZ,汉钟精机
601727.SH,上海电气
600094.SH,大名城
002747.SZ,埃斯顿
601319.SH,中国人保
600018.SH,上港集团
600635.SH,大众公用
601068.SH,中铝国际
002493.SZ,荣盛石化
601828.SH,美凯龙
600775.SH,南京熊猫
605198.SH,安德利
601628.SH,中国人寿
002703.SZ,浙江世宝
601998.SH,中信银行
002936.SZ,郑州银行
601988.SH,中国银行
600028.SH,中国石化
601857.SH,中国石油
601288.SH,农业银行
601398.SH,工商银行
