l1_code,l1_name,l2_code,l2_name,l3_code,l3_name,ts_code,name,in_date,out_date,is_new
801750.SI,计算机,801103.SI,IT服务Ⅱ,852226.SI,IT服务Ⅲ,603611.SH,诺力股份,20220729,,Y
801750.SI,计算机,801103.SI,IT服务Ⅱ,852226.SI,IT服务Ⅲ,603859.SH,能科科技,20220729,,Y
801750.SI,计算机,801103.SI,IT服务Ⅱ,852226.SI,IT服务Ⅲ,688327.SH,云从科技-UW,20220429,,Y
801750.SI,计算机,801103.SI,IT服务Ⅱ,852226.SI,IT服务Ⅲ,301316.SZ,慧博云通,20220916,,Y
801750.SI,计算机,801103.SI,IT服务Ⅱ,852226.SI,IT服务Ⅲ,300017.SZ,网宿科技,20091012,,Y
801750.SI,计算机,801103.SI,IT服务Ⅱ,852226.SI,IT服务Ⅲ,688251.SH,井松智能,20220520,,Y
801750.SI,计算机,801103.SI,IT服务Ⅱ,852226.SI,IT服务Ⅲ,301218.SZ,华是科技,20220225,,Y
801750.SI,计算机,801103.SI,IT服务Ⅱ,852226.SI,IT服务Ⅲ,301236.SZ,软通动力,20220225,,Y
801750.SI,计算机,801103.SI,IT服务Ⅱ,852226.SI,IT服务Ⅲ,688207.SH,格灵深瞳,20220225,,Y
801750.SI,计算机,801103.SI,IT服务Ⅱ,852226.SI,IT服务Ⅲ,301396.SZ,宏景科技,20221028,,Y
801750.SI,计算机,801103.SI,IT服务Ⅱ,852226.SI,IT服务Ⅲ,688227.SH,品高股份,20211217,,Y
801750.SI,计算机,801103.SI,IT服务Ⅱ,852226.SI,IT服务Ⅲ,301248.SZ,杰创智能,20220401,,Y
801750.SI,计算机,801103.SI,IT服务Ⅱ,852226.SI,IT服务Ⅲ,000409.SZ,云鼎科技,20220729,,Y
801750.SI,计算机,801103.SI,IT服务Ⅱ,852226.SI,IT服务Ⅲ,600845.SH,宝信软件,20020430,,Y
801750.SI,计算机,801103.SI,IT服务Ⅱ,852226.SI,IT服务Ⅲ,600728.SH,佳都科技,20000901,,Y
801750.SI,计算机,801103.SI,IT服务Ⅱ,852226.SI,IT服务Ⅲ,301085.SZ,亚康股份,20211015,,Y
801750.SI,计算机,801103.SI,IT服务Ⅱ,852226.SI,IT服务Ⅲ,002421.SZ,达实智能,20100520,,Y
801750.SI,计算机,801103.SI,IT服务Ⅱ,852226.SI,IT服务Ⅲ,688258.SH,卓易信息,20191120,,Y
801750.SI,计算机,801103.SI,IT服务Ⅱ,852226.SI,IT服务Ⅲ,002642.SZ,荣联科技,20111208,,Y
801750.SI,计算机,801103.SI,IT服务Ⅱ,852226.SI,IT服务Ⅲ,603918.SH,金桥信息,20150126,,Y
801750.SI,计算机,801103.SI,IT服务Ⅱ,852226.SI,IT服务Ⅲ,300287.SZ,飞利信,20120116,,Y
801750.SI,计算机,801103.SI,IT服务Ⅱ,852226.SI,IT服务Ⅲ,300150.SZ,世纪瑞尔,20101213,,Y
801750.SI,计算机,801103.SI,IT服务Ⅱ,852226.SI,IT服务Ⅲ,603171.SH,税友股份,20210615,,Y
801750.SI,计算机,801103.SI,IT服务Ⅱ,852226.SI,IT服务Ⅲ,688158.SH,优刻得-W,20200106,,Y
801750.SI,计算机,801103.SI,IT服务Ⅱ,852226.SI,IT服务Ⅲ,600571.SH,信雅达,20021031,,Y
801750.SI,计算机,801103.SI,IT服务Ⅱ,852226.SI,IT服务Ⅲ,002195.SZ,岩山科技,20071211,,Y
801750.SI,计算机,801103.SI,IT服务Ⅱ,852226.SI,IT服务Ⅲ,300541.SZ,先进数通,20160907,,Y
801750.SI,计算机,801103.SI,IT服务Ⅱ,852226.SI,IT服务Ⅲ,688051.SH,佳华科技,20200309,,Y
801750.SI,计算机,801103.SI,IT服务Ⅱ,852226.SI,IT服务Ⅲ,600446.SH,金证股份,20031219,,Y
801750.SI,计算机,801103.SI,IT服务Ⅱ,852226.SI,IT服务Ⅲ,688228.SH,开普云,20200310,,Y
801750.SI,计算机,801103.SI,IT服务Ⅱ,852226.SI,IT服务Ⅲ,002657.SZ,中科金财,20120220,,Y
801750.SI,计算机,801103.SI,IT服务Ⅱ,852226.SI,IT服务Ⅲ,600225.SH,卓朗科技,20220729,,Y
801750.SI,计算机,801103.SI,IT服务Ⅱ,852226.SI,IT服务Ⅲ,300231.SZ,银信科技,20110607,,Y
801750.SI,计算机,801103.SI,IT服务Ⅱ,852226.SI,IT服务Ⅲ,300895.SZ,铜牛信息,20200909,,Y
801750.SI,计算机,801103.SI,IT服务Ⅱ,852226.SI,IT服务Ⅲ,300250.SZ,初灵信息,20110725,,Y
801750.SI,计算机,801103.SI,IT服务Ⅱ,852226.SI,IT服务Ⅲ,002771.SZ,真视通,20150119,,Y
801750.SI,计算机,801103.SI,IT服务Ⅱ,852226.SI,IT服务Ⅲ,688787.SH,海天瑞声,20210806,,Y
801750.SI,计算机,801103.SI,IT服务Ⅱ,852226.SI,IT服务Ⅲ,301185.SZ,鸥玛软件,20211105,,Y
801750.SI,计算机,801103.SI,IT服务Ⅱ,852226.SI,IT服务Ⅲ,301178.SZ,天亿马,20211105,,Y
801750.SI,计算机,801103.SI,IT服务Ⅱ,852226.SI,IT服务Ⅲ,600756.SH,浪潮软件,20010831,,Y
801750.SI,计算机,801103.SI,IT服务Ⅱ,852226.SI,IT服务Ⅲ,688562.SH,航天软件,20230504,,Y
801750.SI,计算机,801103.SI,IT服务Ⅱ,852226.SI,IT服务Ⅲ,002065.SZ,东华软件,20060808,,Y
801750.SI,计算机,801103.SI,IT服务Ⅱ,852226.SI,IT服务Ⅲ,002373.SZ,千方科技,20100301,,Y
801750.SI,计算机,801103.SI,IT服务Ⅱ,852226.SI,IT服务Ⅲ,300532.SZ,今天国际,20160804,,Y
801750.SI,计算机,801103.SI,IT服务Ⅱ,852226.SI,IT服务Ⅲ,002232.SZ,启明信息,20080417,,Y
801750.SI,计算机,801103.SI,IT服务Ⅱ,852226.SI,IT服务Ⅲ,688343.SH,云天励飞-U,20230317,,Y
801750.SI,计算机,801103.SI,IT服务Ⅱ,852226.SI,IT服务Ⅲ,688066.SH,航天宏图,20190711,,Y
801750.SI,计算机,801103.SI,IT服务Ⅱ,852226.SI,IT服务Ⅲ,300079.SZ,数码视讯,20100422,,Y
801750.SI,计算机,801103.SI,IT服务Ⅱ,852226.SI,IT服务Ⅲ,600410.SH,华胜天成,20040423,,Y
801750.SI,计算机,801103.SI,IT服务Ⅱ,852226.SI,IT服务Ⅲ,688004.SH,博汇科技,20200602,,Y
801750.SI,计算机,801103.SI,IT服务Ⅱ,852226.SI,IT服务Ⅲ,300687.SZ,赛意信息,20170726,,Y
801750.SI,计算机,801103.SI,IT服务Ⅱ,852226.SI,IT服务Ⅲ,605398.SH,新炬网络,20210114,,Y
801750.SI,计算机,801103.SI,IT服务Ⅱ,852226.SI,IT服务Ⅲ,300264.SZ,佳创视讯,20110906,,Y
801750.SI,计算机,801103.SI,IT服务Ⅱ,852226.SI,IT服务Ⅲ,688088.SH,虹软科技,20190708,,Y
801750.SI,计算机,801103.SI,IT服务Ⅱ,852226.SI,IT服务Ⅲ,002368.SZ,太极股份,20100222,,Y
801750.SI,计算机,801103.SI,IT服务Ⅱ,852226.SI,IT服务Ⅲ,688500.SH,慧辰股份,20200706,,Y
801750.SI,计算机,801103.SI,IT服务Ⅱ,852226.SI,IT服务Ⅲ,300609.SZ,汇纳科技,20170119,,Y
801750.SI,计算机,801103.SI,IT服务Ⅱ,852226.SI,IT服务Ⅲ,300682.SZ,朗新集团,20170726,,Y
801750.SI,计算机,801103.SI,IT服务Ⅱ,852226.SI,IT服务Ⅲ,002530.SZ,金财互联,20210730,,Y
801750.SI,计算机,801103.SI,IT服务Ⅱ,852226.SI,IT服务Ⅲ,600718.SH,东软集团,19960618,,Y
801750.SI,计算机,801103.SI,IT服务Ⅱ,852226.SI,IT服务Ⅲ,002777.SZ,久远银海,20151231,,Y
801750.SI,计算机,801103.SI,IT服务Ⅱ,852226.SI,IT服务Ⅲ,300440.SZ,运达科技,20150413,,Y
801750.SI,计算机,801103.SI,IT服务Ⅱ,852226.SI,IT服务Ⅲ,600850.SH,电科数字,19940324,,Y
801750.SI,计算机,801103.SI,IT服务Ⅱ,852226.SI,IT服务Ⅲ,688039.SH,当虹科技,20191129,,Y
801750.SI,计算机,801103.SI,IT服务Ⅱ,852226.SI,IT服务Ⅲ,300339.SZ,润和软件,20120710,,Y
801750.SI,计算机,801103.SI,IT服务Ⅱ,852226.SI,IT服务Ⅲ,300212.SZ,易华录,20110425,,Y
801750.SI,计算机,801103.SI,IT服务Ⅱ,852226.SI,IT服务Ⅲ,600271.SH,航天信息,20030707,,Y
801750.SI,计算机,801103.SI,IT服务Ⅱ,852226.SI,IT服务Ⅲ,002331.SZ,皖通科技,20091216,,Y
801750.SI,计算机,801103.SI,IT服务Ⅱ,852226.SI,IT服务Ⅲ,000158.SZ,常山北明,20170629,,Y
801750.SI,计算机,801103.SI,IT服务Ⅱ,852226.SI,IT服务Ⅲ,301172.SZ,君逸数码,20230714,,Y
801750.SI,计算机,801103.SI,IT服务Ⅱ,852226.SI,IT服务Ⅲ,000938.SZ,紫光股份,19991104,,Y
801750.SI,计算机,801103.SI,IT服务Ⅱ,852226.SI,IT服务Ⅲ,002401.SZ,中远海科,20100505,,Y
801750.SI,计算机,801103.SI,IT服务Ⅱ,852226.SI,IT服务Ⅲ,603636.SH,南威软件,20140120,,Y
801750.SI,计算机,801103.SI,IT服务Ⅱ,852226.SI,IT服务Ⅲ,300166.SZ,东方国信,20110114,,Y
801750.SI,计算机,801103.SI,IT服务Ⅱ,852226.SI,IT服务Ⅲ,003005.SZ,竞业达,20200907,,Y
801750.SI,计算机,801103.SI,IT服务Ⅱ,852226.SI,IT服务Ⅲ,300846.SZ,首都在线,20200618,,Y
801750.SI,计算机,801103.SI,IT服务Ⅱ,852226.SI,IT服务Ⅲ,300168.SZ,万达信息,20110114,,Y
801750.SI,计算机,801103.SI,IT服务Ⅱ,852226.SI,IT服务Ⅲ,600131.SH,国网信通,20210730,,Y
801750.SI,计算机,801103.SI,IT服务Ⅱ,852226.SI,IT服务Ⅲ,300448.SZ,浩云科技,20150113,,Y
801750.SI,计算机,801103.SI,IT服务Ⅱ,852226.SI,IT服务Ⅲ,300288.SZ,朗玛信息,20120116,,Y
801750.SI,计算机,801103.SI,IT服务Ⅱ,852226.SI,IT服务Ⅲ,300078.SZ,思创医惠,20200907,,Y
801750.SI,计算机,801103.SI,IT服务Ⅱ,852226.SI,IT服务Ⅲ,600476.SH,湘邮科技,20031205,,Y
801750.SI,计算机,801103.SI,IT服务Ⅱ,852226.SI,IT服务Ⅲ,300170.SZ,汉得信息,20110124,,Y
801750.SI,计算机,801103.SI,IT服务Ⅱ,852226.SI,IT服务Ⅲ,000555.SZ,神州信息,20090601,,Y
801750.SI,计算机,801103.SI,IT服务Ⅱ,852226.SI,IT服务Ⅲ,300271.SZ,华宇软件,20111010,,Y
801750.SI,计算机,801103.SI,IT服务Ⅱ,852226.SI,IT服务Ⅲ,688365.SH,光云科技,20200416,,Y
801750.SI,计算机,801103.SI,IT服务Ⅱ,852226.SI,IT服务Ⅲ,300277.SZ,海联讯,20111114,,Y
801750.SI,计算机,801103.SI,IT服务Ⅱ,852226.SI,IT服务Ⅲ,688509.SH,正元地信,20210723,,Y
801750.SI,计算机,801103.SI,IT服务Ⅱ,852226.SI,IT服务Ⅲ,688568.SH,中科星图,20200624,,Y
801750.SI,计算机,801103.SI,IT服务Ⅱ,852226.SI,IT服务Ⅲ,000034.SZ,神州数码,19931018,,Y
801750.SI,计算机,801103.SI,IT服务Ⅱ,852226.SI,IT服务Ⅲ,300290.SZ,荣科科技,20120208,,Y
801750.SI,计算机,801103.SI,IT服务Ⅱ,852226.SI,IT服务Ⅲ,002474.SZ,榕基软件,20100906,,Y
801750.SI,计算机,801103.SI,IT服务Ⅱ,852226.SI,IT服务Ⅲ,300872.SZ,天阳科技,20200807,,Y
801750.SI,计算机,801103.SI,IT服务Ⅱ,852226.SI,IT服务Ⅲ,301208.SZ,中亦科技,20220701,,Y
801750.SI,计算机,801103.SI,IT服务Ⅱ,852226.SI,IT服务Ⅲ,300634.SZ,彩讯股份,20180323,,Y
801750.SI,计算机,801103.SI,IT服务Ⅱ,852226.SI,IT服务Ⅲ,300523.SZ,辰安科技,20160718,,Y
801750.SI,计算机,801103.SI,IT服务Ⅱ,852226.SI,IT服务Ⅲ,688229.SH,博睿数据,20200731,,Y
801750.SI,计算机,801103.SI,IT服务Ⅱ,852226.SI,IT服务Ⅲ,603138.SH,海量数据,20170214,,Y
801750.SI,计算机,801103.SI,IT服务Ⅱ,852226.SI,IT服务Ⅲ,002380.SZ,科远智慧,20100312,,Y
801750.SI,计算机,801103.SI,IT服务Ⅱ,852226.SI,IT服务Ⅲ,002609.SZ,捷顺科技,20110803,,Y
801750.SI,计算机,801103.SI,IT服务Ⅱ,852226.SI,IT服务Ⅲ,300044.SZ,赛为智能,20091229,,Y
801750.SI,计算机,801103.SI,IT服务Ⅱ,852226.SI,IT服务Ⅲ,300496.SZ,中科创达,20151210,,Y
801750.SI,计算机,801103.SI,IT服务Ⅱ,852226.SI,IT服务Ⅲ,300674.SZ,宇信科技,20181030,,Y
801750.SI,计算机,801103.SI,IT服务Ⅱ,852226.SI,IT服务Ⅲ,002908.SZ,德生科技,20230522,,Y
801750.SI,计算机,801103.SI,IT服务Ⅱ,852226.SI,IT服务Ⅲ,300678.SZ,中科信息,20170712,,Y
801750.SI,计算机,801103.SI,IT服务Ⅱ,852226.SI,IT服务Ⅲ,300419.SZ,浩丰科技,20150115,,Y
801750.SI,计算机,801103.SI,IT服务Ⅱ,852226.SI,IT服务Ⅲ,300399.SZ,天利科技,20140127,,Y
801750.SI,计算机,801103.SI,IT服务Ⅱ,852226.SI,IT服务Ⅲ,603887.SH,城地香江,20210730,,Y
801750.SI,计算机,801103.SI,IT服务Ⅱ,852226.SI,IT服务Ⅲ,300245.SZ,天玑科技,20110711,,Y
801750.SI,计算机,801103.SI,IT服务Ⅱ,852226.SI,IT服务Ⅲ,002649.SZ,博彦科技,20111226,,Y
801750.SI,计算机,801103.SI,IT服务Ⅱ,852226.SI,IT服务Ⅲ,600536.SH,中国软件,20020508,,Y
801750.SI,计算机,801103.SI,IT服务Ⅱ,852226.SI,IT服务Ⅲ,688316.SH,青云科技-U,20210301,,Y
801750.SI,计算机,801103.SI,IT服务Ⅱ,852226.SI,IT服务Ⅲ,600797.SH,浙大网新,19970325,,Y
801750.SI,计算机,801103.SI,IT服务Ⅱ,852226.SI,IT服务Ⅲ,600589.SH,广东榕泰,20240723,,Y
801750.SI,计算机,801103.SI,IT服务Ⅱ,852226.SI,IT服务Ⅲ,301556.SZ,托普云农,20240920,,Y
801750.SI,计算机,801103.SI,IT服务Ⅱ,852226.SI,IT服务Ⅲ,000815.SZ,美利云,20240730,,Y
