l1_code,l1_name,l2_code,l2_name,l3_code,l3_name,ts_code,name,in_date,out_date,is_new
801890.SI,机械设备,801074.SI,专用设备,850728.SI,楼宇设备,600835.SH,上海机电,19930806,,Y
801890.SI,机械设备,801074.SI,专用设备,850721.SI,纺织服装设备,600843.SH,上工申贝,19940311,,Y
801890.SI,机械设备,801074.SI,专用设备,850728.SI,楼宇设备,600894.SH,广日股份,19960328,,Y
801890.SI,机械设备,801074.SI,专用设备,850721.SI,纺织服装设备,600232.SH,金鹰股份,20000424,,Y
801890.SI,机械设备,801074.SI,专用设备,850721.SI,纺织服装设备,600302.SH,标准股份,20001213,,Y
801890.SI,机械设备,801074.SI,专用设备,850725.SI,能源及重型设备,600320.SH,振华重工,20001221,,Y
801890.SI,机械设备,801074.SI,专用设备,850725.SI,能源及重型设备,000852.SZ,石化机械,19981126,,Y
801890.SI,机械设备,801074.SI,专用设备,850727.SI,其他专用设备,000856.SZ,冀东装备,19980813,,Y
801890.SI,机械设备,801074.SI,专用设备,850725.SI,能源及重型设备,600169.SH,太原重工,19980904,,Y
801890.SI,机械设备,801074.SI,专用设备,850727.SI,其他专用设备,600501.SH,航天晨光,20010615,,Y
801890.SI,机械设备,801074.SI,专用设备,850727.SI,其他专用设备,600579.SH,克劳斯,20020809,,Y
801890.SI,机械设备,801074.SI,专用设备,850725.SI,能源及重型设备,600560.SH,金自天正,20020909,,Y
801890.SI,机械设备,801074.SI,专用设备,850727.SI,其他专用设备,600499.SH,科达制造,20021010,,Y
801890.SI,机械设备,801074.SI,专用设备,850727.SI,其他专用设备,002009.SZ,天奇股份,20040624,,Y
801890.SI,机械设备,801074.SI,专用设备,850721.SI,纺织服装设备,002021.SZ,中捷资源,20040714,,Y
801890.SI,机械设备,801074.SI,专用设备,850721.SI,纺织服装设备,600545.SH,卓郎智能,20031128,,Y
801890.SI,机械设备,801074.SI,专用设备,850727.SI,其他专用设备,002073.SZ,软控股份,20061018,,Y
801890.SI,机械设备,801074.SI,专用设备,850725.SI,能源及重型设备,601106.SH,中国一重,20100125,,Y
801890.SI,机械设备,801074.SI,专用设备,850725.SI,能源及重型设备,601369.SH,陕鼓动力,20240730,,Y
801890.SI,机械设备,801074.SI,专用设备,850725.SI,能源及重型设备,002523.SZ,天桥起重,20101201,,Y
801890.SI,机械设备,801074.SI,专用设备,850725.SI,能源及重型设备,300099.SZ,尤洛卡,20100805,,Y
801890.SI,机械设备,801074.SI,专用设备,850725.SI,能源及重型设备,300084.SZ,海默科技,20100506,,Y
801890.SI,机械设备,801074.SI,专用设备,850727.SI,其他专用设备,688162.SH,巨一科技,20220729,,Y
801890.SI,机械设备,801074.SI,专用设备,850723.SI,农用机械,300879.SZ,大叶股份,20220729,,Y
801890.SI,机械设备,801074.SI,专用设备,850725.SI,能源及重型设备,002204.SZ,大连重工,20080116,,Y
801890.SI,机械设备,801074.SI,专用设备,850726.SI,印刷包装机械,002209.SZ,达意隆,20080129,,Y
801890.SI,机械设备,801074.SI,专用设备,850725.SI,能源及重型设备,002278.SZ,神开股份,20090721,,Y
801890.SI,机械设备,801074.SI,专用设备,850727.SI,其他专用设备,300004.SZ,南风股份,20091022,,Y
801890.SI,机械设备,801074.SI,专用设备,850727.SI,其他专用设备,002337.SZ,赛象科技,20091231,,Y
801890.SI,机械设备,801074.SI,专用设备,850727.SI,其他专用设备,300103.SZ,达刚控股,20100812,,Y
801890.SI,机械设备,801074.SI,专用设备,850725.SI,能源及重型设备,002353.SZ,杰瑞股份,20100118,,Y
801890.SI,机械设备,801074.SI,专用设备,850725.SI,能源及重型设备,002526.SZ,山东矿机,20101208,,Y
801890.SI,机械设备,801074.SI,专用设备,850725.SI,能源及重型设备,002535.SZ,林州重机,20101229,,Y
801890.SI,机械设备,801074.SI,专用设备,850725.SI,能源及重型设备,002483.SZ,润邦股份,20100917,,Y
801890.SI,机械设备,801074.SI,专用设备,850728.SI,楼宇设备,002527.SZ,新时达,20240730,,Y
801890.SI,机械设备,801074.SI,专用设备,850727.SI,其他专用设备,002430.SZ,杭氧股份,20100525,,Y
801890.SI,机械设备,801074.SI,专用设备,850725.SI,能源及重型设备,300092.SZ,科新机电,20240730,,Y
801890.SI,机械设备,801074.SI,专用设备,850727.SI,其他专用设备,002529.SZ,海源复材,20101215,,Y
801890.SI,机械设备,801074.SI,专用设备,850725.SI,能源及重型设备,601798.SH,蓝科高新,20110609,,Y
801890.SI,机械设备,801074.SI,专用设备,850726.SI,印刷包装机械,300195.SZ,长荣股份,20110321,,Y
801890.SI,机械设备,801074.SI,专用设备,850727.SI,其他专用设备,300281.SZ,金明精机,20111219,,Y
801890.SI,机械设备,801074.SI,专用设备,850726.SI,印刷包装机械,301105.SZ,鸿铭股份,20221223,,Y
801890.SI,机械设备,801074.SI,专用设备,850725.SI,能源及重型设备,002667.SZ,威领股份,20120321,,Y
801890.SI,机械设备,801074.SI,专用设备,850725.SI,能源及重型设备,601608.SH,中信重工,20120626,,Y
801890.SI,机械设备,801074.SI,专用设备,850725.SI,能源及重型设备,002691.SZ,冀凯股份,20120723,,Y
801890.SI,机械设备,801074.SI,专用设备,850728.SI,楼宇设备,002689.SZ,远大智能,20120709,,Y
801890.SI,机械设备,801074.SI,专用设备,850721.SI,纺织服装设备,300307.SZ,慈星股份,20120320,,Y
801890.SI,机械设备,801074.SI,专用设备,850723.SI,农用机械,601038.SH,一拖股份,20120727,,Y
801890.SI,机械设备,801074.SI,专用设备,850727.SI,其他专用设备,300293.SZ,蓝英装备,20120228,,Y
801890.SI,机械设备,801074.SI,专用设备,850727.SI,其他专用设备,002690.SZ,美亚光电,20120720,,Y
801890.SI,机械设备,801074.SI,专用设备,850725.SI,能源及重型设备,603012.SH,创力集团,20150316,,Y
801890.SI,机械设备,801074.SI,专用设备,850723.SI,农用机械,603789.SH,星光农机,20150113,,Y
801890.SI,机械设备,801074.SI,专用设备,850726.SI,印刷包装机械,603901.SH,永创智能,20150526,,Y
801890.SI,机械设备,801074.SI,专用设备,850727.SI,其他专用设备,300415.SZ,伊之密,20150115,,Y
801890.SI,机械设备,801074.SI,专用设备,850727.SI,其他专用设备,300472.SZ,新元科技,20150115,,Y
801890.SI,机械设备,801074.SI,专用设备,850725.SI,能源及重型设备,603036.SH,如通股份,20161201,,Y
801890.SI,机械设备,801074.SI,专用设备,850726.SI,印刷包装机械,300509.SZ,新美星,20160418,,Y
801890.SI,机械设备,801074.SI,专用设备,850726.SI,印刷包装机械,300512.SZ,中亚股份,20160509,,Y
801890.SI,机械设备,801074.SI,专用设备,850726.SI,印刷包装机械,300521.SZ,爱司凯,20160624,,Y
801890.SI,机械设备,801074.SI,专用设备,850727.SI,其他专用设备,002816.SZ,和科达,20161017,,Y
801890.SI,机械设备,801074.SI,专用设备,850727.SI,其他专用设备,002837.SZ,英维克,20161219,,Y
801890.SI,机械设备,801074.SI,专用设备,850727.SI,其他专用设备,603159.SH,上海亚虹,20160804,,Y
801890.SI,机械设备,801074.SI,专用设备,850725.SI,能源及重型设备,001225.SZ,和泰机电,20230213,,Y
801890.SI,机械设备,801074.SI,专用设备,850727.SI,其他专用设备,300382.SZ,斯莱克,20140122,,Y
801890.SI,机械设备,801074.SI,专用设备,850726.SI,印刷包装机械,002611.SZ,东方精工,20180713,,Y
801890.SI,机械设备,801074.SI,专用设备,850723.SI,农用机械,002890.SZ,弘宇股份,20170726,,Y
801890.SI,机械设备,801074.SI,专用设备,850727.SI,其他专用设备,603289.SH,泰瑞机器,20171030,,Y
801890.SI,机械设备,801074.SI,专用设备,850728.SI,楼宇设备,002774.SZ,快意电梯,20170310,,Y
801890.SI,机械设备,801074.SI,专用设备,850727.SI,其他专用设备,300549.SZ,优德精密,20170629,,Y
801890.SI,机械设备,801074.SI,专用设备,850725.SI,能源及重型设备,301158.SZ,德石股份,20211231,,Y
801890.SI,机械设备,801074.SI,专用设备,850727.SI,其他专用设备,301200.SZ,大族数控,20220128,,Y
801890.SI,机械设备,801074.SI,专用设备,850727.SI,其他专用设备,300540.SZ,蜀道装备,20170629,,Y
801890.SI,机械设备,801074.SI,专用设备,850727.SI,其他专用设备,002779.SZ,中坚科技,20170629,,Y
801890.SI,机械设备,801074.SI,专用设备,850727.SI,其他专用设备,002786.SZ,银宝山新,20170629,,Y
801890.SI,机械设备,801074.SI,专用设备,850727.SI,其他专用设备,603011.SH,合锻智能,20170629,,Y
801890.SI,机械设备,801074.SI,专用设备,850727.SI,其他专用设备,600444.SH,国机通用,20170629,,Y
801890.SI,机械设备,801074.SI,专用设备,850721.SI,纺织服装设备,003036.SZ,泰坦股份,20210128,,Y
801890.SI,机械设备,801074.SI,专用设备,850727.SI,其他专用设备,300471.SZ,厚普股份,20150611,,Y
801890.SI,机械设备,801074.SI,专用设备,850727.SI,其他专用设备,002006.SZ,精工科技,20170629,,Y
801890.SI,机械设备,801074.SI,专用设备,850727.SI,其他专用设备,002031.SZ,巨轮智能,20170629,,Y
801890.SI,机械设备,801074.SI,专用设备,850727.SI,其他专用设备,300499.SZ,高澜股份,20160202,,Y
801890.SI,机械设备,801074.SI,专用设备,850727.SI,其他专用设备,300151.SZ,昌红科技,20170629,,Y
801890.SI,机械设备,801074.SI,专用设备,850727.SI,其他专用设备,600520.SH,文一科技,20170629,,Y
801890.SI,机械设备,801074.SI,专用设备,850728.SI,楼宇设备,603488.SH,展鹏科技,20170504,,Y
801890.SI,机械设备,801074.SI,专用设备,850727.SI,其他专用设备,002595.SZ,豪迈科技,20170629,,Y
801890.SI,机械设备,801074.SI,专用设备,850727.SI,其他专用设备,603656.SH,泰禾智能,20170310,,Y
801890.SI,机械设备,801074.SI,专用设备,850725.SI,能源及重型设备,001360.SZ,南矿集团,20230327,,Y
801890.SI,机械设备,801074.SI,专用设备,850725.SI,能源及重型设备,603135.SH,中重科技,20230327,,Y
801890.SI,机械设备,801074.SI,专用设备,850727.SI,其他专用设备,603855.SH,华荣股份,20170504,,Y
801890.SI,机械设备,801074.SI,专用设备,850728.SI,楼宇设备,603321.SH,梅轮电梯,20170907,,Y
801890.SI,机械设备,801074.SI,专用设备,850727.SI,其他专用设备,603076.SH,乐惠国际,20171108,,Y
801890.SI,机械设备,801074.SI,专用设备,850728.SI,楼宇设备,300669.SZ,沪宁股份,20170615,,Y
801890.SI,机械设备,801074.SI,专用设备,850728.SI,楼宇设备,002960.SZ,青鸟消防,20190724,,Y
801890.SI,机械设备,801074.SI,专用设备,850727.SI,其他专用设备,688128.SH,中国电研,20191023,,Y
801890.SI,机械设备,801074.SI,专用设备,850727.SI,其他专用设备,688022.SH,瀚川智能,20190711,,Y
801890.SI,机械设备,801074.SI,专用设备,850727.SI,其他专用设备,603956.SH,威派格,20190218,,Y
801890.SI,机械设备,801074.SI,专用设备,850725.SI,能源及重型设备,001332.SZ,锡装股份,20220909,,Y
801890.SI,机械设备,801074.SI,专用设备,850727.SI,其他专用设备,300813.SZ,泰林生物,20200113,,Y
801890.SI,机械设备,801074.SI,专用设备,850725.SI,能源及重型设备,300865.SZ,大宏立,20200804,,Y
801890.SI,机械设备,801074.SI,专用设备,850725.SI,能源及重型设备,688377.SH,迪威尔,20200618,,Y
801890.SI,机械设备,801074.SI,专用设备,850727.SI,其他专用设备,603081.SH,大丰实业,20220812,,Y
801890.SI,机械设备,801074.SI,专用设备,850725.SI,能源及重型设备,600262.SH,北方股份,20180713,,Y
801890.SI,机械设备,801074.SI,专用设备,850726.SI,印刷包装机械,001256.SZ,炜冈科技,20221121,,Y
801890.SI,机械设备,801074.SI,专用设备,850725.SI,能源及重型设备,688420.SH,美腾科技,20240730,,Y
801890.SI,机械设备,801074.SI,专用设备,850727.SI,其他专用设备,300823.SZ,建科智能,20200310,,Y
801890.SI,机械设备,801074.SI,专用设备,850727.SI,其他专用设备,688529.SH,豪森智能,20201026,,Y
801890.SI,机械设备,801074.SI,专用设备,850727.SI,其他专用设备,688596.SH,正帆科技,20200804,,Y
801890.SI,机械设备,801074.SI,专用设备,850727.SI,其他专用设备,301013.SZ,利和兴,20210609,,Y
801890.SI,机械设备,801074.SI,专用设备,850721.SI,纺织服装设备,688789.SH,宏华数科,20210630,,Y
801890.SI,机械设备,801074.SI,专用设备,850727.SI,其他专用设备,688071.SH,华依科技,20210712,,Y
801890.SI,机械设备,801074.SI,专用设备,850727.SI,其他专用设备,688328.SH,深科达,20210219,,Y
801890.SI,机械设备,801074.SI,专用设备,850728.SI,楼宇设备,605286.SH,同力日升,20210305,,Y
801890.SI,机械设备,801074.SI,专用设备,850727.SI,其他专用设备,688092.SH,爱科科技,20210305,,Y
801890.SI,机械设备,801074.SI,专用设备,850727.SI,其他专用设备,688630.SH,芯碁微装,20210319,,Y
801890.SI,机械设备,801074.SI,专用设备,850725.SI,能源及重型设备,688633.SH,星球石墨,20210312,,Y
801890.SI,机械设备,801074.SI,专用设备,850727.SI,其他专用设备,300971.SZ,博亚精工,20210329,,Y
801890.SI,机械设备,801074.SI,专用设备,850728.SI,楼宇设备,300931.SZ,通用电梯,20210108,,Y
801890.SI,机械设备,801074.SI,专用设备,850727.SI,其他专用设备,688383.SH,新益昌,20210415,,Y
801890.SI,机械设备,801074.SI,专用设备,850727.SI,其他专用设备,688113.SH,联测科技,20210421,,Y
801890.SI,机械设备,801074.SI,专用设备,850727.SI,其他专用设备,300902.SZ,国安达,20201016,,Y
801890.SI,机械设备,801074.SI,专用设备,850721.SI,纺织服装设备,603095.SH,越剑智能,20200402,,Y
801890.SI,机械设备,801074.SI,专用设备,850725.SI,能源及重型设备,601399.SH,国机重装,20210322,,Y
801890.SI,机械设备,801074.SI,专用设备,850727.SI,其他专用设备,300836.SZ,佰奥智能,20200525,,Y
801890.SI,机械设备,801074.SI,专用设备,850727.SI,其他专用设备,300412.SZ,迦南科技,20140120,,Y
801890.SI,机械设备,801074.SI,专用设备,850727.SI,其他专用设备,688312.SH,燕麦科技,20200525,,Y
801890.SI,机械设备,801074.SI,专用设备,850725.SI,能源及重型设备,603800.SH,洪田股份,20151210,,Y
801890.SI,机械设备,801074.SI,专用设备,850727.SI,其他专用设备,603895.SH,天永智能,20180122,,Y
801890.SI,机械设备,801074.SI,专用设备,850727.SI,其他专用设备,688400.SH,凌云光,20220708,,Y
801890.SI,机械设备,801074.SI,专用设备,850725.SI,能源及重型设备,688121.SH,卓然股份,20210820,,Y
801890.SI,机械设备,801074.SI,专用设备,850727.SI,其他专用设备,300756.SZ,金马游乐,20220729,,Y
801890.SI,机械设备,801074.SI,专用设备,850723.SI,农用机械,603029.SH,天鹅股份,20220729,,Y
801890.SI,机械设备,801074.SI,专用设备,850727.SI,其他专用设备,301338.SZ,凯格精机,20220805,,Y
801890.SI,机械设备,801074.SI,专用设备,850727.SI,其他专用设备,300411.SZ,金盾股份,20140120,,Y
801890.SI,机械设备,801074.SI,专用设备,850727.SI,其他专用设备,002833.SZ,弘亚数控,20161212,,Y
801890.SI,机械设备,801074.SI,专用设备,850725.SI,能源及重型设备,603169.SH,兰石重装,20140127,,Y
801890.SI,机械设备,801074.SI,专用设备,850725.SI,能源及重型设备,600582.SH,天地科技,20020508,,Y
801890.SI,机械设备,801074.SI,专用设备,850725.SI,能源及重型设备,300480.SZ,光力科技,20150119,,Y
801890.SI,机械设备,801074.SI,专用设备,850727.SI,其他专用设备,301128.SZ,强瑞技术,20211029,,Y
801890.SI,机械设备,801074.SI,专用设备,850725.SI,能源及重型设备,601717.SH,郑煤机,20190724,,Y
801890.SI,机械设备,801074.SI,专用设备,850723.SI,农用机械,300159.SZ,新研股份,20220729,,Y
801890.SI,机械设备,801074.SI,专用设备,850725.SI,能源及重型设备,300095.SZ,华伍股份,20220729,,Y
801890.SI,机械设备,801074.SI,专用设备,850727.SI,其他专用设备,688211.SH,中科微至,20210930,,Y
801890.SI,机械设备,801074.SI,专用设备,850727.SI,其他专用设备,301083.SZ,百胜智能,20211015,,Y
801890.SI,机械设备,801074.SI,专用设备,850725.SI,能源及重型设备,001288.SZ,运机集团,20211015,,Y
801890.SI,机械设备,801074.SI,专用设备,850727.SI,其他专用设备,603201.SH,常润股份,20220725,,Y
801890.SI,机械设备,801074.SI,专用设备,850725.SI,能源及重型设备,300950.SZ,德固特,20210730,,Y
801890.SI,机械设备,801074.SI,专用设备,850726.SI,印刷包装机械,301138.SZ,华研精机,20220729,,Y
801890.SI,机械设备,801074.SI,专用设备,850728.SI,楼宇设备,301056.SZ,森赫股份,20210820,,Y
801890.SI,机械设备,801074.SI,专用设备,850721.SI,纺织服装设备,301053.SZ,远信工业,20210820,,Y
801890.SI,机械设备,801074.SI,专用设备,850727.SI,其他专用设备,688531.SH,日联科技,20230317,,Y
801890.SI,机械设备,801074.SI,专用设备,850727.SI,其他专用设备,600330.SH,天通股份,20210730,,Y
801890.SI,机械设备,801074.SI,专用设备,850725.SI,能源及重型设备,603173.SH,福斯达,20230704,,Y
801890.SI,机械设备,801074.SI,专用设备,850725.SI,能源及重型设备,603698.SH,航天工程,20210730,,Y
801890.SI,机械设备,801074.SI,专用设备,850727.SI,其他专用设备,605259.SH,绿田机械,20210730,,Y
801890.SI,机械设备,801074.SI,专用设备,850723.SI,农用机械,301533.SZ,威马农机,20230731,,Y
801890.SI,机械设备,801074.SI,专用设备,850723.SI,农用机械,301260.SZ,格力博,20230120,,Y
801890.SI,机械设备,801074.SI,专用设备,850727.SI,其他专用设备,688378.SH,奥来德,20200817,,Y
801890.SI,机械设备,801074.SI,专用设备,850728.SI,楼宇设备,002367.SZ,康力电梯,20100222,,Y
801890.SI,机械设备,801074.SI,专用设备,850727.SI,其他专用设备,002757.SZ,南兴股份,20150126,,Y
801890.SI,机械设备,801074.SI,专用设备,850725.SI,能源及重型设备,603966.SH,法兰泰克,20170116,,Y
801890.SI,机械设备,801074.SI,专用设备,850727.SI,其他专用设备,688700.SH,东威科技,20210531,,Y
801890.SI,机械设备,801074.SI,专用设备,850727.SI,其他专用设备,300833.SZ,浩洋股份,20200506,,Y
801890.SI,机械设备,801074.SI,专用设备,850728.SI,楼宇设备,603356.SH,华菱精工,20180108,,Y
801890.SI,机械设备,801074.SI,专用设备,850725.SI,能源及重型设备,300837.SZ,浙矿股份,20200525,,Y
801890.SI,机械设备,801074.SI,专用设备,850725.SI,能源及重型设备,002730.SZ,电光科技,20140127,,Y
801890.SI,机械设备,801074.SI,专用设备,850727.SI,其他专用设备,300988.SZ,津荣天宇,20210730,,Y
801890.SI,机械设备,801074.SI,专用设备,850721.SI,纺织服装设备,603337.SH,杰克股份,20210730,,Y
801890.SI,机械设备,801074.SI,专用设备,850727.SI,其他专用设备,301392.SZ,汇成真空,20240517,,Y
801890.SI,机械设备,801074.SI,专用设备,850727.SI,其他专用设备,688648.SH,中邮科技,20231027,,Y
801890.SI,机械设备,801074.SI,专用设备,850725.SI,能源及重型设备,603325.SH,博隆技术,20231222,,Y
801890.SI,机械设备,801074.SI,专用设备,850725.SI,能源及重型设备,603391.SH,力聚热能,20240712,,Y
801890.SI,机械设备,801074.SI,专用设备,850725.SI,能源及重型设备,001277.SZ,速达股份,20240830,,Y
801890.SI,机械设备,801074.SI,专用设备,850727.SI,其他专用设备,002530.SZ,金财互联,20240730,,Y
801890.SI,机械设备,801074.SI,专用设备,850721.SI,纺织服装设备,002722.SZ,物产金轮,20240730,,Y
801890.SI,机械设备,801074.SI,专用设备,850725.SI,能源及重型设备,301063.SZ,海锅股份,20240730,,Y
801890.SI,机械设备,801074.SI,专用设备,850725.SI,能源及重型设备,600980.SH,北矿科技,20240730,,Y
