l1_code,l1_name,l2_code,l2_name,l3_code,l3_name,ts_code,name,in_date,out_date,is_new
801790.SI,非银金融,801194.SI,保险Ⅱ,851941.SI,保险Ⅲ,601318.SH,中国平安,20070228,,Y
801790.SI,非银金融,801194.SI,保险Ⅱ,851941.SI,保险Ⅲ,601601.SH,中国太保,20071224,,Y
801790.SI,非银金融,801194.SI,保险Ⅱ,851941.SI,保险Ⅲ,601628.SH,中国人寿,20070108,,Y
801790.SI,非银金融,801194.SI,保险Ⅱ,851941.SI,保险Ⅲ,601336.SH,新华保险,20111207,,Y
801790.SI,非银金融,801194.SI,保险Ⅱ,851941.SI,保险Ⅲ,000627.SZ,天茂集团,20170629,,Y
801790.SI,非银金融,801194.SI,保险Ⅱ,851941.SI,保险Ⅲ,601319.SH,中国人保,20181030,,Y
