l1_code,l1_name,l2_code,l2_name,l3_code,l3_name,ts_code,name,in_date,out_date,is_new
801740.SI,国防军工,801745.SI,军工电子Ⅱ,857451.SI,军工电子Ⅲ,301302.SZ,华如科技,20220602,,Y
801740.SI,国防军工,801745.SI,军工电子Ⅱ,857451.SI,军工电子Ⅲ,002446.SZ,盛路通信,20100712,,Y
801740.SI,国防军工,801745.SI,军工电子Ⅱ,857451.SI,军工电子Ⅲ,300045.SZ,华力创通,20091229,,Y
801740.SI,国防军工,801745.SI,军工电子Ⅱ,857451.SI,军工电子Ⅲ,001270.SZ,铖昌科技,20220520,,Y
801740.SI,国防军工,801745.SI,军工电子Ⅱ,857451.SI,军工电子Ⅲ,002383.SZ,合众思壮,20100317,,Y
801740.SI,国防军工,801745.SI,军工电子Ⅱ,857451.SI,军工电子Ⅲ,300252.SZ,金信诺,20110801,,Y
801740.SI,国防军工,801745.SI,军工电子Ⅱ,857451.SI,军工电子Ⅲ,301306.SZ,西测测试,20220708,,Y
801740.SI,国防军工,801745.SI,军工电子Ⅱ,857451.SI,军工电子Ⅲ,688053.SH,思科瑞,20220708,,Y
801740.SI,国防军工,801745.SI,军工电子Ⅱ,857451.SI,军工电子Ⅲ,300177.SZ,中海达,20110127,,Y
801740.SI,国防军工,801745.SI,军工电子Ⅱ,857451.SI,军工电子Ⅲ,688175.SH,高凌信息,20220228,,Y
801740.SI,国防军工,801745.SI,军工电子Ⅱ,857451.SI,军工电子Ⅲ,300447.SZ,全信股份,20150113,,Y
801740.SI,国防军工,801745.SI,军工电子Ⅱ,857451.SI,军工电子Ⅲ,688002.SH,睿创微纳,20190626,,Y
801740.SI,国防军工,801745.SI,军工电子Ⅱ,857451.SI,军工电子Ⅲ,688439.SH,振华风光,20220812,,Y
801740.SI,国防军工,801745.SI,军工电子Ⅱ,857451.SI,军工电子Ⅲ,688132.SH,邦彦技术,20220909,,Y
801740.SI,国防军工,801745.SI,军工电子Ⅱ,857451.SI,军工电子Ⅲ,688084.SH,晶品特装,20221121,,Y
801740.SI,国防军工,801745.SI,军工电子Ⅱ,857451.SI,军工电子Ⅲ,603712.SH,七一二,20180212,,Y
801740.SI,国防军工,801745.SI,军工电子Ⅱ,857451.SI,军工电子Ⅲ,300397.SZ,天和防务,20220729,,Y
801740.SI,国防军工,801745.SI,军工电子Ⅱ,857451.SI,军工电子Ⅲ,600590.SH,泰豪科技,20220729,,Y
801740.SI,国防军工,801745.SI,军工电子Ⅱ,857451.SI,军工电子Ⅲ,301050.SZ,雷电微力,20210813,,Y
801740.SI,国防军工,801745.SI,军工电子Ⅱ,857451.SI,军工电子Ⅲ,688522.SH,纳睿雷达,20230224,,Y
801740.SI,国防军工,801745.SI,军工电子Ⅱ,857451.SI,军工电子Ⅲ,688552.SH,航天南湖,20230504,,Y
801740.SI,国防军工,801745.SI,军工电子Ⅱ,857451.SI,军工电子Ⅲ,300629.SZ,新劲刚,20220729,,Y
801740.SI,国防军工,801745.SI,军工电子Ⅱ,857451.SI,军工电子Ⅲ,002231.SZ,奥维通信,20211029,,Y
801740.SI,国防军工,801745.SI,军工电子Ⅱ,857451.SI,军工电子Ⅲ,688776.SH,国光电气,20210820,,Y
801740.SI,国防军工,801745.SI,军工电子Ⅱ,857451.SI,军工电子Ⅲ,301213.SZ,观想科技,20211126,,Y
801740.SI,国防军工,801745.SI,军工电子Ⅱ,857451.SI,军工电子Ⅲ,688272.SH,富吉瑞,20210924,,Y
801740.SI,国防军工,801745.SI,军工电子Ⅱ,857451.SI,军工电子Ⅲ,002179.SZ,中航光电,20210730,,Y
801740.SI,国防军工,801745.SI,军工电子Ⅱ,857451.SI,军工电子Ⅲ,688636.SH,智明达,20210730,,Y
801740.SI,国防军工,801745.SI,军工电子Ⅱ,857451.SI,军工电子Ⅲ,002413.SZ,雷科防务,20210730,,Y
801740.SI,国防军工,801745.SI,军工电子Ⅱ,857451.SI,军工电子Ⅲ,002977.SZ,天箭科技,20210730,,Y
801740.SI,国防军工,801745.SI,军工电子Ⅱ,857451.SI,军工电子Ⅲ,688311.SH,盟升电子,20210730,,Y
801740.SI,国防军工,801745.SI,军工电子Ⅱ,857451.SI,军工电子Ⅲ,300114.SZ,中航电测,20210730,,Y
801740.SI,国防军工,801745.SI,军工电子Ⅱ,857451.SI,军工电子Ⅲ,002414.SZ,高德红外,20210730,,Y
801740.SI,国防军工,801745.SI,军工电子Ⅱ,857451.SI,军工电子Ⅲ,688011.SH,新光光电,20210730,,Y
801740.SI,国防军工,801745.SI,军工电子Ⅱ,857451.SI,军工电子Ⅲ,603267.SH,鸿远电子,20210730,,Y
801740.SI,国防军工,801745.SI,军工电子Ⅱ,857451.SI,军工电子Ⅲ,688629.SH,华丰科技,20230609,,Y
801740.SI,国防军工,801745.SI,军工电子Ⅱ,857451.SI,军工电子Ⅲ,000547.SZ,航天发展,20210730,,Y
801740.SI,国防军工,801745.SI,军工电子Ⅱ,857451.SI,军工电子Ⅲ,600990.SH,四创电子,20210730,,Y
801740.SI,国防军工,801745.SI,军工电子Ⅱ,857451.SI,军工电子Ⅲ,603678.SH,火炬电子,20210730,,Y
801740.SI,国防军工,801745.SI,军工电子Ⅱ,857451.SI,军工电子Ⅲ,000733.SZ,振华科技,20210730,,Y
801740.SI,国防军工,801745.SI,军工电子Ⅱ,857451.SI,军工电子Ⅲ,688682.SH,霍莱沃,20210730,,Y
801740.SI,国防军工,801745.SI,军工电子Ⅱ,857451.SI,军工电子Ⅲ,300101.SZ,振芯科技,20210730,,Y
801740.SI,国防军工,801745.SI,军工电子Ⅱ,857451.SI,军工电子Ⅲ,688788.SH,科思科技,20210730,,Y
801740.SI,国防军工,801745.SI,军工电子Ⅱ,857451.SI,军工电子Ⅲ,688511.SH,天微电子,20210730,,Y
801740.SI,国防军工,801745.SI,军工电子Ⅱ,857451.SI,军工电子Ⅲ,300123.SZ,亚光科技,20210730,,Y
801740.SI,国防军工,801745.SI,军工电子Ⅱ,857451.SI,军工电子Ⅲ,600562.SH,国睿科技,20210730,,Y
801740.SI,国防军工,801745.SI,军工电子Ⅱ,857451.SI,军工电子Ⅲ,002151.SZ,北斗星通,20210730,,Y
801740.SI,国防军工,801745.SI,军工电子Ⅱ,857451.SI,军工电子Ⅲ,002214.SZ,大立科技,20210730,,Y
801740.SI,国防军工,801745.SI,军工电子Ⅱ,857451.SI,军工电子Ⅲ,002465.SZ,海格通信,20210730,,Y
801740.SI,国防军工,801745.SI,军工电子Ⅱ,857451.SI,军工电子Ⅲ,300474.SZ,景嘉微,20210730,,Y
801740.SI,国防军工,801745.SI,军工电子Ⅱ,857451.SI,军工电子Ⅲ,002025.SZ,航天电器,20210730,,Y
801740.SI,国防军工,801745.SI,军工电子Ⅱ,857451.SI,军工电子Ⅲ,688375.SH,国博电子,20220701,,Y
801740.SI,国防军工,801745.SI,军工电子Ⅱ,857451.SI,军工电子Ⅲ,002338.SZ,奥普光电,20210730,,Y
801740.SI,国防军工,801745.SI,军工电子Ⅱ,857451.SI,军工电子Ⅲ,002935.SZ,天奥电子,20210730,,Y
801740.SI,国防军工,801745.SI,军工电子Ⅱ,857451.SI,军工电子Ⅲ,002189.SZ,中光学,20210730,,Y
801740.SI,国防军工,801745.SI,军工电子Ⅱ,857451.SI,军工电子Ⅲ,688081.SH,兴图新科,20210730,,Y
801740.SI,国防军工,801745.SI,军工电子Ⅱ,857451.SI,军工电子Ⅲ,300726.SZ,宏达电子,20210730,,Y
801740.SI,国防军工,801745.SI,军工电子Ⅱ,857451.SI,军工电子Ⅲ,300762.SZ,上海瀚讯,20210730,,Y
801740.SI,国防军工,801745.SI,军工电子Ⅱ,857451.SI,军工电子Ⅲ,301517.SZ,陕西华达,20231013,,Y
801740.SI,国防军工,801745.SI,军工电子Ⅱ,857451.SI,军工电子Ⅲ,000638.SZ,万方发展,20240108,,Y
801740.SI,国防军工,801745.SI,军工电子Ⅱ,857451.SI,军工电子Ⅲ,301592.SZ,六九一二,20241011,,Y
801740.SI,国防军工,801745.SI,军工电子Ⅱ,857451.SI,军工电子Ⅲ,600855.SH,航天长峰,20240730,,Y
801740.SI,国防军工,801745.SI,军工电子Ⅱ,857451.SI,军工电子Ⅲ,301571.SZ,国科天成,20240802,,Y
