l1_code,l1_name,l2_code,l2_name,l3_code,l3_name,ts_code,name,in_date,out_date,is_new
801150.SI,医药生物,801151.SI,化学制药,851512.SI,化学制剂,000566.SZ,海南海药,19940525,,Y
801150.SI,医药生物,801151.SI,化学制药,851511.SI,原料药,002817.SZ,黄山胶囊,20220729,,Y
801150.SI,医药生物,801151.SI,化学制药,851512.SI,化学制剂,000513.SZ,丽珠集团,19931028,,Y
801150.SI,医药生物,801151.SI,化学制药,851512.SI,化学制剂,000153.SZ,丰原药业,20000918,,Y
801150.SI,医药生物,801151.SI,化学制药,851512.SI,化学制剂,000963.SZ,华东医药,20000127,,Y
801150.SI,医药生物,801151.SI,化学制药,851512.SI,化学制剂,600062.SH,华润双鹤,19970522,,Y
801150.SI,医药生物,801151.SI,化学制药,851511.SI,原料药,000756.SZ,新华制药,19970806,,Y
801150.SI,医药生物,801151.SI,化学制药,851512.SI,化学制剂,600079.SH,人福医药,19970606,,Y
801150.SI,医药生物,801151.SI,化学制药,851511.SI,原料药,000739.SZ,普洛药业,19970422,,Y
801150.SI,医药生物,801151.SI,化学制药,851512.SI,化学制剂,600196.SH,复星医药,19980807,,Y
801150.SI,医药生物,801151.SI,化学制药,851511.SI,原料药,000952.SZ,广济药业,19991112,,Y
801150.SI,医药生物,801151.SI,化学制药,851511.SI,原料药,600216.SH,浙江医药,19991021,,Y
801150.SI,医药生物,801151.SI,化学制药,851511.SI,原料药,002001.SZ,新和成,20040618,,Y
801150.SI,医药生物,801151.SI,化学制药,851512.SI,化学制剂,600513.SH,联环药业,20030319,,Y
801150.SI,医药生物,801151.SI,化学制药,851512.SI,化学制剂,002038.SZ,双鹭药业,20240730,,Y
801150.SI,医药生物,801151.SI,化学制药,851511.SI,原料药,002099.SZ,海翔药业,20061226,,Y
801150.SI,医药生物,801151.SI,化学制药,851512.SI,化学制剂,002393.SZ,力生制药,20100106,,Y
801150.SI,医药生物,801151.SI,化学制药,851512.SI,化学制剂,688197.SH,首药控股-U,20220304,,Y
801150.SI,医药生物,801151.SI,化学制药,851512.SI,化学制剂,300086.SZ,康芝药业,20100112,,Y
801150.SI,医药生物,801151.SI,化学制药,851512.SI,化学制剂,300194.SZ,福安药业,20110114,,Y
801150.SI,医药生物,801151.SI,化学制药,851511.SI,原料药,688166.SH,博瑞医药,20220729,,Y
801150.SI,医药生物,801151.SI,化学制药,851512.SI,化学制剂,600276.SH,恒瑞医药,20080102,,Y
801150.SI,医药生物,801151.SI,化学制药,851512.SI,化学制剂,600664.SH,哈药股份,20081007,,Y
801150.SI,医药生物,801151.SI,化学制药,851512.SI,化学制剂,002262.SZ,恩华药业,20081007,,Y
801150.SI,医药生物,801151.SI,化学制药,851512.SI,化学制剂,300006.SZ,莱美药业,20090122,,Y
801150.SI,医药生物,801151.SI,化学制药,851512.SI,化学制剂,300016.SZ,北陆药业,20090112,,Y
801150.SI,医药生物,801151.SI,化学制药,851512.SI,化学制剂,002422.SZ,科伦药业,20100120,,Y
801150.SI,医药生物,801151.SI,化学制药,851512.SI,化学制剂,002399.SZ,海普瑞,20240730,,Y
801150.SI,医药生物,801151.SI,化学制药,851512.SI,化学制剂,601089.SH,福元医药,20220617,,Y
801150.SI,医药生物,801151.SI,化学制药,851512.SI,化学制剂,300361.SZ,奥赛康,20140108,,Y
801150.SI,医药生物,801151.SI,化学制药,851512.SI,化学制剂,000813.SZ,德展健康,20180809,,Y
801150.SI,医药生物,801151.SI,化学制药,851512.SI,化学制剂,300199.SZ,翰宇药业,20110128,,Y
801150.SI,医药生物,801151.SI,化学制药,851512.SI,化学制剂,600420.SH,国药现代,20110110,,Y
801150.SI,医药生物,801151.SI,化学制药,851512.SI,化学制剂,688382.SH,益方生物-U,20220708,,Y
801150.SI,医药生物,801151.SI,化学制药,851512.SI,化学制剂,600789.SH,鲁抗医药,20110110,,Y
801150.SI,医药生物,801151.SI,化学制药,851512.SI,化学制剂,000915.SZ,华特达因,20110110,,Y
801150.SI,医药生物,801151.SI,化学制药,851512.SI,化学制剂,002294.SZ,信立泰,20110110,,Y
801150.SI,医药生物,801151.SI,化学制药,851512.SI,化学制剂,600380.SH,健康元,20110110,,Y
801150.SI,医药生物,801151.SI,化学制药,851512.SI,化学制剂,688506.SH,百利天恒-U,20221223,,Y
801150.SI,医药生物,801151.SI,化学制药,851511.SI,原料药,301246.SZ,宏源药业,20230224,,Y
801150.SI,医药生物,801151.SI,化学制药,851512.SI,化学制剂,002653.SZ,海思科,20120109,,Y
801150.SI,医药生物,801151.SI,化学制药,851511.SI,原料药,300452.SZ,山河药辅,20150106,,Y
801150.SI,医药生物,801151.SI,化学制药,851512.SI,化学制剂,300436.SZ,广生堂,20150113,,Y
801150.SI,医药生物,801151.SI,化学制药,851512.SI,化学制剂,688062.SH,迈威生物-U,20211224,,Y
801150.SI,医药生物,801151.SI,化学制药,851511.SI,原料药,603520.SH,司太立,20160304,,Y
801150.SI,医药生物,801151.SI,化学制药,851512.SI,化学制剂,300558.SZ,贝达药业,20161028,,Y
801150.SI,医药生物,801151.SI,化学制药,851512.SI,化学制剂,300573.SZ,兴齐眼药,20161201,,Y
801150.SI,医药生物,801151.SI,化学制药,851511.SI,原料药,301277.SZ,新天地,20221028,,Y
801150.SI,医药生物,801151.SI,化学制药,851511.SI,原料药,301301.SZ,川宁生物,20240730,,Y
801150.SI,医药生物,801151.SI,化学制药,851512.SI,化学制剂,603168.SH,莎普爱思,20140120,,Y
801150.SI,医药生物,801151.SI,化学制药,851511.SI,原料药,300381.SZ,溢多利,20140122,,Y
801150.SI,医药生物,801151.SI,化学制药,851511.SI,原料药,002102.SZ,能特科技,20140701,,Y
801150.SI,医药生物,801151.SI,化学制药,851512.SI,化学制剂,002900.SZ,哈三联,20170907,,Y
801150.SI,医药生物,801151.SI,化学制药,851511.SI,原料药,603079.SH,圣达生物,20170815,,Y
801150.SI,医药生物,801151.SI,化学制药,851512.SI,化学制剂,688176.SH,亚虹医药-U,20211217,,Y
801150.SI,医药生物,801151.SI,化学制药,851512.SI,化学制剂,300723.SZ,一品红,20171108,,Y
801150.SI,医药生物,801151.SI,化学制药,851512.SI,化学制剂,603811.SH,诚意药业,20170224,,Y
801150.SI,医药生物,801151.SI,化学制药,851512.SI,化学制剂,002923.SZ,润都股份,20171220,,Y
801150.SI,医药生物,801151.SI,化学制药,851512.SI,化学制剂,603367.SH,辰欣药业,20170921,,Y
801150.SI,医药生物,801151.SI,化学制药,851512.SI,化学制剂,300705.SZ,九典制药,20170921,,Y
801150.SI,医药生物,801151.SI,化学制药,851511.SI,原料药,300497.SZ,富祥药业,20151222,,Y
801150.SI,医药生物,801151.SI,化学制药,851512.SI,化学制剂,300630.SZ,普利制药,20170310,,Y
801150.SI,医药生物,801151.SI,化学制药,851512.SI,化学制剂,300584.SZ,海辰药业,20170105,,Y
801150.SI,医药生物,801151.SI,化学制药,851511.SI,原料药,603229.SH,奥翔药业,20170419,,Y
801150.SI,医药生物,801151.SI,化学制药,851511.SI,原料药,001367.SZ,海森药业,20230327,,Y
801150.SI,医药生物,801151.SI,化学制药,851512.SI,化学制剂,002675.SZ,东诚药业,20170629,,Y
801150.SI,医药生物,801151.SI,化学制药,851512.SI,化学制剂,300233.SZ,金城医药,20190724,,Y
801150.SI,医药生物,801151.SI,化学制药,851512.SI,化学制剂,002550.SZ,千红制药,20190724,,Y
801150.SI,医药生物,801151.SI,化学制药,851512.SI,化学制剂,002755.SZ,奥赛康,20190724,,Y
801150.SI,医药生物,801151.SI,化学制药,851512.SI,化学制剂,688321.SH,微芯生物,20190724,,Y
801150.SI,医药生物,801151.SI,化学制药,851512.SI,化学制剂,600521.SH,华海药业,20190724,,Y
801150.SI,医药生物,801151.SI,化学制药,851512.SI,化学制剂,600200.SH,江苏吴中,20190724,,Y
801150.SI,医药生物,801151.SI,化学制药,851512.SI,化学制剂,600613.SH,神奇制药,20190724,,Y
801150.SI,医药生物,801151.SI,化学制药,851512.SI,化学制剂,000788.SZ,北大医药,20190724,,Y
801150.SI,医药生物,801151.SI,化学制药,851512.SI,化学制剂,000931.SZ,中关村,20190724,,Y
801150.SI,医药生物,801151.SI,化学制药,851512.SI,化学制剂,002020.SZ,京新药业,20190724,,Y
801150.SI,医药生物,801151.SI,化学制药,851511.SI,原料药,603351.SH,威尔药业,20190124,,Y
801150.SI,医药生物,801151.SI,化学制药,851511.SI,原料药,300765.SZ,新诺威,20190306,,Y
801150.SI,医药生物,801151.SI,化学制药,851512.SI,化学制剂,688658.SH,悦康药业,20201214,,Y
801150.SI,医药生物,801151.SI,化学制药,851512.SI,化学制剂,003020.SZ,立方制药,20201110,,Y
801150.SI,医药生物,801151.SI,化学制药,851512.SI,化学制剂,688221.SH,前沿生物-U,20201016,,Y
801150.SI,医药生物,801151.SI,化学制药,851512.SI,化学制剂,603676.SH,卫信康,20170712,,Y
801150.SI,医药生物,801151.SI,化学制药,851512.SI,化学制剂,688247.SH,宣泰医药,20220812,,Y
801150.SI,医药生物,801151.SI,化学制药,851512.SI,化学制剂,600812.SH,华北制药,20180713,,Y
801150.SI,医药生物,801151.SI,化学制药,851512.SI,化学制剂,600851.SH,海欣股份,20180619,,Y
801150.SI,医药生物,801151.SI,化学制药,851512.SI,化学制剂,300434.SZ,金石亚药,20180713,,Y
801150.SI,医药生物,801151.SI,化学制药,851512.SI,化学制剂,002940.SZ,昂利康,20181012,,Y
801150.SI,医药生物,801151.SI,化学制药,851512.SI,化学制剂,000766.SZ,通化金马,20190724,,Y
801150.SI,医药生物,801151.SI,化学制药,851512.SI,化学制剂,000597.SZ,东北制药,20190724,,Y
801150.SI,医药生物,801151.SI,化学制药,851512.SI,化学制剂,301130.SZ,西点药业,20220128,,Y
801150.SI,医药生物,801151.SI,化学制药,851512.SI,化学制剂,688117.SH,圣诺生物,20210518,,Y
801150.SI,医药生物,801151.SI,化学制药,851512.SI,化学制剂,688302.SH,海创药业-U,20220401,,Y
801150.SI,医药生物,801151.SI,化学制药,851512.SI,化学制剂,688799.SH,华纳药厂,20210630,,Y
801150.SI,医药生物,801151.SI,化学制药,851512.SI,化学制剂,600774.SH,汉商集团,20220729,,Y
801150.SI,医药生物,801151.SI,化学制药,851511.SI,原料药,605507.SH,国邦医药,20210723,,Y
801150.SI,医药生物,801151.SI,化学制药,851511.SI,原料药,300966.SZ,共同药业,20210325,,Y
801150.SI,医药生物,801151.SI,化学制药,851512.SI,化学制剂,688566.SH,吉贝尔,20200427,,Y
801150.SI,医药生物,801151.SI,化学制药,851512.SI,化学制剂,688189.SH,南新制药,20200310,,Y
801150.SI,医药生物,801151.SI,化学制药,851512.SI,化学制剂,688266.SH,泽璟制药-U,20200108,,Y
801150.SI,医药生物,801151.SI,化学制药,851512.SI,化学制剂,002793.SZ,罗欣药业,20200601,,Y
801150.SI,医药生物,801151.SI,化学制药,851512.SI,化学制剂,688505.SH,复旦张江,20200602,,Y
801150.SI,医药生物,801151.SI,化学制药,851511.SI,原料药,605116.SH,奥锐特,20200904,,Y
801150.SI,医药生物,801151.SI,化学制药,851512.SI,化学制剂,688513.SH,苑东生物,20200814,,Y
801150.SI,医药生物,801151.SI,化学制药,851511.SI,原料药,002365.SZ,永安药业,20100111,,Y
801150.SI,医药生物,801151.SI,化学制药,851511.SI,原料药,300583.SZ,赛托生物,20161226,,Y
801150.SI,医药生物,801151.SI,化学制药,851512.SI,化学制剂,688578.SH,艾力斯,20201123,,Y
801150.SI,医药生物,801151.SI,化学制药,851512.SI,化学制剂,300110.SZ,华仁药业,20100111,,Y
801150.SI,医药生物,801151.SI,化学制药,851511.SI,原料药,688356.SH,键凯科技,20200810,,Y
801150.SI,医药生物,801151.SI,化学制药,851512.SI,化学制剂,002693.SZ,双成药业,20220729,,Y
801150.SI,医药生物,801151.SI,化学制药,851512.SI,化学制剂,000919.SZ,金陵药业,20220729,,Y
801150.SI,医药生物,801151.SI,化学制药,851511.SI,原料药,000953.SZ,河化股份,20220729,,Y
801150.SI,医药生物,801151.SI,化学制药,851512.SI,化学制剂,002437.SZ,誉衡药业,20100104,,Y
801150.SI,医药生物,801151.SI,化学制药,851512.SI,化学制剂,300254.SZ,仟源医药,20110110,,Y
801150.SI,医药生物,801151.SI,化学制药,851511.SI,原料药,603538.SH,美诺华,20170320,,Y
801150.SI,医药生物,801151.SI,化学制药,851511.SI,原料药,301258.SZ,富士莱,20220311,,Y
801150.SI,医药生物,801151.SI,化学制药,851512.SI,化学制剂,301263.SZ,泰恩康,20220311,,Y
801150.SI,医药生物,801151.SI,化学制药,851512.SI,化学制剂,300255.SZ,常山药业,20170629,,Y
801150.SI,医药生物,801151.SI,化学制药,851511.SI,原料药,301211.SZ,亨迪药业,20211203,,Y
801150.SI,医药生物,801151.SI,化学制药,851512.SI,化学制剂,300204.SZ,舒泰神,20220729,,Y
801150.SI,医药生物,801151.SI,化学制药,851511.SI,原料药,600488.SH,津药药业,20220729,,Y
801150.SI,医药生物,801151.SI,化学制药,851512.SI,化学制剂,688192.SH,迪哲医药-U,20211126,,Y
801150.SI,医药生物,801151.SI,化学制药,851511.SI,原料药,301089.SZ,拓新药业,20210930,,Y
801150.SI,医药生物,801151.SI,化学制药,851512.SI,化学制剂,688553.SH,汇宇制药-W,20210930,,Y
801150.SI,医药生物,801151.SI,化学制药,851512.SI,化学制剂,688373.SH,盟科药业-U,20220725,,Y
801150.SI,医药生物,801151.SI,化学制药,851512.SI,化学制剂,300111.SZ,向日葵,20220729,,Y
801150.SI,医药生物,801151.SI,化学制药,851511.SI,原料药,002332.SZ,仙琚制药,20220729,,Y
801150.SI,医药生物,801151.SI,化学制药,851511.SI,原料药,301065.SZ,本立科技,20220729,,Y
801150.SI,医药生物,801151.SI,化学制药,851512.SI,化学制剂,600267.SH,海正药业,20220729,,Y
801150.SI,医药生物,801151.SI,化学制药,851512.SI,化学制剂,002019.SZ,亿帆医药,20210730,,Y
801150.SI,医药生物,801151.SI,化学制药,851512.SI,化学制剂,688091.SH,上海谊众,20210820,,Y
801150.SI,医药生物,801151.SI,化学制药,851512.SI,化学制剂,301075.SZ,多瑞医药,20210917,,Y
801150.SI,医药生物,801151.SI,化学制药,851512.SI,化学制剂,688428.SH,诺诚健华-U,20220902,,Y
801150.SI,医药生物,801151.SI,化学制药,851512.SI,化学制剂,002826.SZ,易明医药,20210730,,Y
801150.SI,医药生物,801151.SI,化学制药,851511.SI,原料药,301281.SZ,科源制药,20230317,,Y
801150.SI,医药生物,801151.SI,化学制药,851512.SI,化学制剂,603707.SH,健友股份,20210730,,Y
801150.SI,医药生物,801151.SI,化学制药,851511.SI,原料药,300702.SZ,天宇股份,20210730,,Y
801150.SI,医药生物,801151.SI,化学制药,851512.SI,化学制剂,600624.SH,复旦复华,20210730,,Y
801150.SI,医药生物,801151.SI,化学制药,851512.SI,化学制剂,301507.SZ,民生健康,20230821,,Y
801150.SI,医药生物,801151.SI,化学制药,851511.SI,原料药,300636.SZ,同和药业,20170320,,Y
801150.SI,医药生物,801151.SI,化学制药,851512.SI,化学制剂,002370.SZ,亚太药业,20100125,,Y
801150.SI,医药生物,801151.SI,化学制药,851512.SI,化学制剂,002898.SZ,赛隆药业,20170828,,Y
801150.SI,医药生物,801151.SI,化学制药,851512.SI,化学制剂,603669.SH,灵康药业,20150126,,Y
801150.SI,医药生物,801151.SI,化学制药,851511.SI,原料药,300267.SZ,尔康制药,20110117,,Y
801150.SI,医药生物,801151.SI,化学制药,851511.SI,原料药,300401.SZ,花园生物,20140127,,Y
801150.SI,医药生物,801151.SI,化学制药,851511.SI,原料药,688690.SH,纳微科技,20210607,,Y
801150.SI,医药生物,801151.SI,化学制药,851511.SI,原料药,605177.SH,东亚药业,20201123,,Y
801150.SI,医药生物,801151.SI,化学制药,851512.SI,化学制剂,002004.SZ,华邦健康,20210730,,Y
801150.SI,医药生物,801151.SI,化学制药,851512.SI,化学制剂,688235.SH,百济神州-U,20240517,,Y
801150.SI,医药生物,801151.SI,化学制药,851512.SI,化学制剂,688602.SH,康鹏科技,20240730,,Y
801150.SI,医药生物,801151.SI,化学制药,851512.SI,化学制剂,603207.SH,小方制药,20240807,,Y
