l1_code,l1_name,l2_code,l2_name,l3_code,l3_name,ts_code,name,in_date,out_date,is_new
801030.SI,基础化工,801036.SI,塑料,850355.SI,膜材料,600135.SH,乐凯胶片,19980122,,Y
801030.SI,基础化工,801036.SI,塑料,850354.SI,合成树脂,001255.SZ,博菲电气,20220826,,Y
801030.SI,基础化工,801036.SI,塑料,850351.SI,其他塑料制品,002108.SZ,沧州明珠,20070124,,Y
801030.SI,基础化工,801036.SI,塑料,850353.SI,改性塑料,301131.SZ,聚赛龙,20220304,,Y
801030.SI,基础化工,801036.SI,塑料,850355.SI,膜材料,301237.SZ,和顺科技,20220304,,Y
801030.SI,基础化工,801036.SI,塑料,850351.SI,其他塑料制品,300230.SZ,永利股份,20110107,,Y
801030.SI,基础化工,801036.SI,塑料,850355.SI,膜材料,002585.SZ,双星新材,20110125,,Y
801030.SI,基础化工,801036.SI,塑料,850353.SI,改性塑料,002324.SZ,普利特,20110110,,Y
801030.SI,基础化工,801036.SI,塑料,850353.SI,改性塑料,600143.SH,金发科技,20110110,,Y
801030.SI,基础化工,801036.SI,塑料,850353.SI,改性塑料,300221.SZ,银禧科技,20111010,,Y
801030.SI,基础化工,801036.SI,塑料,850351.SI,其他塑料制品,603150.SH,万朗磁塑,20220107,,Y
801030.SI,基础化工,801036.SI,塑料,850353.SI,改性塑料,002838.SZ,道恩股份,20161219,,Y
801030.SI,基础化工,801036.SI,塑料,850353.SI,改性塑料,300538.SZ,同益股份,20160823,,Y
801030.SI,基础化工,801036.SI,塑料,850354.SI,合成树脂,001333.SZ,光华股份,20221028,,Y
801030.SI,基础化工,801036.SI,塑料,850353.SI,改性塑料,002886.SZ,沃特股份,20170620,,Y
801030.SI,基础化工,801036.SI,塑料,850351.SI,其他塑料制品,603991.SH,至正股份,20170224,,Y
801030.SI,基础化工,801036.SI,塑料,850351.SI,其他塑料制品,301196.SZ,唯科科技,20211217,,Y
801030.SI,基础化工,801036.SI,塑料,850351.SI,其他塑料制品,300539.SZ,横河精密,20170629,,Y
801030.SI,基础化工,801036.SI,塑料,850351.SI,其他塑料制品,002825.SZ,纳尔股份,20161129,,Y
801030.SI,基础化工,801036.SI,塑料,850351.SI,其他塑料制品,603580.SH,艾艾精工,20170522,,Y
801030.SI,基础化工,801036.SI,塑料,850351.SI,其他塑料制品,300717.SZ,华信新材,20171106,,Y
801030.SI,基础化工,801036.SI,塑料,850351.SI,其他塑料制品,300920.SZ,润阳科技,20201214,,Y
801030.SI,基础化工,801036.SI,塑料,850351.SI,其他塑料制品,605008.SH,长鸿高科,20200807,,Y
801030.SI,基础化工,801036.SI,塑料,850353.SI,改性塑料,300716.SZ,泉为科技,20171030,,Y
801030.SI,基础化工,801036.SI,塑料,850353.SI,改性塑料,300644.SZ,南京聚隆,20180129,,Y
801030.SI,基础化工,801036.SI,塑料,850355.SI,膜材料,688386.SH,泛亚微透,20200924,,Y
801030.SI,基础化工,801036.SI,塑料,850353.SI,改性塑料,688219.SH,会通股份,20201029,,Y
801030.SI,基础化工,801036.SI,塑料,850353.SI,改性塑料,300995.SZ,奇德新材,20210512,,Y
801030.SI,基础化工,801036.SI,塑料,850353.SI,改性塑料,301003.SZ,江苏博云,20210521,,Y
801030.SI,基础化工,801036.SI,塑料,850353.SI,改性塑料,300834.SZ,星辉环材,20220729,,Y
801030.SI,基础化工,801036.SI,塑料,850351.SI,其他塑料制品,301216.SZ,万凯新材,20220729,,Y
801030.SI,基础化工,801036.SI,塑料,850351.SI,其他塑料制品,301019.SZ,宁波色母,20210622,,Y
801030.SI,基础化工,801036.SI,塑料,850351.SI,其他塑料制品,688087.SH,英科再生,20210622,,Y
801030.SI,基础化工,801036.SI,塑料,850353.SI,改性塑料,688203.SH,海正生材,20220805,,Y
801030.SI,基础化工,801036.SI,塑料,850353.SI,改性塑料,688669.SH,聚石化学,20210108,,Y
801030.SI,基础化工,801036.SI,塑料,850353.SI,改性塑料,002768.SZ,国恩股份,20150119,,Y
801030.SI,基础化工,801036.SI,塑料,850354.SI,合成树脂,605589.SH,圣泉集团,20210810,,Y
801030.SI,基础化工,801036.SI,塑料,850355.SI,膜材料,000920.SZ,沃顿科技,20220729,,Y
801030.SI,基础化工,801036.SI,塑料,850355.SI,膜材料,605488.SH,福莱新材,20220729,,Y
801030.SI,基础化工,801036.SI,塑料,850351.SI,其他塑料制品,300980.SZ,祥源新材,20210406,,Y
801030.SI,基础化工,801036.SI,塑料,850351.SI,其他塑料制品,300180.SZ,华峰超纤,20111010,,Y
801030.SI,基础化工,801036.SI,塑料,850351.SI,其他塑料制品,300218.SZ,安利股份,20111010,,Y
801030.SI,基础化工,801036.SI,塑料,850354.SI,合成树脂,301092.SZ,争光股份,20211015,,Y
801030.SI,基础化工,801036.SI,塑料,850354.SI,合成树脂,688585.SH,上纬新材,20210730,,Y
801030.SI,基础化工,801036.SI,塑料,850351.SI,其他塑料制品,603330.SH,天洋新材,20210730,,Y
801030.SI,基础化工,801036.SI,塑料,850355.SI,膜材料,000859.SZ,国风新材,20210730,,Y
801030.SI,基础化工,801036.SI,塑料,850351.SI,其他塑料制品,301090.SZ,华润材料,20220729,,Y
801030.SI,基础化工,801036.SI,塑料,850355.SI,膜材料,002263.SZ,大东南,20210730,,Y
801030.SI,基础化工,801036.SI,塑料,850354.SI,合成树脂,603928.SH,兴业股份,20210730,,Y
801030.SI,基础化工,801036.SI,塑料,850355.SI,膜材料,300305.SZ,裕兴股份,20210730,,Y
801030.SI,基础化工,801036.SI,塑料,850354.SI,合成树脂,301395.SZ,仁信新材,20230609,,Y
801030.SI,基础化工,801036.SI,塑料,850351.SI,其他塑料制品,300243.SZ,瑞丰高材,20210730,,Y
801030.SI,基础化工,801036.SI,塑料,850355.SI,膜材料,002632.SZ,道明光学,20210730,,Y
801030.SI,基础化工,801036.SI,塑料,850353.SI,改性塑料,300478.SZ,杭州高新,20210730,,Y
801030.SI,基础化工,801036.SI,塑料,850354.SI,合成树脂,002395.SZ,双象股份,20210730,,Y
801030.SI,基础化工,801036.SI,塑料,850355.SI,膜材料,300806.SZ,斯迪克,20210730,,Y
801030.SI,基础化工,801036.SI,塑料,850351.SI,其他塑料制品,600589.SH,广东榕泰,20210730,,Y
801030.SI,基础化工,801036.SI,塑料,850353.SI,改性塑料,300586.SZ,美联新材,20210730,,Y
801030.SI,基础化工,801036.SI,塑料,850355.SI,膜材料,688718.SH,唯赛勃,20210730,,Y
801030.SI,基础化工,801036.SI,塑料,850355.SI,膜材料,002522.SZ,浙江众成,20100104,,Y
801030.SI,基础化工,801036.SI,塑料,850354.SI,合成树脂,002361.SZ,神剑股份,20210730,,Y
801030.SI,基础化工,801036.SI,塑料,850355.SI,膜材料,000973.SZ,佛塑科技,20210730,,Y
801030.SI,基础化工,801036.SI,塑料,850355.SI,膜材料,601208.SH,东材科技,20210730,,Y
801030.SI,基础化工,801036.SI,塑料,850354.SI,合成树脂,300487.SZ,蓝晓科技,20210730,,Y
801030.SI,基础化工,801036.SI,塑料,850355.SI,膜材料,688323.SH,瑞华泰,20210730,,Y
801030.SI,基础化工,801036.SI,塑料,850353.SI,改性塑料,301538.SZ,骏鼎达,20240301,,Y
801030.SI,基础化工,801036.SI,塑料,850355.SI,膜材料,001378.SZ,德冠新材,20231013,,Y
801030.SI,基础化工,801036.SI,塑料,850354.SI,合成树脂,301555.SZ,惠柏新材,20231013,,Y
801030.SI,基础化工,801036.SI,塑料,850351.SI,其他塑料制品,301591.SZ,肯特股份,20240202,,Y
801030.SI,基础化工,801036.SI,塑料,850355.SI,膜材料,301565.SZ,中仑新材,20240531,,Y
801030.SI,基础化工,801036.SI,塑料,850355.SI,膜材料,001359.SZ,平安电工,20240318,,Y
801030.SI,基础化工,801036.SI,塑料,850354.SI,合成树脂,688716.SH,中研股份,20230908,,Y
