l1_code,l1_name,l2_code,l2_name,l3_code,l3_name,ts_code,name,in_date,out_date,is_new
801720.SI,建筑装饰,801726.SI,工程咨询服务Ⅱ,857261.SI,工程咨询服务Ⅲ,000779.SZ,甘咨询,19970528,,Y
801720.SI,建筑装饰,801726.SI,工程咨询服务Ⅱ,857261.SI,工程咨询服务Ⅲ,301365.SZ,矩阵股份,20221104,,Y
801720.SI,建筑装饰,801726.SI,工程咨询服务Ⅱ,857261.SI,工程咨询服务Ⅲ,300284.SZ,苏交科,20111227,,Y
801720.SI,建筑装饰,801726.SI,工程咨询服务Ⅱ,857261.SI,工程咨询服务Ⅲ,603153.SH,上海建科,20230224,,Y
801720.SI,建筑装饰,801726.SI,工程咨询服务Ⅱ,857261.SI,工程咨询服务Ⅲ,301136.SZ,招标股份,20211224,,Y
801720.SI,建筑装饰,801726.SI,工程咨询服务Ⅱ,857261.SI,工程咨询服务Ⅲ,603458.SH,勘设股份,20170726,,Y
801720.SI,建筑装饰,801726.SI,工程咨询服务Ⅱ,857261.SI,工程咨询服务Ⅲ,002883.SZ,中设股份,20170619,,Y
801720.SI,建筑装饰,801726.SI,工程咨询服务Ⅱ,857261.SI,工程咨询服务Ⅲ,603357.SH,设计总院,20170726,,Y
801720.SI,建筑装饰,801726.SI,工程咨询服务Ⅱ,857261.SI,工程咨询服务Ⅲ,603860.SH,中公高科,20170726,,Y
801720.SI,建筑装饰,801726.SI,工程咨询服务Ⅱ,857261.SI,工程咨询服务Ⅲ,300732.SZ,设研院,20171208,,Y
801720.SI,建筑装饰,801726.SI,工程咨询服务Ⅱ,857261.SI,工程咨询服务Ⅲ,603909.SH,建发合诚,20160624,,Y
801720.SI,建筑装饰,801726.SI,工程咨询服务Ⅱ,857261.SI,工程咨询服务Ⅲ,300989.SZ,蕾奥规划,20210426,,Y
801720.SI,建筑装饰,801726.SI,工程咨询服务Ⅱ,857261.SI,工程咨询服务Ⅲ,600301.SH,华锡有色,20220729,,Y
801720.SI,建筑装饰,801726.SI,工程咨询服务Ⅱ,857261.SI,工程咨询服务Ⅲ,301038.SZ,深水规院,20210712,,Y
801720.SI,建筑装饰,801726.SI,工程咨询服务Ⅱ,857261.SI,工程咨询服务Ⅲ,003013.SZ,地铁设计,20200930,,Y
801720.SI,建筑装饰,801726.SI,工程咨询服务Ⅱ,857261.SI,工程咨询服务Ⅲ,301390.SZ,经纬股份,20240730,,Y
801720.SI,建筑装饰,801726.SI,工程咨询服务Ⅱ,857261.SI,工程咨询服务Ⅲ,301167.SZ,建研设计,20211126,,Y
801720.SI,建筑装饰,801726.SI,工程咨询服务Ⅱ,857261.SI,工程咨询服务Ⅲ,301091.SZ,深城交,20210930,,Y
801720.SI,建筑装饰,801726.SI,工程咨询服务Ⅱ,857261.SI,工程咨询服务Ⅲ,300675.SZ,建科院,20210730,,Y
801720.SI,建筑装饰,801726.SI,工程咨询服务Ⅱ,857261.SI,工程咨询服务Ⅲ,002949.SZ,华阳国际,20210730,,Y
801720.SI,建筑装饰,801726.SI,工程咨询服务Ⅱ,857261.SI,工程咨询服务Ⅲ,300564.SZ,筑博设计,20210730,,Y
801720.SI,建筑装饰,801726.SI,工程咨询服务Ⅱ,857261.SI,工程咨询服务Ⅲ,301024.SZ,霍普股份,20210730,,Y
801720.SI,建筑装饰,801726.SI,工程咨询服务Ⅱ,857261.SI,工程咨询服务Ⅲ,600868.SH,梅雁吉祥,20220729,,Y
801720.SI,建筑装饰,801726.SI,工程咨询服务Ⅱ,857261.SI,工程咨询服务Ⅲ,600667.SH,太极实业,20220729,,Y
801720.SI,建筑装饰,801726.SI,工程咨询服务Ⅱ,857261.SI,工程咨询服务Ⅲ,301058.SZ,中粮科工,20210820,,Y
801720.SI,建筑装饰,801726.SI,工程咨询服务Ⅱ,857261.SI,工程咨询服务Ⅲ,300844.SZ,山水比德,20210806,,Y
801720.SI,建筑装饰,801726.SI,工程咨询服务Ⅱ,857261.SI,工程咨询服务Ⅲ,301505.SZ,苏州规划,20230630,,Y
801720.SI,建筑装饰,801726.SI,工程咨询服务Ⅱ,857261.SI,工程咨询服务Ⅲ,300668.SZ,杰恩设计,20210730,,Y
801720.SI,建筑装饰,801726.SI,工程咨询服务Ⅱ,857261.SI,工程咨询服务Ⅲ,300500.SZ,启迪设计,20210730,,Y
801720.SI,建筑装饰,801726.SI,工程咨询服务Ⅱ,857261.SI,工程咨询服务Ⅲ,600846.SH,同济科技,20230704,,Y
801720.SI,建筑装饰,801726.SI,工程咨询服务Ⅱ,857261.SI,工程咨询服务Ⅲ,300746.SZ,汉嘉设计,20210730,,Y
801720.SI,建筑装饰,801726.SI,工程咨询服务Ⅱ,857261.SI,工程咨询服务Ⅲ,300635.SZ,中达安,20210730,,Y
801720.SI,建筑装饰,801726.SI,工程咨询服务Ⅱ,857261.SI,工程咨询服务Ⅲ,600629.SH,华建集团,20210730,,Y
801720.SI,建筑装饰,801726.SI,工程咨询服务Ⅱ,857261.SI,工程咨询服务Ⅲ,603017.SH,中衡设计,20210730,,Y
801720.SI,建筑装饰,801726.SI,工程咨询服务Ⅱ,857261.SI,工程咨询服务Ⅲ,300492.SZ,华图山鼎,20210730,,Y
801720.SI,建筑装饰,801726.SI,工程咨询服务Ⅱ,857261.SI,工程咨询服务Ⅲ,300826.SZ,测绘股份,20210730,,Y
801720.SI,建筑装饰,801726.SI,工程咨询服务Ⅱ,857261.SI,工程咨询服务Ⅲ,300983.SZ,尤安设计,20210730,,Y
801720.SI,建筑装饰,801726.SI,工程咨询服务Ⅱ,857261.SI,工程咨询服务Ⅲ,300778.SZ,新城市,20210730,,Y
801720.SI,建筑装饰,801726.SI,工程咨询服务Ⅱ,857261.SI,工程咨询服务Ⅲ,603018.SH,华设集团,20140127,,Y
801720.SI,建筑装饰,801726.SI,工程咨询服务Ⅱ,857261.SI,工程咨询服务Ⅲ,300977.SZ,深圳瑞捷,20210730,,Y
801720.SI,建筑装饰,801726.SI,工程咨询服务Ⅱ,857261.SI,工程咨询服务Ⅲ,301027.SZ,华蓝集团,20210730,,Y
801720.SI,建筑装饰,801726.SI,工程咨询服务Ⅱ,857261.SI,工程咨询服务Ⅲ,600720.SH,中交设计,20240119,,Y
