l1_code,l1_name,l2_code,l2_name,l3_code,l3_name,ts_code,name,in_date,out_date,is_new
801880.SI,汽车,801093.SI,汽车零部件,850923.SI,底盘与发动机系统,600698.SH,湖南天雁,19931206,,Y
801880.SI,汽车,801093.SI,汽车零部件,850923.SI,底盘与发动机系统,000559.SZ,万向钱潮,19940110,,Y
801880.SI,汽车,801093.SI,汽车零部件,850923.SI,底盘与发动机系统,000570.SZ,苏常柴A,19940701,,Y
801880.SI,汽车,801093.SI,汽车零部件,850925.SI,其他汽车零部件,002965.SZ,祥鑫科技,20220729,,Y
801880.SI,汽车,801093.SI,汽车零部件,850922.SI,车身附件及饰件,600741.SH,华域汽车,19960826,,Y
801880.SI,汽车,801093.SI,汽车零部件,850922.SI,车身附件及饰件,600742.SH,一汽富维,19960826,,Y
801880.SI,汽车,801093.SI,汽车零部件,850922.SI,车身附件及饰件,600609.SH,金杯汽车,19920724,,Y
801880.SI,汽车,801093.SI,汽车零部件,850922.SI,车身附件及饰件,600660.SH,福耀玻璃,19930610,,Y
801880.SI,汽车,801093.SI,汽车零部件,850926.SI,汽车电子电气系统,000980.SZ,众泰汽车,20000616,,Y
801880.SI,汽车,801093.SI,汽车零部件,850924.SI,轮胎轮毂,000589.SZ,贵州轮胎,19960308,,Y
801880.SI,汽车,801093.SI,汽车零部件,850924.SI,轮胎轮毂,000599.SZ,青岛双星,19960410,,Y
801880.SI,汽车,801093.SI,汽车零部件,850922.SI,车身附件及饰件,600081.SH,东风科技,19970703,,Y
801880.SI,汽车,801093.SI,汽车零部件,850923.SI,底盘与发动机系统,000678.SZ,襄阳轴承,19970106,,Y
801880.SI,汽车,801093.SI,汽车零部件,850922.SI,车身附件及饰件,000700.SZ,模塑科技,19970228,,Y
801880.SI,汽车,801093.SI,汽车零部件,850923.SI,底盘与发动机系统,000816.SZ,智慧农业,19970818,,Y
801880.SI,汽车,801093.SI,汽车零部件,850923.SI,底盘与发动机系统,000581.SZ,威孚高科,19980924,,Y
801880.SI,汽车,801093.SI,汽车零部件,850923.SI,底盘与发动机系统,000880.SZ,潍柴重机,19980402,,Y
801880.SI,汽车,801093.SI,汽车零部件,850925.SI,其他汽车零部件,000887.SZ,中鼎股份,19981203,,Y
801880.SI,汽车,801093.SI,汽车零部件,850923.SI,底盘与发动机系统,600148.SH,长春一东,19980520,,Y
801880.SI,汽车,801093.SI,汽车零部件,850923.SI,底盘与发动机系统,600178.SH,东安动力,19981014,,Y
801880.SI,汽车,801093.SI,汽车零部件,850923.SI,底盘与发动机系统,600218.SH,全柴动力,19981203,,Y
801880.SI,汽车,801093.SI,汽车零部件,850925.SI,其他汽车零部件,600523.SH,贵航股份,20011227,,Y
801880.SI,汽车,801093.SI,汽车零部件,850923.SI,底盘与发动机系统,600960.SH,渤海汽车,20040407,,Y
801880.SI,汽车,801093.SI,汽车零部件,850925.SI,其他汽车零部件,600480.SH,凌云股份,20030812,,Y
801880.SI,汽车,801093.SI,汽车零部件,850924.SI,轮胎轮毂,600469.SH,风神股份,20031016,,Y
801880.SI,汽车,801093.SI,汽车零部件,850922.SI,车身附件及饰件,002048.SZ,宁波华翔,20050601,,Y
801880.SI,汽车,801093.SI,汽车零部件,850924.SI,轮胎轮毂,002085.SZ,万丰奥威,20061127,,Y
801880.SI,汽车,801093.SI,汽车零部件,850925.SI,其他汽车零部件,002101.SZ,广东鸿图,20061228,,Y
801880.SI,汽车,801093.SI,汽车零部件,850923.SI,底盘与发动机系统,000338.SZ,潍柴动力,20070430,,Y
801880.SI,汽车,801093.SI,汽车零部件,850923.SI,底盘与发动机系统,002126.SZ,银轮股份,20070418,,Y
801880.SI,汽车,801093.SI,汽车零部件,850923.SI,底盘与发动机系统,002406.SZ,远东传动,20100518,,Y
801880.SI,汽车,801093.SI,汽车零部件,850924.SI,轮胎轮毂,002355.SZ,兴民智通,20100118,,Y
801880.SI,汽车,801093.SI,汽车零部件,850925.SI,其他汽车零部件,301181.SZ,标榜股份,20220128,,Y
801880.SI,汽车,801093.SI,汽车零部件,850923.SI,底盘与发动机系统,002448.SZ,中原内配,20100712,,Y
801880.SI,汽车,801093.SI,汽车零部件,850923.SI,底盘与发动机系统,002363.SZ,隆基机械,20100208,,Y
801880.SI,汽车,801093.SI,汽车零部件,850925.SI,其他汽车零部件,301233.SZ,盛帮股份,20220610,,Y
801880.SI,汽车,801093.SI,汽车零部件,850922.SI,车身附件及饰件,300893.SZ,松原股份,20220729,,Y
801880.SI,汽车,801093.SI,汽车零部件,850923.SI,底盘与发动机系统,002590.SZ,万安科技,20110601,,Y
801880.SI,汽车,801093.SI,汽车零部件,850923.SI,底盘与发动机系统,002265.SZ,建设工业,20080717,,Y
801880.SI,汽车,801093.SI,汽车零部件,850926.SI,汽车电子电气系统,002239.SZ,奥特佳,20080430,,Y
801880.SI,汽车,801093.SI,汽车零部件,850923.SI,底盘与发动机系统,002284.SZ,亚太股份,20090810,,Y
801880.SI,汽车,801093.SI,汽车零部件,850923.SI,底盘与发动机系统,002283.SZ,天润工业,20090804,,Y
801880.SI,汽车,801093.SI,汽车零部件,850925.SI,其他汽车零部件,002328.SZ,新朋股份,20091210,,Y
801880.SI,汽车,801093.SI,汽车零部件,850924.SI,轮胎轮毂,002488.SZ,金固股份,20101012,,Y
801880.SI,汽车,801093.SI,汽车零部件,850923.SI,底盘与发动机系统,002536.SZ,飞龙股份,20101229,,Y
801880.SI,汽车,801093.SI,汽车零部件,850923.SI,底盘与发动机系统,002472.SZ,双环传动,20100820,,Y
801880.SI,汽车,801093.SI,汽车零部件,850925.SI,其他汽车零部件,301298.SZ,东利机械,20220520,,Y
801880.SI,汽车,801093.SI,汽车零部件,850923.SI,底盘与发动机系统,002434.SZ,万里扬,20100528,,Y
801880.SI,汽车,801093.SI,汽车零部件,850922.SI,车身附件及饰件,300100.SZ,双林股份,20100727,,Y
801880.SI,汽车,801093.SI,汽车零部件,850926.SI,汽车电子电气系统,002454.SZ,松芝股份,20100712,,Y
801880.SI,汽车,801093.SI,汽车零部件,850925.SI,其他汽车零部件,603211.SH,晋拓股份,20220708,,Y
801880.SI,汽车,801093.SI,汽车零部件,850923.SI,底盘与发动机系统,300258.SZ,精锻科技,20110817,,Y
801880.SI,汽车,801093.SI,汽车零部件,850923.SI,底盘与发动机系统,000030.SZ,富奥股份,20130701,,Y
801880.SI,汽车,801093.SI,汽车零部件,850923.SI,底盘与发动机系统,002553.SZ,南方精工,20110216,,Y
801880.SI,汽车,801093.SI,汽车零部件,850923.SI,底盘与发动机系统,300176.SZ,派生科技,20110127,,Y
801880.SI,汽车,801093.SI,汽车零部件,850925.SI,其他汽车零部件,001311.SZ,多利科技,20230213,,Y
801880.SI,汽车,801093.SI,汽车零部件,850925.SI,其他汽车零部件,603190.SH,亚通精工,20230213,,Y
801880.SI,汽车,801093.SI,汽车零部件,850922.SI,车身附件及饰件,002662.SZ,京威股份,20120229,,Y
801880.SI,汽车,801093.SI,汽车零部件,850923.SI,底盘与发动机系统,002703.SZ,浙江世宝,20121026,,Y
801880.SI,汽车,801093.SI,汽车零部件,850926.SI,汽车电子电气系统,300304.SZ,云意电气,20120313,,Y
801880.SI,汽车,801093.SI,汽车零部件,850922.SI,车身附件及饰件,603997.SH,继峰股份,20150115,,Y
801880.SI,汽车,801093.SI,汽车零部件,850923.SI,底盘与发动机系统,601689.SH,拓普集团,20150109,,Y
801880.SI,汽车,801093.SI,汽车零部件,850923.SI,底盘与发动机系统,603158.SH,腾龙股份,20150109,,Y
801880.SI,汽车,801093.SI,汽车零部件,850925.SI,其他汽车零部件,300473.SZ,德尔股份,20150115,,Y
801880.SI,汽车,801093.SI,汽车零部件,850922.SI,车身附件及饰件,603035.SH,常熟汽饰,20161219,,Y
801880.SI,汽车,801093.SI,汽车零部件,850923.SI,底盘与发动机系统,603319.SH,湘油泵,20161028,,Y
801880.SI,汽车,801093.SI,汽车零部件,850923.SI,底盘与发动机系统,300507.SZ,苏奥传感,20160418,,Y
801880.SI,汽车,801093.SI,汽车零部件,850923.SI,底盘与发动机系统,300585.SZ,奥联电子,20161219,,Y
801880.SI,汽车,801093.SI,汽车零部件,850924.SI,轮胎轮毂,601966.SH,玲珑轮胎,20160624,,Y
801880.SI,汽车,801093.SI,汽车零部件,850924.SI,轮胎轮毂,601163.SH,三角轮胎,20160823,,Y
801880.SI,汽车,801093.SI,汽车零部件,850924.SI,轮胎轮毂,601500.SH,通用股份,20160907,,Y
801880.SI,汽车,801093.SI,汽车零部件,850925.SI,其他汽车零部件,603239.SH,浙江仙通,20161201,,Y
801880.SI,汽车,801093.SI,汽车零部件,850926.SI,汽车电子电气系统,002813.SZ,路畅科技,20161012,,Y
801880.SI,汽车,801093.SI,汽车零部件,850922.SI,车身附件及饰件,001319.SZ,铭科精技,20221202,,Y
801880.SI,汽车,801093.SI,汽车零部件,850922.SI,车身附件及饰件,001260.SZ,坤泰股份,20230213,,Y
801880.SI,汽车,801093.SI,汽车零部件,850922.SI,车身附件及饰件,001278.SZ,一彬科技,20230213,,Y
801880.SI,汽车,801093.SI,汽车零部件,850923.SI,底盘与发动机系统,002715.SZ,登云股份,20140108,,Y
801880.SI,汽车,801093.SI,汽车零部件,850923.SI,底盘与发动机系统,603166.SH,福达股份,20140124,,Y
801880.SI,汽车,801093.SI,汽车零部件,850923.SI,底盘与发动机系统,002708.SZ,光洋股份,20140108,,Y
801880.SI,汽车,801093.SI,汽车零部件,850924.SI,轮胎轮毂,002725.SZ,跃岭股份,20140122,,Y
801880.SI,汽车,801093.SI,汽车零部件,850925.SI,其他汽车零部件,603006.SH,联明股份,20140120,,Y
801880.SI,汽车,801093.SI,汽车零部件,850923.SI,底盘与发动机系统,300375.SZ,鹏翎股份,20140108,,Y
801880.SI,汽车,801093.SI,汽车零部件,850922.SI,车身附件及饰件,603306.SH,华懋科技,20140110,,Y
801880.SI,汽车,801093.SI,汽车零部件,850922.SI,车身附件及饰件,301229.SZ,纽泰格,20220211,,Y
801880.SI,汽车,801093.SI,汽车零部件,850923.SI,底盘与发动机系统,603009.SH,北特科技,20140120,,Y
801880.SI,汽车,801093.SI,汽车零部件,850925.SI,其他汽车零部件,002510.SZ,天汽模,20170629,,Y
801880.SI,汽车,801093.SI,汽车零部件,850922.SI,车身附件及饰件,002516.SZ,旷达科技,20190724,,Y
801880.SI,汽车,801093.SI,汽车零部件,850925.SI,其他汽车零部件,603922.SH,金鸿顺,20170907,,Y
801880.SI,汽车,801093.SI,汽车零部件,850923.SI,底盘与发动机系统,603305.SH,旭升集团,20170628,,Y
801880.SI,汽车,801093.SI,汽车零部件,850925.SI,其他汽车零部件,603197.SH,保隆科技,20170504,,Y
801880.SI,汽车,801093.SI,汽车零部件,850923.SI,底盘与发动机系统,603809.SH,豪能股份,20171030,,Y
801880.SI,汽车,801093.SI,汽车零部件,850925.SI,其他汽车零部件,300643.SZ,万通智控,20170419,,Y
801880.SI,汽车,801093.SI,汽车零部件,850924.SI,轮胎轮毂,300652.SZ,雷迪克,20170504,,Y
801880.SI,汽车,801093.SI,汽车零部件,850923.SI,底盘与发动机系统,603767.SH,中马传动,20170504,,Y
801880.SI,汽车,801093.SI,汽车零部件,850923.SI,底盘与发动机系统,300611.SZ,美力科技,20170208,,Y
801880.SI,汽车,801093.SI,汽车零部件,850923.SI,底盘与发动机系统,603178.SH,圣龙股份,20170224,,Y
801880.SI,汽车,801093.SI,汽车零部件,850926.SI,汽车电子电气系统,603179.SH,新泉股份,20170301,,Y
801880.SI,汽车,801093.SI,汽车零部件,850926.SI,汽车电子电气系统,002906.SZ,华阳集团,20170925,,Y
801880.SI,汽车,801093.SI,汽车零部件,850922.SI,车身附件及饰件,603266.SH,天龙股份,20220218,,Y
801880.SI,汽车,801093.SI,汽车零部件,850923.SI,底盘与发动机系统,603040.SH,新坐标,20170124,,Y
801880.SI,汽车,801093.SI,汽车零部件,850922.SI,车身附件及饰件,603730.SH,岱美股份,20170628,,Y
801880.SI,汽车,801093.SI,汽车零部件,850925.SI,其他汽车零部件,002921.SZ,联诚精密,20171220,,Y
801880.SI,汽车,801093.SI,汽车零部件,850923.SI,底盘与发动机系统,603286.SH,日盈电子,20170522,,Y
801880.SI,汽车,801093.SI,汽车零部件,850924.SI,轮胎轮毂,300695.SZ,兆丰股份,20170815,,Y
801880.SI,汽车,801093.SI,汽车零部件,850923.SI,底盘与发动机系统,603758.SH,秦安股份,20170504,,Y
801880.SI,汽车,801093.SI,汽车零部件,850924.SI,轮胎轮毂,603335.SH,迪生力,20170605,,Y
801880.SI,汽车,801093.SI,汽车零部件,850923.SI,底盘与发动机系统,603926.SH,铁流股份,20170330,,Y
801880.SI,汽车,801093.SI,汽车零部件,850924.SI,轮胎轮毂,002863.SZ,今飞凯达,20170330,,Y
801880.SI,汽车,801093.SI,汽车零部件,850925.SI,其他汽车零部件,603768.SH,常青股份,20170214,,Y
801880.SI,汽车,801093.SI,汽车零部件,850922.SI,车身附件及饰件,301398.SZ,星源卓镁,20221125,,Y
801880.SI,汽车,801093.SI,汽车零部件,850925.SI,其他汽车零部件,300707.SZ,威唐工业,20170925,,Y
801880.SI,汽车,801093.SI,汽车零部件,850923.SI,底盘与发动机系统,600933.SH,爱柯迪,20171108,,Y
801880.SI,汽车,801093.SI,汽车零部件,850925.SI,其他汽车零部件,603655.SH,朗博科技,20171220,,Y
801880.SI,汽车,801093.SI,汽车零部件,850925.SI,其他汽车零部件,603917.SH,合力科技,20171121,,Y
801880.SI,汽车,801093.SI,汽车零部件,850923.SI,底盘与发动机系统,300680.SZ,隆盛科技,20170725,,Y
801880.SI,汽车,801093.SI,汽车零部件,850926.SI,汽车电子电气系统,300681.SZ,英搏尔,20170725,,Y
801880.SI,汽车,801093.SI,汽车零部件,850926.SI,汽车电子电气系统,603786.SH,科博达,20190902,,Y
801880.SI,汽车,801093.SI,汽车零部件,850923.SI,底盘与发动机系统,603982.SH,泉峰汽车,20190415,,Y
801880.SI,汽车,801093.SI,汽车零部件,850925.SI,其他汽车零部件,603109.SH,神驰机电,20191212,,Y
801880.SI,汽车,801093.SI,汽车零部件,850925.SI,其他汽车零部件,300926.SZ,博俊科技,20201223,,Y
801880.SI,汽车,801093.SI,汽车零部件,850923.SI,底盘与发动机系统,603949.SH,雪龙集团,20200122,,Y
801880.SI,汽车,801093.SI,汽车零部件,850923.SI,底盘与发动机系统,603161.SH,科华控股,20171208,,Y
801880.SI,汽车,801093.SI,汽车零部件,850923.SI,底盘与发动机系统,300733.SZ,西菱动力,20171208,,Y
801880.SI,汽车,801093.SI,汽车零部件,850923.SI,底盘与发动机系统,603121.SH,华培动力,20181128,,Y
801880.SI,汽车,801093.SI,汽车零部件,850923.SI,底盘与发动机系统,300694.SZ,蠡湖股份,20181012,,Y
801880.SI,汽车,801093.SI,汽车零部件,850923.SI,底盘与发动机系统,603596.SH,伯特利,20180403,,Y
801880.SI,汽车,801093.SI,汽车零部件,850923.SI,底盘与发动机系统,603950.SH,长源东谷,20200416,,Y
801880.SI,汽车,801093.SI,汽车零部件,850925.SI,其他汽车零部件,300912.SZ,凯龙高科,20201125,,Y
801880.SI,汽车,801093.SI,汽车零部件,850923.SI,底盘与发动机系统,605088.SH,冠盛股份,20200713,,Y
801880.SI,汽车,801093.SI,汽车零部件,850925.SI,其他汽车零部件,605319.SH,无锡振华,20210521,,Y
801880.SI,汽车,801093.SI,汽车零部件,850925.SI,其他汽车零部件,300998.SZ,宁波方正,20210518,,Y
801880.SI,汽车,801093.SI,汽车零部件,850925.SI,其他汽车零部件,301000.SZ,肇民科技,20210521,,Y
801880.SI,汽车,801093.SI,汽车零部件,850925.SI,其他汽车零部件,301022.SZ,海泰科,20210622,,Y
801880.SI,汽车,801093.SI,汽车零部件,850926.SI,汽车电子电气系统,300745.SZ,欣锐科技,20220729,,Y
801880.SI,汽车,801093.SI,汽车零部件,850923.SI,底盘与发动机系统,301020.SZ,密封科技,20210622,,Y
801880.SI,汽车,801093.SI,汽车零部件,850925.SI,其他汽车零部件,601279.SH,英利汽车,20210329,,Y
801880.SI,汽车,801093.SI,汽车零部件,850923.SI,底盘与发动机系统,605133.SH,嵘泰股份,20210129,,Y
801880.SI,汽车,801093.SI,汽车零部件,850925.SI,其他汽车零部件,605018.SH,长华集团,20200914,,Y
801880.SI,汽车,801093.SI,汽车零部件,850922.SI,车身附件及饰件,605068.SH,明新旭腾,20201110,,Y
801880.SI,汽车,801093.SI,汽车零部件,850925.SI,其他汽车零部件,002997.SZ,瑞鹄模具,20200821,,Y
801880.SI,汽车,801093.SI,汽车零部件,850926.SI,汽车电子电气系统,300863.SZ,卡倍亿,20200804,,Y
801880.SI,汽车,801093.SI,汽车零部件,850926.SI,汽车电子电气系统,605333.SH,沪光股份,20200713,,Y
801880.SI,汽车,801093.SI,汽车零部件,850922.SI,车身附件及饰件,605128.SH,上海沿浦,20200814,,Y
801880.SI,汽车,801093.SI,汽车零部件,850925.SI,其他汽车零部件,300816.SZ,艾可蓝,20200122,,Y
801880.SI,汽车,801093.SI,汽车零部件,850926.SI,汽车电子电气系统,300928.SZ,华安鑫创,20210104,,Y
801880.SI,汽车,801093.SI,汽车零部件,850923.SI,底盘与发动机系统,300580.SZ,贝斯特,20161212,,Y
801880.SI,汽车,801093.SI,汽车零部件,850922.SI,车身附件及饰件,605228.SH,神通科技,20210104,,Y
801880.SI,汽车,801093.SI,汽车零部件,850926.SI,汽车电子电气系统,603390.SH,通达电气,20191111,,Y
801880.SI,汽车,801093.SI,汽车零部件,850925.SI,其他汽车零部件,603348.SH,文灿股份,20180426,,Y
801880.SI,汽车,801093.SI,汽车零部件,850924.SI,轮胎轮毂,600182.SH,S佳通,19990104,,Y
801880.SI,汽车,801093.SI,汽车零部件,850923.SI,底盘与发动机系统,000903.SZ,云内动力,19990104,,Y
801880.SI,汽车,801093.SI,汽车零部件,850926.SI,汽车电子电气系统,605005.SH,合兴股份,20210104,,Y
801880.SI,汽车,801093.SI,汽车零部件,850923.SI,底盘与发动机系统,603701.SH,德宏股份,20160412,,Y
801880.SI,汽车,801093.SI,汽车零部件,850922.SI,车身附件及饰件,300978.SZ,东箭科技,20210406,,Y
801880.SI,汽车,801093.SI,汽车零部件,850922.SI,车身附件及饰件,603085.SH,天成自控,20150119,,Y
801880.SI,汽车,801093.SI,汽车零部件,850923.SI,底盘与发动机系统,001282.SZ,三联锻造,20230504,,Y
801880.SI,汽车,801093.SI,汽车零部件,850923.SI,底盘与发动机系统,001380.SZ,华纬科技,20230504,,Y
801880.SI,汽车,801093.SI,汽车零部件,850925.SI,其他汽车零部件,002190.SZ,成飞集成,20220729,,Y
801880.SI,汽车,801093.SI,汽车零部件,850926.SI,汽车电子电气系统,000901.SZ,航天科技,20220729,,Y
801880.SI,汽车,801093.SI,汽车零部件,850923.SI,底盘与发动机系统,000981.SZ,山子高科,20220729,,Y
801880.SI,汽车,801093.SI,汽车零部件,850926.SI,汽车电子电气系统,002870.SZ,香山股份,20220729,,Y
801880.SI,汽车,801093.SI,汽车零部件,850925.SI,其他汽车零部件,300969.SZ,恒帅股份,20220729,,Y
801880.SI,汽车,801093.SI,汽车零部件,850925.SI,其他汽车零部件,300237.SZ,美晨科技,20220729,,Y
801880.SI,汽车,801093.SI,汽车零部件,850925.SI,其他汽车零部件,603358.SH,华达科技,20170116,,Y
801880.SI,汽车,801093.SI,汽车零部件,850926.SI,汽车电子电气系统,688533.SH,上声电子,20210406,,Y
801880.SI,汽车,801093.SI,汽车零部件,850923.SI,底盘与发动机系统,301007.SZ,德迈仕,20210531,,Y
801880.SI,汽车,801093.SI,汽车零部件,850923.SI,底盘与发动机系统,603788.SH,宁波高发,20140120,,Y
801880.SI,汽车,801093.SI,汽车零部件,850923.SI,底盘与发动机系统,605255.SH,天普股份,20200810,,Y
801880.SI,汽车,801093.SI,汽车零部件,850924.SI,轮胎轮毂,002984.SZ,森麒麟,20200831,,Y
801880.SI,汽车,801093.SI,汽车零部件,850923.SI,底盘与发动机系统,603586.SH,金麒麟,20170320,,Y
801880.SI,汽车,801093.SI,汽车零部件,850925.SI,其他汽车零部件,301186.SZ,超达装备,20211210,,Y
801880.SI,汽车,801093.SI,汽车零部件,850926.SI,汽车电子电气系统,301221.SZ,光庭信息,20211203,,Y
801880.SI,汽车,801093.SI,汽车零部件,850924.SI,轮胎轮毂,300428.SZ,立中集团,20190724,,Y
801880.SI,汽车,801093.SI,汽车零部件,850923.SI,底盘与发动机系统,300547.SZ,川环科技,20170629,,Y
801880.SI,汽车,801093.SI,汽车零部件,850922.SI,车身附件及饰件,601799.SH,星宇股份,20220729,,Y
801880.SI,汽车,801093.SI,汽车零部件,850925.SI,其他汽车零部件,002547.SZ,春兴精工,20220729,,Y
801880.SI,汽车,801093.SI,汽车零部件,850922.SI,车身附件及饰件,605151.SH,西上海,20220729,,Y
801880.SI,汽车,801093.SI,汽车零部件,850922.SI,车身附件及饰件,600626.SH,申达股份,20190724,,Y
801880.SI,汽车,801093.SI,汽车零部件,850926.SI,汽车电子电气系统,600699.SH,均胜电子,20121008,,Y
801880.SI,汽车,801093.SI,汽车零部件,850925.SI,其他汽车零部件,688737.SH,中自科技,20211015,,Y
801880.SI,汽车,801093.SI,汽车零部件,850923.SI,底盘与发动机系统,688280.SH,精进电动-UW,20211015,,Y
801880.SI,汽车,801093.SI,汽车零部件,850925.SI,其他汽车零部件,688021.SH,奥福环保,20210730,,Y
801880.SI,汽车,801093.SI,汽车零部件,850925.SI,其他汽车零部件,603048.SH,浙江黎明,20211029,,Y
801880.SI,汽车,801093.SI,汽车零部件,850922.SI,车身附件及饰件,301133.SZ,金钟股份,20211105,,Y
801880.SI,汽车,801093.SI,汽车零部件,850923.SI,底盘与发动机系统,301225.SZ,恒勃股份,20230526,,Y
801880.SI,汽车,801093.SI,汽车零部件,850926.SI,汽车电子电气系统,301310.SZ,鑫宏业,20230526,,Y
801880.SI,汽车,801093.SI,汽车零部件,850923.SI,底盘与发动机系统,301170.SZ,锡南科技,20230609,,Y
801880.SI,汽车,801093.SI,汽车零部件,850923.SI,底盘与发动机系统,301397.SZ,溯联股份,20230609,,Y
801880.SI,汽车,801093.SI,汽车零部件,850926.SI,汽车电子电气系统,301488.SZ,豪恩汽电,20230609,,Y
801880.SI,汽车,801093.SI,汽车零部件,850926.SI,汽车电子电气系统,301499.SZ,维科精密,20230630,,Y
801880.SI,汽车,801093.SI,汽车零部件,850923.SI,底盘与发动机系统,301072.SZ,中捷精工,20210913,,Y
801880.SI,汽车,801093.SI,汽车零部件,850926.SI,汽车电子电气系统,002766.SZ,索菱股份,20210730,,Y
801880.SI,汽车,801093.SI,汽车零部件,850923.SI,底盘与发动机系统,002806.SZ,华锋股份,20230704,,Y
801880.SI,汽车,801093.SI,汽车零部件,850926.SI,汽车电子电气系统,002664.SZ,信质集团,20210730,,Y
801880.SI,汽车,801093.SI,汽车零部件,850923.SI,底盘与发动机系统,600841.SH,动力新科,20230704,,Y
801880.SI,汽车,801093.SI,汽车零部件,850922.SI,车身附件及饰件,002537.SZ,海联金汇,20210730,,Y
801880.SI,汽车,801093.SI,汽车零部件,850925.SI,其他汽车零部件,603119.SH,浙江荣泰,20230714,,Y
801880.SI,汽车,801093.SI,汽车零部件,850926.SI,汽车电子电气系统,688612.SH,威迈斯,20230714,,Y
801880.SI,汽车,801093.SI,汽车零部件,850923.SI,底盘与发动机系统,603037.SH,凯众股份,20161226,,Y
801880.SI,汽车,801093.SI,汽车零部件,850923.SI,底盘与发动机系统,603013.SH,亚普股份,20180507,,Y
801880.SI,汽车,801093.SI,汽车零部件,850923.SI,底盘与发动机系统,301119.SZ,正强股份,20211112,,Y
801880.SI,汽车,801093.SI,汽车零部件,850924.SI,轮胎轮毂,601058.SH,赛轮轮胎,20110124,,Y
801880.SI,汽车,801093.SI,汽车零部件,850926.SI,汽车电子电气系统,688667.SH,菱电电控,20210301,,Y
801880.SI,汽车,801093.SI,汽车零部件,850923.SI,底盘与发动机系统,603089.SH,正裕工业,20170116,,Y
801880.SI,汽车,801093.SI,汽车零部件,850925.SI,其他汽车零部件,301005.SZ,超捷股份,20210524,,Y
801880.SI,汽车,801093.SI,汽车零部件,850925.SI,其他汽车零部件,002976.SZ,瑞玛精密,20220701,,Y
801880.SI,汽车,801093.SI,汽车零部件,850923.SI,底盘与发动机系统,301192.SZ,泰祥股份,20220805,,Y
801880.SI,汽车,801093.SI,汽车零部件,850923.SI,底盘与发动机系统,603107.SH,上海汽配,20231013,,Y
801880.SI,汽车,801093.SI,汽车零部件,850922.SI,车身附件及饰件,301529.SZ,福赛科技,20230908,,Y
801880.SI,汽车,801093.SI,汽车零部件,850923.SI,底盘与发动机系统,301550.SZ,斯菱股份,20240730,,Y
801880.SI,汽车,801093.SI,汽车零部件,850924.SI,轮胎轮毂,301539.SZ,宏鑫科技,20240322,,Y
801880.SI,汽车,801093.SI,汽车零部件,850922.SI,车身附件及饰件,301552.SZ,科力装备,20240705,,Y
801880.SI,汽车,801093.SI,汽车零部件,850925.SI,其他汽车零部件,301613.SZ,新铝时代,20240927,,Y
801880.SI,汽车,801093.SI,汽车零部件,850926.SI,汽车电子电气系统,002937.SZ,兴瑞科技,20240730,,Y
801880.SI,汽车,801093.SI,汽车零部件,850922.SI,车身附件及饰件,300446.SZ,航天智造,20240730,,Y
801880.SI,汽车,801093.SI,汽车零部件,850926.SI,汽车电子电气系统,600651.SH,飞乐音响,20240730,,Y
801880.SI,汽车,801093.SI,汽车零部件,850925.SI,其他汽车零部件,603201.SH,常润股份,20240730,,Y
801880.SI,汽车,801093.SI,汽车零部件,850926.SI,汽车电子电气系统,301607.SZ,富特科技,20240816,,Y
