l1_code,l1_name,l2_code,l2_name,l3_code,l3_name,ts_code,name,in_date,out_date,is_new
801080.SI,电子,801085.SI,消费电子,850854.SI,消费电子零部件及组装,000021.SZ,深科技,19940202,,Y
801080.SI,电子,801085.SI,消费电子,850854.SI,消费电子零部件及组装,600130.SH,波导股份,20000706,,Y
801080.SI,电子,801085.SI,消费电子,850854.SI,消费电子零部件及组装,600363.SH,联创光电,20220729,,Y
801080.SI,电子,801085.SI,消费电子,850854.SI,消费电子零部件及组装,002475.SZ,立讯精密,20100914,,Y
801080.SI,电子,801085.SI,消费电子,850854.SI,消费电子零部件及组装,002241.SZ,歌尔股份,20080505,,Y
801080.SI,电子,801085.SI,消费电子,850854.SI,消费电子零部件及组装,300136.SZ,信维通信,20101025,,Y
801080.SI,电子,801085.SI,消费电子,850854.SI,消费电子零部件及组装,300115.SZ,长盈精密,20100901,,Y
801080.SI,电子,801085.SI,消费电子,850854.SI,消费电子零部件及组装,002402.SZ,和而泰,20100511,,Y
801080.SI,电子,801085.SI,消费电子,850854.SI,消费电子零部件及组装,300279.SZ,和晶科技,20110119,,Y
801080.SI,电子,801085.SI,消费电子,850854.SI,消费电子零部件及组装,002139.SZ,拓邦股份,20110110,,Y
801080.SI,电子,801085.SI,消费电子,850854.SI,消费电子零部件及组装,300322.SZ,硕贝德,20120528,,Y
801080.SI,电子,801085.SI,消费电子,850854.SI,消费电子零部件及组装,002655.SZ,共达电声,20120109,,Y
801080.SI,电子,801085.SI,消费电子,850854.SI,消费电子零部件及组装,601231.SH,环旭电子,20120109,,Y
801080.SI,电子,801085.SI,消费电子,850854.SI,消费电子零部件及组装,300433.SZ,蓝思科技,20150109,,Y
801080.SI,电子,801085.SI,消费电子,850854.SI,消费电子零部件及组装,301135.SZ,瑞德智能,20220325,,Y
801080.SI,电子,801085.SI,消费电子,850854.SI,消费电子零部件及组装,300543.SZ,朗科智能,20160907,,Y
801080.SI,电子,801085.SI,消费电子,850854.SI,消费电子零部件及组装,301280.SZ,珠城科技,20221202,,Y
801080.SI,电子,801085.SI,消费电子,850853.SI,品牌消费电子,002045.SZ,国光电器,20110110,,Y
801080.SI,电子,801085.SI,消费电子,850854.SI,消费电子零部件及组装,002055.SZ,得润电子,20110110,,Y
801080.SI,电子,801085.SI,消费电子,850854.SI,消费电子零部件及组装,301123.SZ,奕东电子,20220107,,Y
801080.SI,电子,801085.SI,消费电子,850853.SI,品牌消费电子,002351.SZ,漫步者,20110110,,Y
801080.SI,电子,801085.SI,消费电子,850854.SI,消费电子零部件及组装,002600.SZ,领益智造,20180713,,Y
801080.SI,电子,801085.SI,消费电子,850854.SI,消费电子零部件及组装,002369.SZ,卓翼科技,20110110,,Y
801080.SI,电子,801085.SI,消费电子,850854.SI,消费电子零部件及组装,002881.SZ,美格智能,20170605,,Y
801080.SI,电子,801085.SI,消费电子,850854.SI,消费电子零部件及组装,603380.SH,易德龙,20170605,,Y
801080.SI,电子,801085.SI,消费电子,850854.SI,消费电子零部件及组装,300647.SZ,超频三,20170419,,Y
801080.SI,电子,801085.SI,消费电子,850854.SI,消费电子零部件及组装,002855.SZ,捷荣技术,20170301,,Y
801080.SI,电子,801085.SI,消费电子,850854.SI,消费电子零部件及组装,002861.SZ,瀛通通讯,20170330,,Y
801080.SI,电子,801085.SI,消费电子,850854.SI,消费电子零部件及组装,300686.SZ,智动力,20170726,,Y
801080.SI,电子,801085.SI,消费电子,850854.SI,消费电子零部件及组装,300679.SZ,电连技术,20170726,,Y
801080.SI,电子,801085.SI,消费电子,850854.SI,消费电子零部件及组装,300709.SZ,精研科技,20170925,,Y
801080.SI,电子,801085.SI,消费电子,850853.SI,品牌消费电子,002888.SZ,惠威科技,20170712,,Y
801080.SI,电子,801085.SI,消费电子,850854.SI,消费电子零部件及组装,300787.SZ,海能实业,20190731,,Y
801080.SI,电子,801085.SI,消费电子,850853.SI,品牌消费电子,688036.SH,传音控股,20190916,,Y
801080.SI,电子,801085.SI,消费电子,850854.SI,消费电子零部件及组装,300793.SZ,佳禾智能,20190927,,Y
801080.SI,电子,801085.SI,消费电子,850854.SI,消费电子零部件及组装,603327.SH,福蓉科技,20190506,,Y
801080.SI,电子,801085.SI,消费电子,850854.SI,消费电子零部件及组装,002947.SZ,恒铭达,20190124,,Y
801080.SI,电子,801085.SI,消费电子,850854.SI,消费电子零部件及组装,300916.SZ,朗特智能,20201125,,Y
801080.SI,电子,801085.SI,消费电子,850854.SI,消费电子零部件及组装,301285.SZ,鸿日达,20220909,,Y
801080.SI,电子,801085.SI,消费电子,850854.SI,消费电子零部件及组装,300868.SZ,杰美特,20240730,,Y
801080.SI,电子,801085.SI,消费电子,850854.SI,消费电子零部件及组装,300857.SZ,协创数据,20200713,,Y
801080.SI,电子,801085.SI,消费电子,850854.SI,消费电子零部件及组装,003028.SZ,振邦智能,20201214,,Y
801080.SI,电子,801085.SI,消费电子,850854.SI,消费电子零部件及组装,603890.SH,春秋电子,20171208,,Y
801080.SI,电子,801085.SI,消费电子,850854.SI,消费电子零部件及组装,300735.SZ,光弘科技,20171220,,Y
801080.SI,电子,801085.SI,消费电子,850854.SI,消费电子零部件及组装,601138.SH,工业富联,20180528,,Y
801080.SI,电子,801085.SI,消费电子,850854.SI,消费电子零部件及组装,002937.SZ,兴瑞科技,20180918,,Y
801080.SI,电子,801085.SI,消费电子,850854.SI,消费电子零部件及组装,603629.SH,利通电子,20181221,,Y
801080.SI,电子,801085.SI,消费电子,850854.SI,消费电子零部件及组装,002981.SZ,朝阳科技,20200402,,Y
801080.SI,电子,801085.SI,消费电子,850854.SI,消费电子零部件及组装,002426.SZ,胜利精密,20220729,,Y
801080.SI,电子,801085.SI,消费电子,850854.SI,消费电子零部件及组装,300951.SZ,博硕科技,20210219,,Y
801080.SI,电子,801085.SI,消费电子,850854.SI,消费电子零部件及组装,300968.SZ,格林精密,20210329,,Y
801080.SI,电子,801085.SI,消费电子,850854.SI,消费电子零部件及组装,300956.SZ,英力股份,20210312,,Y
801080.SI,电子,801085.SI,消费电子,850854.SI,消费电子零部件及组装,688260.SH,昀冢科技,20210319,,Y
801080.SI,电子,801085.SI,消费电子,850854.SI,消费电子零部件及组装,605277.SH,新亚电子,20201223,,Y
801080.SI,电子,801085.SI,消费电子,850854.SI,消费电子零部件及组装,300843.SZ,胜蓝股份,20200618,,Y
801080.SI,电子,801085.SI,消费电子,850854.SI,消费电子零部件及组装,002993.SZ,奥海科技,20200727,,Y
801080.SI,电子,801085.SI,消费电子,850854.SI,消费电子零部件及组装,603633.SH,徕木股份,20161107,,Y
801080.SI,电子,801085.SI,消费电子,850854.SI,消费电子零部件及组装,002681.SZ,奋达科技,20120130,,Y
801080.SI,电子,801085.SI,消费电子,850854.SI,消费电子零部件及组装,301389.SZ,隆扬电子,20220930,,Y
801080.SI,电子,801085.SI,消费电子,850854.SI,消费电子零部件及组装,301051.SZ,信濠光电,20210813,,Y
801080.SI,电子,801085.SI,消费电子,850854.SI,消费电子零部件及组装,301387.SZ,光大同创,20230331,,Y
801080.SI,电子,801085.SI,消费电子,850853.SI,品牌消费电子,002841.SZ,视源股份,20220729,,Y
801080.SI,电子,801085.SI,消费电子,850854.SI,消费电子零部件及组装,300812.SZ,易天股份,20220729,,Y
801080.SI,电子,801085.SI,消费电子,850854.SI,消费电子零部件及组装,002925.SZ,盈趣科技,20180108,,Y
801080.SI,电子,801085.SI,消费电子,850854.SI,消费电子零部件及组装,300256.SZ,星星科技,20111010,,Y
801080.SI,电子,801085.SI,消费电子,850853.SI,品牌消费电子,301189.SZ,奥尼电子,20211210,,Y
801080.SI,电子,801085.SI,消费电子,850854.SI,消费电子零部件及组装,301182.SZ,凯旺科技,20211203,,Y
801080.SI,电子,801085.SI,消费电子,850854.SI,消费电子零部件及组装,688210.SH,统联精密,20211210,,Y
801080.SI,电子,801085.SI,消费电子,850854.SI,消费电子零部件及组装,600203.SH,福日电子,20170629,,Y
801080.SI,电子,801085.SI,消费电子,850854.SI,消费电子零部件及组装,301086.SZ,鸿富瀚,20211015,,Y
801080.SI,电子,801085.SI,消费电子,850854.SI,消费电子零部件及组装,002866.SZ,传艺科技,20210730,,Y
801080.SI,电子,801085.SI,消费电子,850853.SI,品牌消费电子,300866.SZ,安克创新,20210730,,Y
801080.SI,电子,801085.SI,消费电子,850854.SI,消费电子零部件及组装,301180.SZ,万祥科技,20211105,,Y
801080.SI,电子,801085.SI,消费电子,850854.SI,消费电子零部件及组装,301383.SZ,天键股份,20230526,,Y
801080.SI,电子,801085.SI,消费电子,850854.SI,消费电子零部件及组装,301329.SZ,信音电子,20230630,,Y
801080.SI,电子,801085.SI,消费电子,850854.SI,消费电子零部件及组装,301486.SZ,致尚科技,20230630,,Y
801080.SI,电子,801085.SI,消费电子,850854.SI,消费电子零部件及组装,301067.SZ,显盈科技,20210903,,Y
801080.SI,电子,801085.SI,消费电子,850854.SI,消费电子零部件及组装,301326.SZ,捷邦科技,20220902,,Y
801080.SI,电子,801085.SI,消费电子,850854.SI,消费电子零部件及组装,603296.SH,华勤技术,20230731,,Y
801080.SI,电子,801085.SI,消费电子,850854.SI,消费电子零部件及组装,603595.SH,东尼电子,20210730,,Y
801080.SI,电子,801085.SI,消费电子,850854.SI,消费电子零部件及组装,300032.SZ,金龙机电,20210730,,Y
801080.SI,电子,801085.SI,消费电子,850854.SI,消费电子零部件及组装,001314.SZ,亿道信息,20230120,,Y
801080.SI,电子,801085.SI,消费电子,850854.SI,消费电子零部件及组装,002635.SZ,安洁科技,20110117,,Y
801080.SI,电子,801085.SI,消费电子,850854.SI,消费电子零部件及组装,300602.SZ,飞荣达,20170116,,Y
801080.SI,电子,801085.SI,消费电子,850854.SI,消费电子零部件及组装,688678.SH,福立旺,20201207,,Y
801080.SI,电子,801085.SI,消费电子,850854.SI,消费电子零部件及组装,300822.SZ,贝仕达克,20200309,,Y
801080.SI,电子,801085.SI,消费电子,850854.SI,消费电子零部件及组装,300976.SZ,达瑞电子,20210406,,Y
801080.SI,电子,801085.SI,消费电子,850854.SI,消费电子零部件及组装,002660.SZ,茂硕电源,20120109,,Y
801080.SI,电子,801085.SI,消费电子,850853.SI,品牌消费电子,688007.SH,光峰科技,20210730,,Y
801080.SI,电子,801085.SI,消费电子,850854.SI,消费电子零部件及组装,603626.SH,科森科技,20210730,,Y
801080.SI,电子,801085.SI,消费电子,850854.SI,消费电子零部件及组装,603052.SH,可川科技,20220923,,Y
801080.SI,电子,801085.SI,消费电子,850854.SI,消费电子零部件及组装,603341.SH,龙旗科技,20240202,,Y
801080.SI,电子,801085.SI,消费电子,850854.SI,消费电子零部件及组装,300784.SZ,利安科技,20240531,,Y
801080.SI,电子,801085.SI,消费电子,850854.SI,消费电子零部件及组装,301567.SZ,贝隆精密,20240108,,Y
801080.SI,电子,801085.SI,消费电子,850853.SI,品牌消费电子,301606.SZ,绿联科技,20240705,,Y
801080.SI,电子,801085.SI,消费电子,850854.SI,消费电子零部件及组装,301626.SZ,苏州天脉,20240927,,Y
