l1_code,l1_name,l2_code,l2_name,l3_code,l3_name,ts_code,name,in_date,out_date,is_new
801970.SI,环保,801971.SI,环境治理,859713.SI,固废治理,000035.SZ,中国天楹,19940408,,Y
801970.SI,环保,801971.SI,环境治理,859712.SI,水务及水治理,600874.SH,创业环保,19950630,,Y
801970.SI,环保,801971.SI,环境治理,859711.SI,大气治理,603315.SH,福鞍股份,20220729,,Y
801970.SI,环保,801971.SI,环境治理,859712.SI,水务及水治理,000544.SZ,中原环保,19931208,,Y
801970.SI,环保,801971.SI,环境治理,859712.SI,水务及水治理,600008.SH,首创环保,20000424,,Y
801970.SI,环保,801971.SI,环境治理,859712.SI,水务及水治理,600283.SH,钱江水利,20000915,,Y
801970.SI,环保,801971.SI,环境治理,859713.SI,固废治理,600323.SH,瀚蓝环境,20001225,,Y
801970.SI,环保,801971.SI,环境治理,859712.SI,水务及水治理,000598.SZ,兴蓉环境,19960529,,Y
801970.SI,环保,801971.SI,环境治理,859712.SI,水务及水治理,000605.SZ,渤海股份,19960801,,Y
801970.SI,环保,801971.SI,环境治理,859712.SI,水务及水治理,000685.SZ,中山公用,19970123,,Y
801970.SI,环保,801971.SI,环境治理,859714.SI,综合环境治理,000826.SZ,启迪环境,19980225,,Y
801970.SI,环保,801971.SI,环境治理,859712.SI,水务及水治理,600168.SH,武汉控股,19980427,,Y
801970.SI,环保,801971.SI,环境治理,859712.SI,水务及水治理,600187.SH,国中水务,19981111,,Y
801970.SI,环保,801971.SI,环境治理,859712.SI,水务及水治理,600461.SH,洪城环境,20040531,,Y
801970.SI,环保,801971.SI,环境治理,859712.SI,水务及水治理,688156.SH,路德环境,20220729,,Y
801970.SI,环保,801971.SI,环境治理,859713.SI,固废治理,688178.SH,万德斯,20220729,,Y
801970.SI,环保,801971.SI,环境治理,859714.SI,综合环境治理,301259.SZ,艾布鲁,20220408,,Y
801970.SI,环保,801971.SI,环境治理,859714.SI,综合环境治理,000068.SZ,华控赛格,20170629,,Y
801970.SI,环保,801971.SI,环境治理,859712.SI,水务及水治理,300070.SZ,碧水源,20100412,,Y
801970.SI,环保,801971.SI,环境治理,859712.SI,水务及水治理,300055.SZ,万邦达,20100209,,Y
801970.SI,环保,801971.SI,环境治理,859711.SI,大气治理,300056.SZ,中创环保,20100108,,Y
801970.SI,环保,801971.SI,环境治理,859713.SI,固废治理,301175.SZ,中科环保,20220617,,Y
801970.SI,环保,801971.SI,环境治理,859712.SI,水务及水治理,300172.SZ,中电环保,20110124,,Y
801970.SI,环保,801971.SI,环境治理,859714.SI,综合环境治理,002887.SZ,绿茵生态,20190724,,Y
801970.SI,环保,801971.SI,环境治理,859711.SI,大气治理,300385.SZ,雪浪环境,20140120,,Y
801970.SI,环保,801971.SI,环境治理,859714.SI,综合环境治理,300190.SZ,维尔利,20110107,,Y
801970.SI,环保,801971.SI,环境治理,859712.SI,水务及水治理,300425.SZ,中建环能,20240730,,Y
801970.SI,环保,801971.SI,环境治理,859712.SI,水务及水治理,603291.SH,联合水务,20230224,,Y
801970.SI,环保,801971.SI,环境治理,859713.SI,固废治理,002672.SZ,东江环保,20120117,,Y
801970.SI,环保,801971.SI,环境治理,859712.SI,水务及水治理,601368.SH,绿城水务,20150115,,Y
801970.SI,环保,801971.SI,环境治理,859713.SI,固废治理,301109.SZ,军信股份,20220325,,Y
801970.SI,环保,801971.SI,环境治理,859713.SI,固废治理,002034.SZ,旺能环境,20190724,,Y
801970.SI,环保,801971.SI,环境治理,859713.SI,固废治理,002266.SZ,浙富控股,20200902,,Y
801970.SI,环保,801971.SI,环境治理,859712.SI,水务及水治理,603903.SH,中持股份,20170224,,Y
801970.SI,环保,801971.SI,环境治理,859712.SI,水务及水治理,603817.SH,海峡环保,20170124,,Y
801970.SI,环保,801971.SI,环境治理,859712.SI,水务及水治理,603797.SH,联泰环保,20170330,,Y
801970.SI,环保,801971.SI,环境治理,859712.SI,水务及水治理,300664.SZ,鹏鹞环保,20171220,,Y
801970.SI,环保,801971.SI,环境治理,859712.SI,水务及水治理,300692.SZ,中环环保,20170807,,Y
801970.SI,环保,801971.SI,环境治理,859712.SI,水务及水治理,603200.SH,上海洗霸,20170522,,Y
801970.SI,环保,801971.SI,环境治理,859713.SI,固废治理,301265.SZ,华新环保,20221125,,Y
801970.SI,环保,801971.SI,环境治理,859713.SI,固废治理,300779.SZ,惠城环保,20190506,,Y
801970.SI,环保,801971.SI,环境治理,859712.SI,水务及水治理,688101.SH,三达膜,20191101,,Y
801970.SI,环保,801971.SI,环境治理,859713.SI,固废治理,002973.SZ,侨银股份,20191223,,Y
801970.SI,环保,801971.SI,环境治理,859712.SI,水务及水治理,688335.SH,复洁环保,20200731,,Y
801970.SI,环保,801971.SI,环境治理,859712.SI,水务及水治理,688057.SH,金达莱,20201029,,Y
801970.SI,环保,801971.SI,环境治理,859713.SI,固废治理,300867.SZ,圣元环保,20200804,,Y
801970.SI,环保,801971.SI,环境治理,859714.SI,综合环境治理,300864.SZ,南大环境,20200807,,Y
801970.SI,环保,801971.SI,环境治理,859713.SI,固废治理,601330.SH,绿色动力,20180528,,Y
801970.SI,环保,801971.SI,环境治理,859713.SI,固废治理,601033.SH,永兴股份,20231229,,Y
801970.SI,环保,801971.SI,环境治理,859713.SI,固废治理,300815.SZ,玉禾田,20200108,,Y
801970.SI,环保,801971.SI,环境治理,859712.SI,水务及水治理,300899.SZ,上海凯鑫,20200924,,Y
801970.SI,环保,801971.SI,环境治理,859712.SI,水务及水治理,688096.SH,京源环保,20200325,,Y
801970.SI,环保,801971.SI,环境治理,859713.SI,固废治理,601827.SH,三峰环境,20200518,,Y
801970.SI,环保,801971.SI,环境治理,859713.SI,固废治理,688679.SH,通源环境,20201214,,Y
801970.SI,环保,801971.SI,环境治理,859712.SI,水务及水治理,301148.SZ,嘉戎技术,20220401,,Y
801970.SI,环保,801971.SI,环境治理,859712.SI,水务及水治理,300774.SZ,倍杰特,20210723,,Y
801970.SI,环保,801971.SI,环境治理,859712.SI,水务及水治理,603759.SH,海天股份,20210219,,Y
801970.SI,环保,801971.SI,环境治理,859712.SI,水务及水治理,003039.SZ,顺控发展,20210219,,Y
801970.SI,环保,801971.SI,环境治理,859712.SI,水务及水治理,300961.SZ,深水海纳,20210329,,Y
801970.SI,环保,801971.SI,环境治理,859714.SI,综合环境治理,300958.SZ,建工修复,20210312,,Y
801970.SI,环保,801971.SI,环境治理,859712.SI,水务及水治理,300929.SZ,华骐环保,20210108,,Y
801970.SI,环保,801971.SI,环境治理,859712.SI,水务及水治理,688565.SH,力源科技,20210426,,Y
801970.SI,环保,801971.SI,环境治理,859712.SI,水务及水治理,688069.SH,德林海,20200713,,Y
801970.SI,环保,801971.SI,环境治理,859712.SI,水务及水治理,688466.SH,金科环境,20200416,,Y
801970.SI,环保,801971.SI,环境治理,859712.SI,水务及水治理,601158.SH,重庆水务,20100111,,Y
801970.SI,环保,801971.SI,环境治理,859713.SI,固废治理,601200.SH,上海环境,20170331,,Y
801970.SI,环保,801971.SI,环境治理,859713.SI,固废治理,688370.SH,丛麟科技,20220805,,Y
801970.SI,环保,801971.SI,环境治理,859714.SI,综合环境治理,688480.SH,赛恩斯,20221111,,Y
801970.SI,环保,801971.SI,环境治理,859714.SI,综合环境治理,605069.SH,正和生态,20210806,,Y
801970.SI,环保,801971.SI,环境治理,859712.SI,水务及水治理,601199.SH,江南水务,20110110,,Y
801970.SI,环保,801971.SI,环境治理,859713.SI,固废治理,301305.SZ,朗坤环境,20230504,,Y
801970.SI,环保,801971.SI,环境治理,859713.SI,固废治理,002210.SZ,飞马国际,20220729,,Y
801970.SI,环保,801971.SI,环境治理,859712.SI,水务及水治理,002778.SZ,中晟高科,20240730,,Y
801970.SI,环保,801971.SI,环境治理,859713.SI,固废治理,603568.SH,伟明环保,20150126,,Y
801970.SI,环保,801971.SI,环境治理,859713.SI,固废治理,300614.SZ,百川畅银,20210510,,Y
801970.SI,环保,801971.SI,环境治理,859714.SI,综合环境治理,300152.SZ,新动力,20171211,,Y
801970.SI,环保,801971.SI,环境治理,859712.SI,水务及水治理,300266.SZ,兴源环境,20151012,,Y
801970.SI,环保,801971.SI,环境治理,859712.SI,水务及水治理,301127.SZ,天源环保,20211210,,Y
801970.SI,环保,801971.SI,环境治理,859711.SI,大气治理,600292.SH,远达环保,20121231,,Y
801970.SI,环保,801971.SI,环境治理,859714.SI,综合环境治理,300187.SZ,永清环保,20220729,,Y
801970.SI,环保,801971.SI,环境治理,859714.SI,综合环境治理,688701.SH,卓锦股份,20210827,,Y
801970.SI,环保,801971.SI,环境治理,859713.SI,固废治理,600217.SH,中再资环,20150701,,Y
801970.SI,环保,801971.SI,环境治理,859712.SI,水务及水治理,600796.SH,钱江生化,20220729,,Y
801970.SI,环保,801971.SI,环境治理,859712.SI,水务及水治理,300437.SZ,清水源,20210730,,Y
801970.SI,环保,801971.SI,环境治理,859714.SI,综合环境治理,603686.SH,福龙马,20240730,,Y
801970.SI,环保,801971.SI,环境治理,859713.SI,固废治理,301049.SZ,超越科技,20210813,,Y
801970.SI,环保,801971.SI,环境治理,859713.SI,固废治理,300854.SZ,中兰环保,20210827,,Y
801970.SI,环保,801971.SI,环境治理,859712.SI,水务及水治理,600769.SH,祥龙电业,20210730,,Y
801970.SI,环保,801971.SI,环境治理,859713.SI,固废治理,301068.SZ,大地海洋,20210903,,Y
801970.SI,环保,801971.SI,环境治理,859712.SI,水务及水治理,301203.SZ,国泰环保,20230317,,Y
801970.SI,环保,801971.SI,环境治理,859712.SI,水务及水治理,002573.SZ,清新环境,20230704,,Y
801970.SI,环保,801971.SI,环境治理,859712.SI,水务及水治理,605081.SH,太和水,20210730,,Y
801970.SI,环保,801971.SI,环境治理,859712.SI,水务及水治理,301519.SZ,舜禹股份,20230714,,Y
801970.SI,环保,801971.SI,环境治理,859712.SI,水务及水治理,301372.SZ,科净源,20230731,,Y
801970.SI,环保,801971.SI,环境治理,859711.SI,大气治理,003027.SZ,同兴环保,20201207,,Y
801970.SI,环保,801971.SI,环境治理,859712.SI,水务及水治理,300388.SZ,节能国祯,20140207,,Y
801970.SI,环保,801971.SI,环境治理,859713.SI,固废治理,603588.SH,高能环境,20140120,,Y
801970.SI,环保,801971.SI,环境治理,859712.SI,水务及水治理,300334.SZ,津膜科技,20120130,,Y
801970.SI,环保,801971.SI,环境治理,859711.SI,大气治理,603177.SH,德创环保,20170116,,Y
801970.SI,环保,801971.SI,环境治理,859712.SI,水务及水治理,300422.SZ,博世科,20150216,,Y
801970.SI,环保,801971.SI,环境治理,859713.SI,固废治理,001230.SZ,劲旅环境,20220701,,Y
801970.SI,环保,801971.SI,环境治理,859713.SI,固废治理,000885.SZ,城发环境,20240517,,Y
801970.SI,环保,801971.SI,环境治理,859713.SI,固废治理,000546.SZ,金圆股份,20240730,,Y
801970.SI,环保,801971.SI,环境治理,859713.SI,固废治理,300140.SZ,节能环境,20240730,,Y
801970.SI,环保,801971.SI,环境治理,859713.SI,固废治理,301500.SZ,飞南资源,20240730,,Y
