l1_code,l1_name,l2_code,l2_name,l3_code,l3_name,ts_code,name,in_date,out_date,is_new,PC50,PC120,PC250
801010.SI,农林牧渔,801012.SI,农产品加工,850154.SI,其他农产品加工,000930.SZ,中粮科技,20110110,,Y,0.15984,-0.03094,-0.12112
801010.SI,农林牧渔,801012.SI,农产品加工,850154.SI,其他农产品加工,600737.SH,中粮糖业,20170629,,Y,0.13395,0.02827,0.31989
801010.SI,农林牧渔,801012.SI,农产品加工,850152.SI,粮油加工,300999.SZ,金龙鱼,20200921,,Y,0.22575,0.11439,0.00209
801010.SI,农林牧渔,801012.SI,农产品加工,850151.SI,果蔬加工,605198.SH,安德利,20200909,,Y,0.06882,-0.39616,0.31511
801010.SI,农林牧渔,801012.SI,农产品加工,850151.SI,果蔬加工,600251.SH,冠农股份,20170522,,Y,0.03014,-0.0517,-0.1215
801010.SI,农林牧渔,801012.SI,农产品加工,850154.SI,其他农产品加工,002481.SZ,双塔食品,20210730,,Y,0.09471,0.20048,0.1347
