l1_code,l1_name,l2_code,l2_name,l3_code,l3_name,ts_code,name,in_date,out_date,is_new,PC50,PC120,PC250
801880.SI,汽车,801881.SI,摩托车及其他,858812.SI,摩托车,601777.SH,力帆科技,20101115,,Y,0.54415,1.04747,0.76294
801880.SI,汽车,801881.SI,摩托车及其他,858811.SI,其他运输设备,603529.SH,爱玛科技,20210531,,Y,0.2735,0.06842,0.322
801880.SI,汽车,801881.SI,摩托车及其他,858811.SI,其他运输设备,689009.SH,九号公司-WD,20201029,,Y,0.05369,0.31052,0.36958
801880.SI,汽车,801881.SI,摩托车及其他,858812.SI,摩托车,603129.SH,春风动力,20210730,,Y,0.0963,0.11273,0.14341
801880.SI,汽车,801881.SI,摩托车及其他,858812.SI,摩托车,603766.SH,隆鑫通用,20210730,,Y,0.29968,0.26575,0.43554
801880.SI,汽车,801881.SI,摩托车及其他,858812.SI,摩托车,000913.SZ,钱江摩托,20210730,,Y,0.22288,0.20143,0.36156
