l1_code,l1_name,l2_code,l2_name,l3_code,l3_name,ts_code,name,in_date,out_date,is_new,PC50,PC120,PC250
801130.SI,纺织服饰,801133.SI,饰品,851331.SI,钟表珠宝,600612.SH,老凤祥,19920814,,Y,0.0905,-0.24681,-0.03943
801130.SI,纺织服饰,801133.SI,饰品,851331.SI,钟表珠宝,002867.SZ,周大生,20170419,,Y,0.05085,-0.21728,-0.26005
801130.SI,纺织服饰,801133.SI,饰品,851331.SI,钟表珠宝,600916.SH,中国黄金,20210125,,Y,0.02368,-0.10718,-0.13606
801130.SI,纺织服饰,801133.SI,饰品,851331.SI,钟表珠宝,605599.SH,菜百股份,20210820,,Y,-0.05585,-0.18585,-0.20849
